run,type,x,loss,elapsed_s,iter_time_ms,mfu_percent
losses_4u,iter,0,4.259040832519531,2.0207345485687256,,
losses_4u,iter,10,3.1542787551879883,2.1984548568725586,,5.72330257661354
losses_4u,iter,20,2.727567672729492,2.3587899208068848,,5.883694576060165
losses_4u,iter,30,2.580655097961426,2.516256332397461,,6.079234882318342
losses_4u,iter,40,2.5512590408325195,2.6741750240325928,,6.243722471684274
losses_4u,iter,50,2.5304455757141113,2.8294026851654053,,6.402678499581664
losses_4u,iter,60,2.5283455848693848,2.9859232902526855,,6.5334194773023855
losses_4u,iter,70,2.4963974952697754,3.1401612758636475,,6.668925208001474
losses_4u,iter,80,2.472210168838501,3.294569969177246,,6.798210259494408
losses_4u,iter,90,2.4499475955963135,3.457132577896118,,6.66630490378214
losses_4u,iter,100,2.4118354320526123,3.6152889728546143,,6.201239655531827
losses_4u,iter,110,2.490175247192383,3.7705976963043213,,6.374077786830595
losses_4u,iter,120,2.4386353492736816,3.9264533519744873,,6.52770564729972
losses_4u,iter,130,2.394655227661133,4.081994533538818,,6.6617652883831715
losses_4u,iter,140,2.3921568393707275,4.237555980682373,,6.778210980081319
losses_4u,iter,150,2.4084839820861816,4.3948588371276855,,6.88090155527101
losses_4u,iter,160,2.3549437522888184,4.551465749740601,,6.969938858280107
losses_4u,iter,170,2.3822906017303467,4.708238840103149,,7.0501806423270335
losses_4u,iter,180,2.3180932998657227,4.863786220550537,,7.13019059304818
losses_4u,iter,190,2.2576839923858643,5.018505334854126,,7.211536190264048
losses_4u,iter,200,2.2350265979766846,5.174939155578613,,6.696188252325881
losses_4u,iter,210,2.175774097442627,5.330545663833618,,6.82641414275927
losses_4u,iter,220,2.146674156188965,5.487590551376343,,6.925283536553649
losses_4u,iter,230,2.1132335662841797,5.64344334602356,,7.016193403183468
losses_4u,iter,240,2.061846971511841,5.7991907596588135,,7.105994244357587
losses_4u,iter,250,2.0453314781188965,8.072236776351929,,6.399697107751906
losses_4u,iter,260,2.0059399604797363,8.194034337997437,,6.5539951659739915
losses_4u,iter,270,1.924717664718628,8.35148811340332,,6.678593141247373
losses_4u,iter,280,1.8809250593185425,8.507848501205444,,6.779512639500311
losses_4u,iter,290,1.9176714420318604,8.664552688598633,,6.906414800349089
losses_4u,iter,300,1.9456942081451416,8.820873975753784,,6.4201814750012725
losses_4u,iter,310,1.8400393724441528,8.978678703308105,,6.574697981044925
losses_4u,iter,320,1.8493704795837402,9.134850025177002,,6.714461693658305
losses_4u,iter,330,1.8178174495697021,9.290489912033081,,6.842026063142049
losses_4u,iter,340,1.8013631105422974,9.449855327606201,,6.967815876917462
losses_4u,iter,350,1.860158920288086,9.607469320297241,,7.072470392855913
losses_4u,iter,360,1.7945504188537598,9.764808416366577,,7.110268723977869
losses_4u,iter,370,1.780120849609375,9.921984672546387,,7.093036165202665
losses_4u,iter,380,1.7139490842819214,10.078342199325562,,7.176920010320299
losses_4u,iter,390,1.6748830080032349,10.233621597290039,,7.249879479608455
losses_4u,iter,400,1.6467820405960083,10.390606880187988,,6.729110583738193
losses_4u,iter,410,1.7914623022079468,10.546317338943481,,6.84436296507638
losses_4u,iter,420,1.6772066354751587,10.702413082122803,,6.950066493852523
losses_4u,iter,430,1.6336148977279663,10.858057975769043,,7.05592100623416
losses_4u,iter,440,1.6470483541488647,11.014407396316528,,7.132465472995703
losses_4u,iter,450,1.6425257921218872,11.170175790786743,,7.208831810126805
losses_4u,iter,460,1.6813887357711792,11.32592487335205,,7.278648100130678
losses_4u,iter,470,1.5926676988601685,11.481525659561157,,7.350611632634305
losses_4u,iter,480,1.6062977313995361,11.636679887771606,,7.4067302681009135
losses_4u,iter,490,1.6106144189834595,11.792472839355469,,7.460454198905603
losses_4u,iter,500,1.571358561515808,14.076400756835938,,6.718688382314775
losses_4u,iter,510,1.607589602470398,14.197662830352783,,6.783173514161375
losses_4u,iter,520,1.5994402170181274,14.355947732925415,,6.886945763423453
losses_4u,iter,530,1.5684142112731934,14.511446714401245,,6.999950396311938
losses_4u,iter,540,1.5324993133544922,14.667107105255127,,7.097335295055124
losses_4u,iter,550,1.618664264678955,14.825142621994019,,7.189120071126928
losses_4u,iter,560,1.5755976438522339,14.983015537261963,,7.1768638977746875
losses_4u,iter,570,1.6517680883407593,15.141444206237793,,7.211452568361936
losses_4u,iter,580,1.5433993339538574,15.302508115768433,,7.198358964394977
losses_4u,iter,590,1.4911680221557617,15.46872091293335,,6.928039460545107
losses_4u,iter,600,1.515576958656311,15.625405073165894,,6.443530630014917
losses_4u,iter,610,1.5877827405929565,15.779337167739868,,6.595663508800015
losses_4u,iter,620,1.5979520082473755,15.934895515441895,,6.736564550370291
losses_4u,iter,630,1.4928576946258545,16.09650683403015,,6.8398346698750885
losses_4u,iter,640,1.4854497909545898,16.250820636749268,,6.954486113366751
losses_4u,iter,650,1.4017236232757568,16.414763689041138,,6.844137823392825
losses_4u,iter,660,1.499162197113037,16.572357654571533,,6.950535536363674
losses_4u,iter,670,1.4861557483673096,16.73434352874756,,6.983114564206747
losses_4u,iter,680,1.488504409790039,16.888180017471313,,7.086930232260687
losses_4u,iter,690,1.4425538778305054,17.04638409614563,,7.183190121277777
losses_4u,iter,700,1.4709248542785645,17.41989278793335,,6.501178228102393
losses_4u,iter,710,1.4176390171051025,17.581440925598145,,6.496629342577907
losses_4u,iter,720,1.5015822649002075,17.7406325340271,,6.512935632119042
losses_4u,iter,730,1.413550853729248,17.897969961166382,,6.666445759205248
losses_4u,iter,740,1.396173357963562,18.05292510986328,,6.796352075404983
losses_4u,iter,750,1.4855093955993652,20.215922117233276,,6.1212553236281115
losses_4u,iter,760,1.3603073358535767,20.336211919784546,,6.267008064183213
losses_4u,iter,770,1.4365755319595337,20.506500720977783,,6.197911070418776
losses_4u,iter,780,1.4391405582427979,20.663734674453735,,6.370824657235348
losses_4u,iter,790,1.4626312255859375,20.820935010910034,,6.460454507106854
losses_4u,iter,800,1.3865091800689697,20.980587482452393,,6.0515018266984955
losses_4u,iter,810,1.4269933700561523,21.135016202926636,,6.237563485356288
losses_4u,iter,820,1.383781909942627,21.30359721183777,,6.234901326209825
losses_4u,iter,830,1.3634978532791138,21.46187448501587,,6.363035046318203
losses_4u,iter,840,1.4110450744628906,21.618648767471313,,6.461990839785457
losses_4u,iter,850,1.4086583852767944,21.77468252182007,,6.607035642327698
losses_4u,iter,860,1.3522303104400635,21.93022084236145,,6.739938414372358
losses_4u,iter,870,1.3469103574752808,22.08725595474243,,6.807033174878923
losses_4u,iter,880,1.402884840965271,22.243009328842163,,6.915751301178948
losses_4u,iter,890,1.3361879587173462,22.40604066848755,,6.824597444365439
losses_4u,iter,900,1.4179672002792358,22.563988208770752,,6.350155579524934
losses_4u,iter,910,1.3545856475830078,22.718746423721313,,6.498405484652446
losses_4u,iter,920,1.3557157516479492,22.8741397857666,,6.632411794780156
losses_4u,iter,930,1.3403421640396118,23.029765129089355,,6.748048605141331
losses_4u,iter,940,1.3993991613388062,23.186399698257446,,6.853739826612834
losses_4u,iter,950,1.3597615957260132,23.35360622406006,,6.848205322668218
losses_4u,iter,960,1.370427131652832,23.510061264038086,,6.954388401225814
losses_4u,iter,970,1.3946576118469238,23.664581060409546,,7.047415192427681
losses_4u,iter,980,1.3451299667358398,23.819308042526245,,7.11650743616287
losses_4u,iter,990,1.3019685745239258,23.974589347839355,,7.205045399263554
losses_4u,iter,1000,1.38898503780365,26.650192975997925,,6.488168460263391
losses_4u,iter,1010,1.3537007570266724,26.77086615562439,,6.628406389476014
losses_4u,iter,1020,1.398507833480835,26.927211046218872,,6.755801458810167
losses_4u,iter,1030,1.346116065979004,27.08317232131958,,6.866212629947174
losses_4u,iter,1040,1.3428449630737305,27.242541790008545,,6.766220214040258
losses_4u,iter,1050,1.3844361305236816,27.407186269760132,,6.881644053459711
losses_4u,iter,1060,1.4017374515533447,27.562082290649414,,6.993602809915861
losses_4u,iter,1070,1.3547471761703491,27.717267990112305,,7.090063339977556
losses_4u,iter,1080,1.3356057405471802,27.872785568237305,,7.172685637385336
losses_4u,iter,1090,1.2991485595703125,28.028358936309814,,7.255114455097159
losses_4u,iter,1100,1.3049912452697754,28.185097694396973,,6.7358649960642225
losses_4u,iter,1110,1.3096104860305786,28.340072870254517,,6.867563211220435
losses_4u,iter,1120,1.2708563804626465,28.49508786201477,,6.980013549270864
losses_4u,iter,1130,1.3237067461013794,28.6504385471344,,7.072247902625531
losses_4u,iter,1140,1.2781175374984741,28.805870294570923,,7.166212711286104
losses_4u,iter,1150,1.2998547554016113,28.963833808898926,,7.0279279463783775
losses_4u,iter,1160,1.2707014083862305,29.118569135665894,,7.129524626774157
losses_4u,iter,1170,1.2244677543640137,29.275176286697388,,7.208280997787027
losses_4u,iter,1180,1.2707122564315796,29.434561729431152,,7.113623419335316
losses_4u,iter,1190,1.2863714694976807,29.59026312828064,,6.9681998717280145
losses_4u,iter,1200,1.287076711654663,29.74652099609375,,6.476333799579777
losses_4u,iter,1210,1.3653627634048462,29.901747941970825,,6.6373182664819605
losses_4u,iter,1220,1.2373093366622925,30.05898427963257,,6.763950028317521
losses_4u,iter,1230,1.2544597387313843,30.216074466705322,,6.880324054424676
losses_4u,iter,1240,1.2784096002578735,30.372872352600098,,6.983487468686627
losses_4u,iter,1250,1.3060859441757202,32.874608278274536,,6.289030587659611
losses_4u,iter,1260,1.2794504165649414,32.995147466659546,,6.442828137072396
losses_4u,iter,1270,1.266678810119629,33.151780128479004,,6.595551164591555
losses_4u,iter,1280,1.2622321844100952,33.30647587776184,,6.724445768858104
losses_4u,iter,1290,1.2678611278533936,33.46300721168518,,6.833074563959399
losses_4u,iter,1300,1.2832694053649902,33.619317054748535,,6.360135832347331
losses_4u,iter,1310,1.2598228454589844,33.77385210990906,,6.50696399462527
losses_4u,iter,1320,1.2256754636764526,33.929291009902954,,6.644160849186316
losses_4u,iter,1330,1.3052703142166138,34.08459949493408,,6.769453403843305
losses_4u,iter,1340,1.1993850469589233,34.240294456481934,,6.8824402220478795
losses_4u,iter,1350,1.2621153593063354,34.39607119560242,,6.9799978280691235
losses_4u,iter,1360,1.2494118213653564,34.552297830581665,,7.058230053373364
losses_4u,iter,1370,1.3199483156204224,34.70768094062805,,7.142115687611648
losses_4u,iter,1380,1.2247605323791504,34.86172151565552,,7.211200986664183
losses_4u,iter,1390,1.315015196800232,35.01782178878784,,7.280268651871872
losses_4u,iter,1400,1.2330735921859741,35.17534852027893,,6.756179436667894
losses_4u,iter,1410,1.2844668626785278,35.3306622505188,,6.874861555213359
losses_4u,iter,1420,1.2164641618728638,35.486990451812744,,6.9640857537380025
losses_4u,iter,1430,1.2254568338394165,35.642136335372925,,7.0595946140698915
losses_4u,iter,1440,1.2043120861053467,35.79633831977844,,7.136100645008611
losses_4u,iter,1450,1.1817044019699097,35.95096778869629,,7.212151339608052
losses_4u,iter,1460,1.231724500656128,36.10649657249451,,7.289603765442084
losses_4u,iter,1470,1.259788155555725,36.262454986572266,,7.350607489103757
losses_4u,iter,1480,1.2687846422195435,36.417689085006714,,7.401901883493232
losses_4u,iter,1490,1.2178621292114258,36.574455976486206,,7.452139239250622
losses_4u,iter,1500,1.2121065855026245,38.84982943534851,,6.711222801133876
losses_4u,iter,1510,1.212113618850708,38.97084426879883,,6.833964846273098
losses_4u,iter,1520,1.2147259712219238,39.127591609954834,,6.948518252596305
losses_4u,iter,1530,1.2677022218704224,39.283475399017334,,7.0460496023576225
losses_4u,iter,1540,1.232496738433838,39.44063925743103,,7.13648817371781
losses_4u,iter,1550,1.2489726543426514,39.59637999534607,,7.216526296163677
losses_4u,iter,1560,1.153478741645813,39.75233578681946,,7.280390933194199
losses_4u,iter,1570,1.2256580591201782,39.90776801109314,,7.3449761295650715
losses_4u,iter,1580,1.217814564704895,40.062551736831665,,7.416860123086523
losses_4u,iter,1590,1.222031593322754,40.21832203865051,,7.480492020837703
losses_4u,iter,1600,1.1624730825424194,40.37503504753113,,6.932048507498048
losses_4u,iter,1610,1.2505148649215698,40.53048777580261,,7.0284405842456765
losses_4u,iter,1620,1.2356914281845093,40.68613314628601,,7.113140402633294
losses_4u,iter,1630,1.2026164531707764,40.8415367603302,,7.184966231693364
losses_4u,iter,1640,1.202262282371521,40.99727201461792,,7.244122947435798
losses_4u,iter,1650,1.152497410774231,41.15293025970459,,7.316635214895872
losses_4u,iter,1660,1.1701256036758423,41.3081271648407,,7.375799194778216
losses_4u,iter,1670,1.164955973625183,41.464410066604614,,7.423294610554931
losses_4u,iter,1680,1.212546467781067,41.61983060836792,,7.495177335051722
losses_4u,iter,1690,1.1381709575653076,41.775431632995605,,7.544555781318428
losses_4u,iter,1700,1.149889349937439,41.93248176574707,,6.994134763995169
losses_4u,iter,1710,1.1504333019256592,42.0889036655426,,7.069291392271787
losses_4u,iter,1720,1.1470013856887817,42.24566698074341,,7.161176767801074
losses_4u,iter,1730,1.1198285818099976,42.402007818222046,,7.243318726142281
losses_4u,iter,1740,1.1647603511810303,42.55865287780762,,7.3035104733233105
losses_4u,iter,1750,1.2385708093643188,44.84103012084961,,6.57744068319375
losses_4u,iter,1760,1.2079541683197021,44.96255826950073,,6.697396389167939
losses_4u,iter,1770,1.1969188451766968,45.12101864814758,,6.725316144238878
losses_4u,iter,1780,1.1382176876068115,45.27846622467041,,6.78030872376507
losses_4u,iter,1790,1.1945629119873047,45.43683314323425,,6.81298258901126
losses_4u,iter,1800,1.1384971141815186,45.595064640045166,,6.3295493949821795
losses_4u,iter,1810,1.2155734300613403,45.75215673446655,,6.506855630057455
losses_4u,iter,1820,1.184949278831482,45.90897464752197,,6.5861271795422835
losses_4u,iter,1830,1.177286148071289,46.06433653831482,,6.715677901300062
losses_4u,iter,1840,1.1853302717208862,46.220704793930054,,6.838846388940029
losses_4u,iter,1850,1.1590945720672607,46.37697792053223,,6.888261571007363
losses_4u,iter,1860,1.1302478313446045,46.53253674507141,,6.9818852368857005
losses_4u,iter,1870,1.1551520824432373,46.68740630149841,,7.091796118799558
losses_4u,iter,1880,1.2090482711791992,46.84300971031189,,7.162645142009399
losses_4u,iter,1890,1.2225360870361328,46.99962544441223,,7.236808171915171
losses_4u,iter,1900,1.2341701984405518,47.161957025527954,,6.725925001732759
losses_4u,iter,1910,1.1966307163238525,47.3201961517334,,6.847503406664932
losses_4u,iter,1920,1.2407656908035278,47.47679805755615,,6.965127272509918
losses_4u,iter,1930,1.1228059530258179,47.63700985908508,,7.061383574197833
losses_4u,iter,1940,1.138532042503357,47.7948362827301,,7.1420595779267435
losses_4u,iter,1950,1.1338756084442139,47.95080041885376,,7.218617101146049
losses_4u,iter,1960,1.1688016653060913,48.10516548156738,,7.276130540339944
losses_4u,iter,1970,1.1155279874801636,48.27702045440674,,7.310697853820833
losses_4u,iter,1980,1.2011960744857788,48.4353768825531,,7.379964290484694
losses_4u,iter,1990,1.135409951210022,48.59335947036743,,7.432459371517211
losses_4u,iter,2000,1.087927222251892,50.41994786262512,,6.6946509149761315
losses_4u,iter,2010,1.1094642877578735,50.54342198371887,,6.827362352185978
losses_4u,iter,2020,1.119013786315918,50.70519995689392,,6.930096010025498
losses_4u,iter,2030,1.0994983911514282,50.86070275306702,,7.031386471235201
losses_4u,iter,2040,1.108621597290039,51.017197370529175,,7.120036876339435
losses_4u,iter,2050,1.127358317375183,51.19011998176575,,7.203368022102259
losses_4u,iter,2060,1.1759175062179565,51.3742139339447,,7.274451401384499
losses_4u,iter,2070,1.1033357381820679,51.53467011451721,,7.107192276246738
losses_4u,iter,2080,1.1180826425552368,51.69443655014038,,6.93691614253029
losses_4u,iter,2090,1.1184366941452026,51.85025143623352,,7.03264597206518
losses_4u,iter,2100,1.152432918548584,52.00974941253662,,6.543721084556744
losses_4u,iter,2110,1.1405441761016846,52.16606950759888,,6.683406903188883
losses_4u,iter,2120,1.1004235744476318,52.32776975631714,,6.6202208509191705
losses_4u,iter,2130,1.1526051759719849,52.48461151123047,,6.746553036443512
losses_4u,iter,2140,1.1371465921401978,52.641271352767944,,6.852237936914976
losses_4u,iter,2150,1.1530460119247437,52.796773195266724,,6.955145786766383
losses_4u,iter,2160,1.0929034948349,52.95492196083069,,7.063937891230257
losses_4u,iter,2170,1.1101555824279785,53.111987829208374,,7.153527037717128
losses_4u,iter,2180,1.1105756759643555,53.268306255340576,,7.225273996729867
losses_4u,iter,2190,1.14178466796875,53.43284058570862,,7.10488893798189
losses_4u,iter,2200,1.0906553268432617,53.59141683578491,,6.598864890963764
losses_4u,iter,2210,1.0953260660171509,53.749589920043945,,6.59558038752089
losses_4u,iter,2220,1.130953073501587,53.90749216079712,,6.5992784064887635
losses_4u,iter,2230,1.1417971849441528,54.06184220314026,,6.7434255223209245
losses_4u,iter,2240,1.1181195974349976,54.21770095825195,,6.876330901171906
losses_4u,iter,2250,1.124057412147522,56.26406407356262,,6.193522240142865
losses_4u,iter,2260,1.1263984441757202,56.390066385269165,,6.363639311373931
losses_4u,iter,2270,1.0988900661468506,56.5462806224823,,6.515804660377866
losses_4u,iter,2280,1.0735539197921753,56.70648455619812,,6.563069022819475
losses_4u,iter,2290,1.1211237907409668,56.86417269706726,,6.7051522462099555
losses_4u,iter,2300,1.083702802658081,57.021811962127686,,6.239023791202668
losses_4u,iter,2310,1.0820918083190918,57.18293476104736,,6.204360054222094
losses_4u,iter,2320,1.0651323795318604,57.33865809440613,,6.386281778439964
losses_4u,iter,2330,1.0940593481063843,57.4970223903656,,6.456206015369706
losses_4u,iter,2340,1.142885684967041,57.671674728393555,,6.311321212375385
losses_4u,iter,2350,1.0703858137130737,57.83163261413574,,6.458090149517297
losses_4u,iter,2360,1.0637766122817993,57.99045944213867,,6.6009377431739065
losses_4u,iter,2370,1.02561616897583,58.14625668525696,,6.7266297938159525
losses_4u,iter,2380,1.0340641736984253,58.30510449409485,,6.75948701739716
losses_4u,iter,2390,1.1037428379058838,58.4605610370636,,6.8760339925996785
losses_4u,iter,2400,1.122531771659851,58.6169171333313,,6.4018058000954445
losses_4u,iter,2410,1.1070950031280518,58.778579235076904,,6.547743047184526
losses_4u,iter,2420,1.0703054666519165,58.935561180114746,,6.663521414883747
losses_4u,iter,2430,1.1530851125717163,59.09000778198242,,6.78982572279555
losses_4u,iter,2440,1.0544861555099487,59.24655866622925,,6.914851923902892
losses_4u,iter,2450,1.123418927192688,59.40224242210388,,7.019966343335127
losses_4u,iter,2460,1.0394885540008545,59.55865144729614,,7.094109202074654
losses_4u,iter,2470,1.106201410293579,59.71545743942261,,7.1205530101108705
losses_4u,iter,2480,1.0614631175994873,59.87422966957092,,7.109939540963111
losses_4u,iter,2490,1.079809308052063,60.03070688247681,,7.18599768501125
losses_4u,iter,2500,1.0858665704727173,61.84084463119507,,6.472870169108415
losses_4u,iter,2510,1.0437703132629395,61.96491599082947,,6.462574533868011
losses_4u,iter,2520,1.0493338108062744,62.12246108055115,,6.5949001818737445
losses_4u,iter,2530,1.0329266786575317,62.279783725738525,,6.699662767310486
losses_4u,iter,2540,1.027671456336975,62.435927867889404,,6.807613036665865
losses_4u,iter,2550,1.0818495750427246,62.593815326690674,,6.863261216211668
losses_4u,iter,2560,1.0638571977615356,62.75330853462219,,6.979507076356234
losses_4u,iter,2570,1.0289770364761353,62.90991401672363,,7.074052045662844
losses_4u,iter,2580,1.0829706192016602,63.08074879646301,,7.160979199149844
losses_4u,iter,2590,1.0377455949783325,63.236353635787964,,7.240685881464747
losses_4u,iter,2600,1.0315768718719482,63.39338421821594,,6.720099315202997
losses_4u,iter,2610,1.092333436012268,63.54861307144165,,6.858148975677618
losses_4u,iter,2620,1.088887333869934,63.706682205200195,,6.961739572700995
losses_4u,iter,2630,1.02816903591156,63.86268091201782,,7.048799676295327
losses_4u,iter,2640,1.0349125862121582,64.02178478240967,,7.13676917114186
losses_4u,iter,2650,1.0741897821426392,64.17755818367004,,7.228974903154871
losses_4u,iter,2660,1.0555400848388672,64.33279585838318,,7.292860086572957
losses_4u,iter,2670,1.050218939781189,64.48748826980591,,7.35092751590625
losses_4u,iter,2680,1.0040028095245361,64.64658164978027,,7.413003213335967
losses_4u,iter,2690,1.056749701499939,64.8021240234375,,7.460598352353748
losses_4u,iter,2700,1.024734616279602,64.95828318595886,,6.922576333044146
losses_4u,iter,2710,1.0567222833633423,65.11349701881409,,7.018307292263337
losses_4u,iter,2720,0.9879879355430603,65.27126359939575,,7.110227997476475
losses_4u,iter,2730,1.0157182216644287,65.42871594429016,,7.18020050765473
losses_4u,iter,2740,1.0447174310684204,65.59173512458801,,7.2612727008413795
losses_4u,iter,2750,1.0043458938598633,67.41958713531494,,6.54055779566915
losses_4u,iter,2760,1.0019774436950684,67.54024982452393,,6.700341098799234
losses_4u,iter,2770,1.0577340126037598,67.6975588798523,,6.826922841966998
losses_4u,iter,2780,0.9735037088394165,67.85483598709106,,6.944681551568734
losses_4u,iter,2790,1.0394302606582642,68.01165723800659,,7.024768146343131
losses_4u,iter,2800,0.9972219467163086,68.16868495941162,,6.524405010965813
losses_4u,iter,2810,1.0020060539245605,68.32512283325195,,6.64549187683714
losses_4u,iter,2820,1.0226951837539673,68.48278021812439,,6.756281308042242
losses_4u,iter,2830,1.0485389232635498,68.63905167579651,,6.8658231702103665
losses_4u,iter,2840,0.991290271282196,68.79851484298706,,6.854323170482308
losses_4u,iter,2850,0.9300851821899414,68.95436143875122,,6.96035912900851
losses_4u,iter,2860,1.0343387126922607,69.10973620414734,,7.035332043786546
losses_4u,iter,2870,0.9662440419197083,69.26593255996704,,7.1064918039626335
losses_4u,iter,2880,1.0690630674362183,69.42296576499939,,7.1663193225781034
losses_4u,iter,2890,0.9995404481887817,69.57858633995056,,7.246433197014481
losses_4u,iter,2900,1.0056434869766235,69.73505854606628,,6.7302995249459405
losses_4u,iter,2910,0.9812555313110352,69.8901572227478,,6.860253899303172
losses_4u,iter,2920,0.984492301940918,70.04636240005493,,6.966981453562661
losses_4u,iter,2930,1.0105220079421997,70.2067756652832,,7.062939757606573
losses_4u,iter,2940,0.9817466139793396,70.3630018234253,,7.132230647467478
losses_4u,iter,2950,1.002233624458313,70.5190019607544,,7.21245276102231
losses_4u,iter,2960,1.0117077827453613,70.6742913722992,,7.262246742153093
losses_4u,iter,2970,0.9982821941375732,70.83023762702942,,7.32494938611981
losses_4u,iter,2980,1.0107653141021729,70.98563814163208,,7.383650267212246
losses_4u,iter,2990,1.0185697078704834,71.14247345924377,,7.4406038848543785
losses_4u,iter,3000,0.998350203037262,72.93822193145752,,6.7020614344004485
losses_4u,iter,3010,0.9954565763473511,73.05984663963318,,6.828861132186804
losses_4u,iter,3020,1.0079383850097656,73.21627473831177,,6.938551073986236
losses_4u,iter,3030,1.0131936073303223,73.37301921844482,,7.031035284349753
losses_4u,iter,3040,0.9513156414031982,73.5290515422821,,7.126354510891236
losses_4u,iter,3050,1.001060128211975,73.68569040298462,,7.206279037900715
losses_4u,iter,3060,0.9960518479347229,73.84172344207764,,7.272243736938799
losses_4u,iter,3070,0.9880041480064392,73.99785661697388,,7.328661849411847
losses_4u,iter,3080,1.0092769861221313,74.15381693840027,,7.40040047821591
losses_4u,iter,3090,1.0163700580596924,74.31370449066162,,7.441418188720815
losses_4u,iter,3100,1.008461594581604,74.47641491889954,,6.881018584025604
losses_4u,iter,3110,0.9908583164215088,74.63887238502502,,6.827301852675421
losses_4u,iter,3120,0.9685387015342712,74.80063652992249,,6.752939349156155
losses_4u,iter,3130,0.9575507044792175,74.9792468547821,,6.865173417632383
losses_4u,iter,3140,0.9949382543563843,75.14130663871765,,6.80473629571729
losses_4u,iter,3150,0.9137989282608032,75.30234169960022,,6.797112922048488
losses_4u,iter,3160,0.964741587638855,75.46578526496887,,6.787310148665464
losses_4u,iter,3170,0.9605279564857483,75.6274299621582,,6.738586298704559
losses_4u,iter,3180,0.9863868951797485,75.7892074584961,,6.702332341815222
losses_4u,iter,3190,0.9480964541435242,75.95156002044678,,6.654182158793294
losses_4u,iter,3200,1.001308560371399,76.1156485080719,,6.166750925477525
losses_4u,iter,3210,0.9597367644309998,76.27844142913818,,6.146883701696409
losses_4u,iter,3220,0.9508895874023438,76.44060778617859,,6.234544999163212
losses_4u,iter,3230,0.9259822368621826,76.60200905799866,,6.26765938448102
losses_4u,iter,3240,0.9957969188690186,76.7636547088623,,6.297749312489158
losses_4u,iter,3250,0.9528093338012695,78.56977701187134,,5.673457967196882
losses_4u,iter,3260,0.9184482097625732,78.6946485042572,,5.906989747706434
losses_4u,iter,3270,0.9850046038627625,78.85869693756104,,5.8619872626535745
losses_4u,iter,3280,0.9872518181800842,79.02119636535645,,5.898178774374183
losses_4u,iter,3290,0.9269932508468628,79.18386745452881,,5.9180290775678195
losses_4u,iter,3300,0.9184640645980835,79.34700179100037,,5.508337799440604
losses_4u,iter,3310,0.8975348472595215,79.5089693069458,,5.5652944304768965
losses_4u,iter,3320,0.9611679315567017,79.67087745666504,,5.637140901875702
losses_4u,iter,3330,0.9070526361465454,79.83229637145996,,5.683190137014811
losses_4u,iter,3340,0.9149970412254333,79.99361515045166,,5.784986450122855
losses_4u,iter,3350,0.9832934737205505,80.15577530860901,,5.815282045688367
losses_4u,iter,3360,0.9838600158691406,80.31820106506348,,5.821105799995151
losses_4u,iter,3370,0.9337048530578613,80.48091053962708,,5.852357663251468
losses_4u,iter,3380,0.8998255133628845,80.64297103881836,,5.903376812417006
losses_4u,iter,3390,0.9444513916969299,80.80448579788208,,5.9333149496964355
losses_4u,iter,3400,1.0113558769226074,80.967928647995,,5.5211905354198665
losses_4u,iter,3410,0.9171779751777649,81.13215517997742,,5.542056397193435
losses_4u,iter,3420,0.9580603241920471,81.29380297660828,,5.6129793810646875
losses_4u,iter,3430,0.9298197031021118,81.45612001419067,,5.638019783849046
losses_4u,iter,3440,0.9242979288101196,81.61681866645813,,5.761459061317432
losses_4u,iter,3450,0.9102799296379089,81.77793073654175,,5.867157605141765
losses_4u,iter,3460,0.9501792788505554,81.94103670120239,,5.862283524973709
losses_4u,iter,3470,1.0030807256698608,82.10321640968323,,5.945573402060172
losses_4u,iter,3480,0.9525579810142517,82.26425457000732,,6.021718038651103
losses_4u,iter,3490,0.9095286726951599,82.42678213119507,,6.025254365070815
losses_4u,iter,3500,0.9691763520240784,84.22883415222168,,5.428228633095731
losses_4u,iter,3510,0.9073342680931091,84.35381984710693,,5.679463696873972
losses_4u,iter,3520,0.901964008808136,84.51660132408142,,5.700489506268321
losses_4u,iter,3530,0.9323825836181641,84.678955078125,,5.747220841996175
losses_4u,iter,3540,0.9222699403762817,84.8404974937439,,5.837278244998309
losses_4u,iter,3550,0.8967125415802002,85.0017945766449,,5.899407477216712
losses_4u,iter,3560,0.8852231502532959,85.16421866416931,,5.9231278053424905
losses_4u,iter,3570,0.9293815493583679,85.32621169090271,,5.955823652502124
losses_4u,iter,3580,0.9417765736579895,85.48874759674072,,5.979063180826238
losses_4u,iter,3590,0.9359546899795532,85.65110778808594,,5.998883011486469
losses_4u,iter,3600,0.9440585970878601,85.81375670433044,,5.581426900650804
losses_4u,iter,3610,0.9206023216247559,85.9760730266571,,5.612487310387922
losses_4u,iter,3620,0.9272089004516602,86.13651013374329,,5.722182416565288
losses_4u,iter,3630,0.9289801120758057,86.2980797290802,,5.808735977108739
losses_4u,iter,3640,0.9319956302642822,86.45943903923035,,5.881378375254609
losses_4u,iter,3650,0.8988581895828247,86.62095594406128,,5.93658788365777
losses_4u,iter,3660,0.8975388407707214,86.78229355812073,,5.988999739673873
losses_4u,iter,3670,0.8835256099700928,86.94345617294312,,6.0321468006789285
losses_4u,iter,3680,0.92592853307724,87.10579252243042,,6.044100417238337
losses_4u,iter,3690,0.9127286672592163,87.27121567726135,,6.021523391571372
losses_4u,iter,3700,0.919681966304779,87.43373537063599,,5.602819091328371
losses_4u,iter,3710,0.904177188873291,87.59569334983826,,5.681466005970051
losses_4u,iter,3720,0.899730920791626,87.7562415599823,,5.798223597637156
losses_4u,iter,3730,0.8938920497894287,87.9181261062622,,5.846070544865938
losses_4u,iter,3740,0.9393810629844666,88.07881450653076,,5.9732557837552385
losses_4u,iter,3750,0.9064713716506958,89.8758053779602,,5.38144447786254
losses_4u,iter,3760,0.8482475280761719,90.00091505050659,,5.634880547910219
losses_4u,iter,3770,0.8960750102996826,90.16494607925415,,5.712733437594732
losses_4u,iter,3780,0.8701832890510559,90.32720732688904,,5.755951158713501
losses_4u,iter,3790,0.8929502367973328,90.4964668750763,,5.617012029702858
losses_4u,iter,3800,0.8716078400611877,90.66247892379761,,5.234764344209645
losses_4u,iter,3810,0.8078637719154358,90.82510280609131,,5.320271924132243
losses_4u,iter,3820,0.8575892448425293,90.98778367042542,,5.58580371029185
losses_4u,iter,3830,0.9287433624267578,91.15025424957275,,5.6497127345004134
losses_4u,iter,3840,0.9328234195709229,91.31184411048889,,5.7254198849555795
losses_4u,iter,3850,0.8099486827850342,91.47466206550598,,5.746142614958092
losses_4u,iter,3860,0.8953782320022583,91.63853240013123,,5.730184549634473
losses_4u,iter,3870,0.8718799948692322,91.80227208137512,,5.726427780937661
losses_4u,iter,3880,0.887496292591095,91.96434950828552,,5.763900621904856
losses_4u,iter,3890,0.8412044048309326,92.12715768814087,,5.766541285722209
losses_4u,iter,3900,0.8912643194198608,92.28995752334595,,5.369858112822307
losses_4u,iter,3910,0.8577797412872314,92.45442175865173,,5.402607127440966
losses_4u,iter,3920,0.9076260924339294,92.6175754070282,,5.451798400942577
losses_4u,iter,3930,0.889474630355835,92.7806339263916,,5.517841311889117
losses_4u,iter,3940,0.8652858734130859,92.94473958015442,,5.551034863395742
losses_4u,iter,3950,0.8802513480186462,93.10764408111572,,5.614694471476764
losses_4u,iter,3960,0.8188436627388,93.27026295661926,,5.667870753541172
losses_4u,iter,3970,0.8673641085624695,93.43236970901489,,5.7433840194594605
losses_4u,iter,3980,0.8263912200927734,93.59877061843872,,5.747647616066477
losses_4u,iter,3990,0.8744879364967346,93.7613377571106,,5.7501598233192786
losses_4u,iter,4000,0.8588305115699768,95.5500557422638,,5.18068534200457
losses_4u,iter,4010,0.8649501800537109,95.67552876472473,,5.446086446678067
losses_4u,iter,4020,0.8797891139984131,95.83751153945923,,5.5110318481925225
losses_4u,iter,4030,0.8161625266075134,96.00129628181458,,5.561348066459191
losses_4u,iter,4040,0.9043852686882019,96.16309356689453,,5.657387557693176
losses_4u,iter,4050,0.8925355076789856,96.32489943504333,,5.733643089896172
losses_4u,iter,4060,0.8578986525535583,96.48684930801392,,5.830693055889533
losses_4u,iter,4070,0.7978527545928955,96.6495623588562,,5.8900402571038715
losses_4u,iter,4080,0.8949447274208069,96.81633567810059,,5.874601516621207
losses_4u,iter,4090,0.847765326499939,96.97877287864685,,5.896723940747081
losses_4u,iter,4100,0.8358698487281799,97.14316296577454,,5.485023936284762
losses_4u,iter,4110,0.8299537301063538,97.30513787269592,,5.572786819086173
losses_4u,iter,4120,0.8859471082687378,97.47088170051575,,5.585766822763366
losses_4u,iter,4130,0.8337651491165161,97.63227152824402,,5.6845985996229285
losses_4u,iter,4140,0.853043258190155,97.79442429542542,,5.715620372142692
losses_4u,iter,4150,0.8670648336410522,97.95696997642517,,5.753184757257255
losses_4u,iter,4160,0.8785375356674194,98.11984872817993,,5.7921737835798766
losses_4u,iter,4170,0.8831731677055359,98.2815592288971,,5.860826778802665
losses_4u,iter,4180,0.8237757086753845,98.44339680671692,,5.877946175183811
losses_4u,iter,4190,0.8713359832763672,98.60680890083313,,5.867923632906949
losses_4u,iter,4200,0.8308072686195374,98.7700252532959,,5.464642205197813
losses_4u,iter,4210,0.8897756934165955,98.93328738212585,,5.559340018814608
losses_4u,iter,4220,0.8242501020431519,99.09606623649597,,5.643381355741773
losses_4u,iter,4230,0.8956543207168579,99.25739693641663,,5.734312797552096
losses_4u,iter,4240,0.9104489684104919,99.41909122467041,,5.793776657752229
losses_4u,iter,4250,0.8407285809516907,101.21109390258789,,5.219928354994729
losses_4u,iter,4260,0.8599130511283875,101.3363184928894,,5.491203499604544
losses_4u,iter,4270,0.8131183981895447,101.49772810935974,,5.564225632651
losses_4u,iter,4280,0.8884503245353699,101.65997838973999,,5.624573619666609
losses_4u,iter,4290,0.8923497796058655,101.82224106788635,,5.67867269209184
losses_4u,iter,4300,0.8366820216178894,101.98515224456787,,5.2945891216610335
losses_4u,iter,4310,0.8737497925758362,102.14792847633362,,5.3658468793945815
losses_4u,iter,4320,0.8408100605010986,102.30965042114258,,5.455282224785514
losses_4u,iter,4330,0.8856644630432129,102.47278022766113,,5.502784606081406
losses_4u,iter,4340,0.8282173871994019,102.64049673080444,,5.529638157707693
losses_4u,iter,4350,0.8349927663803101,102.80183100700378,,5.615885387323225
losses_4u,iter,4360,0.850412905216217,102.96317267417908,,5.673952932331811
losses_4u,iter,4370,0.8410748839378357,103.1254391670227,,5.737266506899807
losses_4u,iter,4380,0.8245655298233032,103.28753876686096,,5.798491987649683
losses_4u,iter,4390,0.8020375967025757,103.4514844417572,,5.98746698282586
losses_4u,iter,4400,0.8628038167953491,103.61621570587158,,5.565884090225056
losses_4u,iter,4410,0.8303542137145996,103.77821922302246,,5.63485466871909
losses_4u,iter,4420,0.8660510182380676,103.93982172012329,,5.8182803189958845
losses_4u,iter,4430,0.8431395292282104,104.10300302505493,,5.819257310220353
losses_4u,iter,4440,0.8690167665481567,104.26513862609863,,5.855526857349748
losses_4u,iter,4450,0.8555322885513306,104.42803764343262,,5.85602229389107
losses_4u,iter,4460,0.8515316843986511,104.59113693237305,,5.8868111475019
losses_4u,iter,4470,0.8235417008399963,104.75777196884155,,5.904101191738094
losses_4u,iter,4480,0.8312636017799377,104.92153120040894,,5.916958339737626
losses_4u,iter,4490,0.8063032031059265,105.08431458473206,,5.9697878325475875
losses_4u,iter,4500,0.8780246376991272,106.8833019733429,,5.378315602469821
losses_4u,iter,4510,0.8148324489593506,107.0076687335968,,5.631695883550482
losses_4u,iter,4520,0.8431726098060608,107.16983342170715,,5.670566578096558
losses_4u,iter,4530,0.8245856761932373,107.33190441131592,,5.8842867394281
losses_4u,iter,4540,0.8295798301696777,107.4939877986908,,5.925763663839012
losses_4u,iter,4550,0.8084264397621155,107.65715003013611,,5.910387515502516
losses_4u,iter,4560,0.8054496049880981,107.82098913192749,,5.890465996686544
losses_4u,iter,4570,0.8530252575874329,107.9835684299469,,5.914541219169928
losses_4u,iter,4580,0.8291354775428772,108.14537000656128,,5.946987942912614
losses_4u,iter,4590,0.7586871385574341,108.30794334411621,,5.99163616742722
losses_4u,iter,4600,0.8139308094978333,108.4721794128418,,5.571706275737059
losses_4u,iter,4610,0.843856692314148,108.63626527786255,,5.5839632588178985
losses_4u,iter,4620,0.8396966457366943,108.79836320877075,,5.6886316462302355
losses_4u,iter,4630,0.8164350986480713,108.95855903625488,,5.89459971012136
losses_4u,iter,4640,0.8511288166046143,109.11906003952026,,6.007855727028418
losses_4u,iter,4650,0.8461856842041016,109.2807924747467,,6.050979421963727
losses_4u,iter,4660,0.8498855233192444,109.4471275806427,,6.037242636691362
losses_4u,iter,4670,0.8226914405822754,109.60922288894653,,6.065022354795612
losses_4u,iter,4680,0.8849374651908875,109.7832579612732,,6.073272225428311
losses_4u,iter,4690,0.8391762971878052,109.94581580162048,,6.073168674291363
losses_4u,iter,4700,0.8312414884567261,110.10818910598755,,5.648252486377301
losses_4u,iter,4710,0.8618382215499878,110.27097654342651,,5.742843880952286
losses_4u,iter,4720,0.8527540564537048,110.43332815170288,,5.959403000938726
losses_4u,iter,4730,0.8264132738113403,110.59391593933105,,6.145145492888127
losses_4u,iter,4740,0.7751920819282532,110.75664782524109,,6.330230132390535
losses_4u,iter,4750,0.8474165201187134,112.55531167984009,,5.702715992141284
losses_4u,iter,4760,0.7543448209762573,112.68068528175354,,5.928232786993899
losses_4u,iter,4770,0.8124321699142456,112.8428008556366,,5.965497950027152
losses_4u,iter,4780,0.8019631505012512,113.00403380393982,,6.012857422662588
losses_4u,iter,4790,0.8135407567024231,113.1647584438324,,6.066665476256482
losses_4u,iter,4800,0.8412097096443176,113.32733702659607,,5.645794392022227
losses_4u,iter,4810,0.8325083255767822,113.49005317687988,,5.679833242110546
losses_4u,iter,4820,0.8494366407394409,113.65323781967163,,5.773275854626643
losses_4u,iter,4830,0.8157273530960083,113.81569051742554,,5.819152530365379
losses_4u,iter,4840,0.7694101333618164,113.97795557975769,,5.864151266262383
losses_4u,iter,4850,0.7815485596656799,114.1391761302948,,5.9298124807623624
losses_4u,iter,4860,0.833145260810852,114.30108785629272,,5.968304596084639
losses_4u,iter,4870,0.8153334856033325,114.46426796913147,,6.008558994788306
losses_4u,iter,4880,0.8486539721488953,114.62812805175781,,5.971925685349663
losses_4u,iter,4890,0.8596610426902771,114.79056358337402,,5.956505490071244
losses_4u,iter,4900,0.8145519495010376,114.9533703327179,,5.542398801898153
losses_4u,iter,4910,0.7904545664787292,115.11512207984924,,5.634732053601155
losses_4u,iter,4920,0.790111780166626,115.27550721168518,,5.772310528728408
losses_4u,iter,4930,0.8137839436531067,115.43714642524719,,5.8428854007545645
losses_4u,iter,4940,0.774840772151947,115.59828352928162,,5.968114272658316
losses_4u,iter,4950,0.7820582389831543,115.75972104072571,,6.034727828163229
losses_4u,iter,4960,0.8729657530784607,115.92067217826843,,6.081324330103299
losses_4u,iter,4970,0.8291370272636414,116.08283257484436,,6.111755248735169
losses_4u,iter,4980,0.8026845455169678,116.24437832832336,,6.1338441381288
losses_4u,iter,4990,0.7810799479484558,116.40639305114746,,6.153590739827773
losses_4u,iter,5000,0.8011106848716736,118.20397424697876,,5.543751740660244
losses_4u,train_step,0,4.288322925567627,1.9435126781463623,,
losses_4u,train_step,250,1.960404634475708,7.5900304317474365,,
losses_4u,train_step,500,1.5304138660430908,13.583153009414673,,
losses_4u,train_step,750,1.3597168922424316,19.850879669189453,,
losses_4u,train_step,1000,1.272007703781128,26.17562747001648,,
losses_4u,train_step,1250,1.2078872919082642,32.378530979156494,,
losses_4u,train_step,1500,1.1495983600616455,38.35476040840149,,
losses_4u,train_step,1750,1.1004009246826172,44.33927011489868,,
losses_4u,train_step,2000,1.0472584962844849,50.40539574623108,,
losses_4u,train_step,2250,1.0055890083312988,56.249415159225464,,
losses_4u,train_step,2500,0.955686628818512,61.82612061500549,,
losses_4u,train_step,2750,0.9069372415542603,67.405189037323,,
losses_4u,train_step,3000,0.8604692816734314,72.92360806465149,,
losses_4u,train_step,3250,0.8115473389625549,78.55452561378479,,
losses_4u,train_step,3500,0.7725471258163452,84.21348237991333,,
losses_4u,train_step,3750,0.732388436794281,89.86095690727234,,
losses_4u,train_step,4000,0.6985978484153748,95.53555178642273,,
losses_4u,train_step,4250,0.667738139629364,101.19654297828674,,
losses_4u,train_step,4500,0.6434657573699951,106.86874294281006,,
losses_4u,train_step,4750,0.6265382170677185,112.5407612323761,,
losses_4u,train_step,5000,0.6087746024131775,118.18940734863281,,
losses_4u,val_step,0,4.281205654144287,1.9435126781463623,,
losses_4u,val_step,250,2.0754566192626953,7.5900304317474365,,
losses_4u,val_step,500,1.7206649780273438,13.583153009414673,,
losses_4u,val_step,750,1.5895687341690063,19.850879669189453,,
losses_4u,val_step,1000,1.5241414308547974,26.17562747001648,,
losses_4u,val_step,1250,1.485776424407959,32.378530979156494,,
losses_4u,val_step,1500,1.4746617078781128,38.35476040840149,,
losses_4u,val_step,1750,1.465572476387024,44.33927011489868,,
losses_4u,val_step,2000,1.48020601272583,50.40539574623108,,
losses_4u,val_step,2250,1.4921329021453857,56.249415159225464,,
losses_4u,val_step,2500,1.4935117959976196,61.82612061500549,,
losses_4u,val_step,2750,1.5126659870147705,67.405189037323,,
losses_4u,val_step,3000,1.527968406677246,72.92360806465149,,
losses_4u,val_step,3250,1.5621404647827148,78.55452561378479,,
losses_4u,val_step,3500,1.5892541408538818,84.21348237991333,,
losses_4u,val_step,3750,1.6185053586959839,89.86095690727234,,
losses_4u,val_step,4000,1.6328297853469849,95.53555178642273,,
losses_4u,val_step,4250,1.651582956314087,101.19654297828674,,
losses_4u,val_step,4500,1.6780117750167847,106.86874294281006,,
losses_4u,val_step,4750,1.7052706480026245,112.5407612323761,,
losses_4u,val_step,5000,1.7190481424331665,118.18940734863281,,
losses,iter,0,4.271370887756348,3.0540194511413574,,
losses,iter,10,3.1476478576660156,3.2222163677215576,,23.2452825821569
losses,iter,20,2.7333414554595947,3.379788875579834,,23.358248006642626
losses,iter,30,2.6156601905822754,3.536179780960083,,23.423960682601113
losses,iter,40,2.5760958194732666,3.691462755203247,,23.52856097321265
losses,iter,50,2.525665044784546,3.843906879425049,,23.630927595527112
losses,iter,60,2.5101401805877686,3.99759578704834,,23.71912969216707
losses,iter,70,2.493720293045044,4.152217388153076,,23.77509265604548
losses,iter,80,2.4949405193328857,4.306284666061401,,23.866185330721954
losses,iter,90,2.464185953140259,4.4596123695373535,,23.9345195557845
losses,iter,100,2.4558656215667725,4.613008975982666,,24.00457217826368
losses,iter,110,2.4545106887817383,4.766690492630005,,24.087228629446887
losses,iter,120,2.429379940032959,4.92049765586853,,24.153793340799506
losses,iter,130,2.4133079051971436,5.072834014892578,,24.237888769487743
losses,iter,140,2.4041759967803955,5.224980354309082,,24.284028262106613
losses,iter,150,2.4085311889648438,5.377735137939453,,24.308266671260455
losses,iter,160,2.3675670623779297,5.530775785446167,,24.366009936162047
losses,iter,170,2.3564279079437256,5.68337607383728,,24.42824430014648
losses,iter,180,2.301300048828125,5.835829496383667,,24.46920439497342
losses,iter,190,2.2393081188201904,5.988909959793091,,24.468973855615907
losses,iter,200,2.2028861045837402,6.1414475440979,,24.51823786788751
losses,iter,210,2.141212224960327,6.292485952377319,,24.530617812196322
losses,iter,220,2.134030818939209,6.444375991821289,,24.603735274545773
losses,iter,230,2.077906847000122,6.595201015472412,,24.63375576594379
losses,iter,240,2.0766162872314453,6.746018409729004,,24.666382128807886
losses,iter,250,2.0310893058776855,9.96571683883667,,22.211828340959666
losses,iter,260,1.9738291501998901,10.118751525878906,,22.447450622656074
losses,iter,270,1.967468023300171,10.27170443534851,,22.684084578269832
losses,iter,280,1.9769608974456787,10.424160718917847,,22.87480061798249
losses,iter,290,1.9155269861221313,10.576415538787842,,23.0684632184873
losses,iter,300,1.8985800743103027,10.728191137313843,,23.22360800328673
losses,iter,310,1.8705506324768066,10.880001783370972,,23.384558144885283
losses,iter,320,1.8552734851837158,11.031980276107788,,23.515328295182787
losses,iter,330,1.8150368928909302,11.183890342712402,,23.67875519534287
losses,iter,340,1.7908539772033691,11.335271835327148,,23.788875227506377
losses,iter,350,1.8252387046813965,11.49159026145935,,23.762436753345114
losses,iter,360,1.7672513723373413,11.645771503448486,,23.861951179663304
losses,iter,370,1.7453831434249878,11.796457767486572,,23.994444539765883
losses,iter,380,1.7260000705718994,11.946849584579468,,24.125596870781717
losses,iter,390,1.7298855781555176,12.095535039901733,,24.246218010018147
losses,iter,400,1.7630244493484497,12.244515180587769,,24.300692340880804
losses,iter,410,1.6932427883148193,12.39402723312378,,24.413406808490173
losses,iter,420,1.7104623317718506,12.542216300964355,,24.525610077336964
losses,iter,430,1.6836594343185425,12.691176176071167,,24.584089339539997
losses,iter,440,1.6558520793914795,12.84019160270691,,24.674892714400887
losses,iter,450,1.6496732234954834,12.988016128540039,,24.760863953051672
losses,iter,460,1.5935871601104736,13.135604619979858,,24.840994457063363
losses,iter,470,1.657126545906067,13.282411575317383,,24.91541345160736
losses,iter,480,1.617945909500122,13.43095326423645,,24.954796731416373
losses,iter,490,1.5912878513336182,13.580416917800903,,24.969389449523945
losses,iter,500,1.6003680229187012,16.843478441238403,,22.484360355999552
losses,iter,510,1.605342984199524,16.99589252471924,,22.689874883936973
losses,iter,520,1.5869258642196655,17.147550106048584,,22.894372937295117
losses,iter,530,1.5559643507003784,17.297892332077026,,23.120462079122213
losses,iter,540,1.6127549409866333,17.448143243789673,,23.310171176644936
losses,iter,550,1.5617148876190186,17.598393440246582,,23.478588849339182
losses,iter,560,1.5615036487579346,17.748661279678345,,23.643385025274576
losses,iter,570,1.5582908391952515,17.89866042137146,,23.814323060415933
losses,iter,580,1.5293660163879395,18.048059701919556,,23.98485028348186
losses,iter,590,1.488889217376709,18.19849681854248,,24.091408650567754
losses,iter,600,1.5137872695922852,18.34771418571472,,24.22728744747372
losses,iter,610,1.5298484563827515,18.497175455093384,,24.307155257483387
losses,iter,620,1.5306861400604248,18.647181749343872,,24.41645464196131
losses,iter,630,1.5097945928573608,18.79585838317871,,24.504504840597914
losses,iter,640,1.4556171894073486,18.94510316848755,,24.56066463449889
losses,iter,650,1.4932193756103516,19.094023942947388,,24.644447971018646
losses,iter,660,1.5015729665756226,19.2421977519989,,24.699828684060144
losses,iter,670,1.4395837783813477,19.391197443008423,,24.765986301514282
losses,iter,680,1.5060606002807617,19.540489196777344,,24.813893921522475
losses,iter,690,1.4545297622680664,19.688010692596436,,24.850868329581825
losses,iter,700,1.4737226963043213,19.83637022972107,,24.92141321015699
losses,iter,710,1.4500682353973389,19.98409342765808,,24.963808368142526
losses,iter,720,1.4389362335205078,20.13271474838257,,24.99855709942279
losses,iter,730,1.4234247207641602,20.282445907592773,,24.99538116776981
losses,iter,740,1.421584963798523,20.431829690933228,,25.02570250648074
losses,iter,750,1.424852967262268,23.47390866279602,,22.535948305100813
losses,iter,760,1.4405317306518555,23.624175786972046,,22.80258531645115
losses,iter,770,1.4229737520217896,23.773895740509033,,23.039311637467033
losses,iter,780,1.3986347913742065,23.923649549484253,,23.25082593565833
losses,iter,790,1.4194049835205078,24.074283123016357,,23.432032048472202
losses,iter,800,1.4244407415390015,24.22389006614685,,23.6279771644128
losses,iter,810,1.399977684020996,24.37502121925354,,23.75672480955059
losses,iter,820,1.4121447801589966,24.525453090667725,,23.868196577248945
losses,iter,830,1.3883763551712036,24.676564931869507,,23.962598362016102
losses,iter,840,1.3983995914459229,24.827394247055054,,24.106188325784135
losses,iter,850,1.3865182399749756,24.976488828659058,,24.207941815754786
losses,iter,860,1.3926239013671875,25.12550711631775,,24.324235024866816
losses,iter,870,1.3907220363616943,25.275232553482056,,24.39404747244629
losses,iter,880,1.3757957220077515,25.42612648010254,,24.472884792796396
losses,iter,890,1.3853175640106201,25.576558113098145,,24.56050276783728
losses,iter,900,1.364365816116333,25.72635817527771,,24.608011166644754
losses,iter,910,1.31466543674469,25.877361297607422,,24.654825771206283
losses,iter,920,1.3591758012771606,26.027469396591187,,24.668950641985575
losses,iter,930,1.3596123456954956,26.177173852920532,,24.74794584218507
losses,iter,940,1.3403890132904053,26.32724404335022,,24.747655017325844
losses,iter,950,1.348792552947998,26.477152347564697,,24.78837546368893
losses,iter,960,1.3618587255477905,26.63050127029419,,24.67044453888731
losses,iter,970,1.3581774234771729,26.786958932876587,,24.61721452623432
losses,iter,980,1.346090316772461,26.94143581390381,,24.59812963026774
losses,iter,990,1.335172414779663,27.09612488746643,,24.53356045944222
losses,iter,1000,1.3350772857666016,30.252135038375854,,22.092550886631713
losses,iter,1010,1.3383760452270508,30.412121772766113,,22.25509422639455
losses,iter,1020,1.3077389001846313,30.570783376693726,,22.424681770088682
losses,iter,1030,1.3354586362838745,30.729418754577637,,22.549736503994648
losses,iter,1040,1.3563510179519653,30.886313676834106,,22.700810815187193
losses,iter,1050,1.286923885345459,31.04338574409485,,22.834261566673195
losses,iter,1060,1.33793044090271,31.200461626052856,,22.94332920933434
losses,iter,1070,1.334229588508606,31.35840392112732,,23.039075312137076
losses,iter,1080,1.3318473100662231,31.514801025390625,,23.1720913696771
losses,iter,1090,1.3463748693466187,31.67165231704712,,23.250162734190365
losses,iter,1100,1.3153029680252075,31.82754683494568,,23.35049806600305
losses,iter,1110,1.2979031801223755,31.983325004577637,,23.445324774345718
losses,iter,1120,1.3029453754425049,32.138898611068726,,23.518340518683388
losses,iter,1130,1.292402744293213,32.294989824295044,,23.575966999323057
losses,iter,1140,1.2998520135879517,32.45366835594177,,23.60509139404329
losses,iter,1150,1.3020166158676147,32.60954713821411,,23.62085230437413
losses,iter,1160,1.3272374868392944,32.766008615493774,,23.660932046441893
losses,iter,1170,1.298582911491394,32.9228150844574,,23.70266606823983
losses,iter,1180,1.308650255203247,33.079811334609985,,23.71431910541694
losses,iter,1190,1.260798692703247,33.23623585700989,,23.72426244157846
losses,iter,1200,1.289352536201477,33.392329692840576,,23.783413909456897
losses,iter,1210,1.2652437686920166,33.54695177078247,,23.80046315458287
losses,iter,1220,1.3067654371261597,33.70357036590576,,23.826909370360738
losses,iter,1230,1.2997993230819702,33.859763860702515,,23.83964578317725
losses,iter,1240,1.2929668426513672,34.01615810394287,,23.85504344258761
losses,iter,1250,1.2713030576705933,37.33284258842468,,21.48127303179471
losses,iter,1260,1.2831813097000122,37.49195718765259,,21.776240480086695
losses,iter,1270,1.2678277492523193,37.64773654937744,,22.01112677338874
losses,iter,1280,1.251976728439331,37.80372333526611,,22.223604877177394
losses,iter,1290,1.2851579189300537,37.9584527015686,,22.43304910777069
losses,iter,1300,1.295567274093628,38.11453127861023,,22.616828357647282
losses,iter,1310,1.2377498149871826,38.270315408706665,,22.753734472620472
losses,iter,1320,1.3061037063598633,38.42493724822998,,22.91353798766961
losses,iter,1330,1.2632695436477661,38.580716609954834,,23.019558980919033
losses,iter,1340,1.3004423379898071,38.73581075668335,,23.15380493529127
losses,iter,1350,1.2593308687210083,38.89073586463928,,23.27159208831659
losses,iter,1360,1.274433970451355,39.0451238155365,,23.385886561295948
losses,iter,1370,1.2541768550872803,39.199241161346436,,23.526551342580206
losses,iter,1380,1.2582212686538696,39.35390257835388,,23.621122461628147
losses,iter,1390,1.2509499788284302,39.508018255233765,,23.694073354320356
losses,iter,1400,1.2584682703018188,39.662569522857666,,23.7788477854686
losses,iter,1410,1.256209135055542,39.81807613372803,,23.813696808134083
losses,iter,1420,1.2704627513885498,39.97310829162598,,23.88189309508288
losses,iter,1430,1.2426894903182983,40.1277129650116,,23.932642900774603
losses,iter,1440,1.2562611103057861,40.281617879867554,,24.015921322257196
losses,iter,1450,1.2296723127365112,40.437249422073364,,24.04130028249125
losses,iter,1460,1.248616099357605,40.59296631813049,,24.047225265747805
losses,iter,1470,1.2211843729019165,40.74771523475647,,24.0860558573896
losses,iter,1480,1.2116910219192505,40.902299642562866,,24.117379355112227
losses,iter,1490,1.235984444618225,41.05681753158569,,24.144352194658847
losses,iter,1500,1.1864290237426758,44.46086835861206,,21.74132941524292
losses,iter,1510,1.2345377206802368,44.619279623031616,,21.969952330206834
losses,iter,1520,1.2195171117782593,44.774216413497925,,22.229607743080173
losses,iter,1530,1.2560648918151855,44.92778968811035,,22.464843188296403
losses,iter,1540,1.198474645614624,45.08183312416077,,22.677096499312306
losses,iter,1550,1.2331740856170654,45.23706316947937,,22.825925812521884
losses,iter,1560,1.211134672164917,45.39138746261597,,22.973852140824956
losses,iter,1570,1.2372180223464966,45.54620170593262,,23.112175205911054
losses,iter,1580,1.202595591545105,45.70136332511902,,23.250178168005522
losses,iter,1590,1.1915504932403564,45.85536742210388,,23.343119994151458
losses,iter,1600,1.1959521770477295,46.009695291519165,,23.49472587991417
losses,iter,1610,1.2374545335769653,46.16265153884888,,23.601054700466488
losses,iter,1620,1.1825859546661377,46.316089153289795,,23.71568808213362
losses,iter,1630,1.2037560939788818,46.469738245010376,,23.771241126313093
losses,iter,1640,1.21016263961792,46.62387466430664,,23.839199264012382
losses,iter,1650,1.178253173828125,46.77827572822571,,23.90250559091711
losses,iter,1660,1.2219123840332031,46.93217182159424,,23.996473833045048
losses,iter,1670,1.198223352432251,47.08583974838257,,24.065272433174673
losses,iter,1680,1.2076401710510254,47.2394802570343,,24.121434590628237
losses,iter,1690,1.2082568407058716,47.392425537109375,,24.130509682163893
losses,iter,1700,1.1899919509887695,47.54575753211975,,24.16660243540568
losses,iter,1710,1.1792978048324585,47.69825720787048,,24.216323605845858
losses,iter,1720,1.1819065809249878,47.85046124458313,,24.243105974964276
losses,iter,1730,1.2016880512237549,48.00282692909241,,24.27193707329475
losses,iter,1740,1.1736711263656616,48.15633201599121,,24.29258288233434
losses,iter,1750,1.1885641813278198,51.5179967880249,,21.874883663518794
losses,iter,1760,1.1885844469070435,51.675960063934326,,22.084365642720527
losses,iter,1770,1.200630784034729,51.83203339576721,,22.28996722124808
losses,iter,1780,1.1915552616119385,51.986454248428345,,22.494138145677724
losses,iter,1790,1.1878869533538818,52.14278697967529,,22.669210585878297
losses,iter,1800,1.1874449253082275,52.297765254974365,,22.821708974349693
losses,iter,1810,1.162207841873169,52.45358920097351,,22.937538191086293
losses,iter,1820,1.1665637493133545,52.60816407203674,,23.062118155707868
losses,iter,1830,1.169135332107544,52.76232075691223,,23.219333259012497
losses,iter,1840,1.1635189056396484,52.91557335853577,,23.337329016572834
losses,iter,1850,1.1583118438720703,53.07013535499573,,23.457007374057696
losses,iter,1860,1.1766818761825562,53.224438428878784,,23.510558374284628
losses,iter,1870,1.1435736417770386,53.379518270492554,,23.59574236478253
losses,iter,1880,1.1821014881134033,53.53366541862488,,23.690041633840885
losses,iter,1890,1.1802746057510376,53.6887993812561,,23.749252892760133
losses,iter,1900,1.1353341341018677,53.84356355667114,,23.828432297542875
losses,iter,1910,1.175623893737793,53.99782109260559,,23.870978310966354
losses,iter,1920,1.1753058433532715,54.152748107910156,,23.931988395490276
losses,iter,1930,1.1432698965072632,54.306477785110474,,23.97662542306232
losses,iter,1940,1.1302684545516968,54.45966553688049,,24.04402167134837
losses,iter,1950,1.1413424015045166,54.61379384994507,,24.072484145815192
losses,iter,1960,1.1558138132095337,54.767531633377075,,24.10383235225305
losses,iter,1970,1.1513075828552246,54.92123866081238,,24.15443227543756
losses,iter,1980,1.1544842720031738,55.07577323913574,,24.142225211704975
losses,iter,1990,1.1500239372253418,55.230393171310425,,24.156067217024844
losses,iter,2000,1.1269996166229248,58.14458680152893,,21.753891946682085
losses,iter,2010,1.1278297901153564,58.29889893531799,,22.03457430874663
losses,iter,2020,1.1233084201812744,58.45230531692505,,22.270094053919596
losses,iter,2030,1.1602369546890259,58.60711479187012,,22.398724804693433
losses,iter,2040,1.1431350708007812,58.76236867904663,,22.562642927459066
losses,iter,2050,1.1163630485534668,58.91761302947998,,22.72636001435071
losses,iter,2060,1.1040692329406738,59.073296785354614,,22.88348719935178
losses,iter,2070,1.1329293251037598,59.22967982292175,,23.009102050421358
losses,iter,2080,1.1266051530838013,59.38500475883484,,23.117615232687395
losses,iter,2090,1.1335980892181396,59.5409631729126,,23.284989165799036
losses,iter,2100,1.1305559873580933,59.696213722229004,,23.359209166942193
losses,iter,2110,1.1362754106521606,59.85152888298035,,23.457100032998877
losses,iter,2120,1.1350172758102417,60.00678849220276,,23.521370715287983
losses,iter,2130,1.1386703252792358,60.1613974571228,,23.635537217076717
losses,iter,2140,1.1426918506622314,60.31657338142395,,23.70363687145437
losses,iter,2150,1.1230862140655518,60.47138977050781,,23.760658911658545
losses,iter,2160,1.140047550201416,60.627890825271606,,23.77273643228188
losses,iter,2170,1.1330268383026123,60.78263831138611,,23.812973615843465
losses,iter,2180,1.1149322986602783,60.93751287460327,,23.892581912372645
losses,iter,2190,1.107306957244873,61.09128952026367,,23.920161636008995
losses,iter,2200,1.1294039487838745,61.24645376205444,,23.96910345081023
losses,iter,2210,1.124292016029358,61.40079212188721,,23.990639154273588
losses,iter,2220,1.1295286417007446,61.555784702301025,,24.035242975624566
losses,iter,2230,1.1209322214126587,61.71169996261597,,24.04855659293572
losses,iter,2240,1.1327993869781494,61.86628246307373,,24.106041137844507
losses,iter,2250,1.111975908279419,64.79729509353638,,21.708790769336368
losses,iter,2260,1.1086000204086304,64.95238089561462,,21.964392944399812
losses,iter,2270,1.1322283744812012,65.10838794708252,,22.23270144117781
losses,iter,2280,1.098942756652832,65.26411843299866,,22.439912409294603
losses,iter,2290,1.1421757936477661,65.41905784606934,,22.628369301359164
losses,iter,2300,1.1257990598678589,65.57603645324707,,22.743393180953372
losses,iter,2310,1.0947540998458862,65.73252868652344,,22.880261512602427
losses,iter,2320,1.0992168188095093,65.8882884979248,,23.02669162142617
losses,iter,2330,1.1004668474197388,66.04421305656433,,23.150353030915994
losses,iter,2340,1.1191481351852417,66.20105648040771,,23.257286694834033
losses,iter,2350,1.110190749168396,66.35764932632446,,23.346752620413785
losses,iter,2360,1.1089850664138794,66.5137710571289,,23.404021916700106
losses,iter,2370,1.0885909795761108,66.67047691345215,,23.481541960265282
losses,iter,2380,1.0815221071243286,66.8261182308197,,23.550823804534062
losses,iter,2390,1.0811574459075928,66.9809718132019,,23.62233569863361
losses,iter,2400,1.0873208045959473,67.13565683364868,,23.698242240484888
losses,iter,2410,1.0736830234527588,67.29010891914368,,23.790447906813398
losses,iter,2420,1.083763599395752,67.44550228118896,,23.839543088184566
losses,iter,2430,1.056058645248413,67.60095739364624,,23.878646676780598
losses,iter,2440,1.0623942613601685,67.75682497024536,,23.940386370112098
losses,iter,2450,1.0796056985855103,67.91230320930481,,23.968917368236394
losses,iter,2460,1.0866409540176392,68.06699395179749,,23.99730196425674
losses,iter,2470,1.0901412963867188,68.22240042686462,,24.03772941964658
losses,iter,2480,1.083463430404663,68.37770795822144,,24.073961745836918
losses,iter,2490,1.063358187675476,68.53344368934631,,24.096366532683717
losses,iter,2500,1.086648941040039,71.45969891548157,,21.70009878260954
losses,iter,2510,1.0713144540786743,71.61449527740479,,21.956645503546383
losses,iter,2520,1.0542017221450806,71.77045178413391,,22.156004513341497
losses,iter,2530,1.055440902709961,71.92433023452759,,22.39308378708082
losses,iter,2540,1.0608478784561157,72.07823300361633,,22.607725971910114
losses,iter,2550,1.071751594543457,72.23408889770508,,22.79073574081242
losses,iter,2560,1.0653913021087646,72.38937735557556,,22.921828675708323
losses,iter,2570,1.0835362672805786,72.54523372650146,,23.051727377730558
losses,iter,2580,1.0773752927780151,72.70103812217712,,23.16694826941194
losses,iter,2590,1.0751030445098877,72.85708355903625,,23.261461092215136
losses,iter,2600,1.0672249794006348,73.01254272460938,,23.37049194530481
losses,iter,2610,1.0509780645370483,73.16802668571472,,23.426119686492818
losses,iter,2620,1.0540013313293457,73.32269668579102,,23.497620437045452
losses,iter,2630,1.0303312540054321,73.47761058807373,,23.564397356481717
losses,iter,2640,1.0492538213729858,73.6331992149353,,23.624683420139743
losses,iter,2650,1.0731898546218872,73.78984093666077,,23.685122720031547
losses,iter,2660,1.0387165546417236,73.9455726146698,,23.74996751100921
losses,iter,2670,1.0202155113220215,74.10089898109436,,23.802469594090166
losses,iter,2680,1.0496796369552612,74.25684976577759,,23.856489307180244
losses,iter,2690,1.0599546432495117,74.41235160827637,,23.906169119935356
losses,iter,2700,1.0258666276931763,74.56694340705872,,23.957196598523478
losses,iter,2710,1.0484272241592407,74.72221255302429,,24.011311684440958
losses,iter,2720,1.045343041419983,74.87813568115234,,24.039112949614577
losses,iter,2730,1.0611064434051514,75.03256559371948,,24.075245016938947
losses,iter,2740,1.0279697179794312,75.18823385238647,,24.081534956480795
losses,iter,2750,1.038465976715088,78.13428401947021,,21.68666552265547
losses,iter,2760,1.0404356718063354,78.28987407684326,,21.9403057765636
losses,iter,2770,1.026831030845642,78.44694113731384,,22.16337475722973
losses,iter,2780,1.0290337800979614,78.60162258148193,,22.35973383652747
losses,iter,2790,1.0429691076278687,78.75613832473755,,22.578096379021993
losses,iter,2800,1.022367238998413,78.91061854362488,,22.736489471951714
losses,iter,2810,1.0447156429290771,79.06575775146484,,22.883421586926566
losses,iter,2820,1.0264267921447754,79.22101020812988,,23.029877020399855
losses,iter,2830,1.0375957489013672,79.37566089630127,,23.159905453003955
losses,iter,2840,0.9989150762557983,79.53023624420166,,23.266522094489662
losses,iter,2850,1.0273420810699463,79.68464612960815,,23.371371937736562
losses,iter,2860,1.0281208753585815,79.83937501907349,,23.46562331647585
losses,iter,2870,1.0123159885406494,79.99368381500244,,23.59262482126046
losses,iter,2880,1.0382015705108643,80.1476240158081,,23.7006392740327
losses,iter,2890,1.0160479545593262,80.30207538604736,,23.761510104315175
losses,iter,2900,0.9957956075668335,80.4569399356842,,23.814820122643226
losses,iter,2910,1.0365405082702637,80.61222553253174,,23.85590774551441
losses,iter,2920,1.0136404037475586,80.76787328720093,,23.91287717852606
losses,iter,2930,1.0008103847503662,80.92251110076904,,23.932127702408476
losses,iter,2940,0.9883679151535034,81.07750725746155,,23.978158567413864
losses,iter,2950,1.030189037322998,81.2325828075409,,24.03163756686514
losses,iter,2960,1.0022501945495605,81.38720393180847,,24.03526281245979
losses,iter,2970,0.9962311387062073,81.54209494590759,,24.051230887538228
losses,iter,2980,1.0050164461135864,81.69715929031372,,24.040691016304965
losses,iter,2990,0.9858505725860596,81.8524808883667,,24.067065230763916
losses,iter,3000,0.9836133718490601,84.79534316062927,,21.67365376472447
losses,iter,3010,0.9920728206634521,84.94978785514832,,21.977310182132275
losses,iter,3020,1.0038490295410156,85.10456585884094,,22.160918126316876
losses,iter,3030,1.0139358043670654,85.2595329284668,,22.392627492108215
losses,iter,3040,1.036566138267517,85.41441249847412,,22.56807423923773
losses,iter,3050,0.9810457229614258,85.56815838813782,,22.729750287779364
losses,iter,3060,1.0030754804611206,85.72273850440979,,22.91969751251376
losses,iter,3070,1.0193954706192017,85.87747883796692,,23.070135284955647
losses,iter,3080,0.9975149631500244,86.03221082687378,,23.192998271403056
losses,iter,3090,0.989381730556488,86.18790531158447,,23.302668627047964
losses,iter,3100,0.9978189468383789,86.34139037132263,,23.438238396843435
losses,iter,3110,0.9765089154243469,86.49454545974731,,23.53655493000676
losses,iter,3120,1.001450538635254,86.64868783950806,,23.6975354493811
losses,iter,3130,0.9864683747291565,86.7994270324707,,23.868994506327997
losses,iter,3140,0.9873228669166565,86.95088648796082,,23.951867300778744
losses,iter,3150,1.0015194416046143,87.1016891002655,,24.075287871457178
losses,iter,3160,1.0062347650527954,87.25364208221436,,24.165236791547624
losses,iter,3170,0.9673616290092468,87.40653038024902,,24.226826536651313
losses,iter,3180,0.9736623764038086,87.55921053886414,,24.284695853292693
losses,iter,3190,1.0043600797653198,87.71165657043457,,24.35282628139982
losses,iter,3200,0.9637073874473572,87.8643867969513,,24.39624660856937
losses,iter,3210,0.9727400541305542,88.01762461662292,,24.363188589862194
losses,iter,3220,0.9644920825958252,88.16924905776978,,24.42594482707406
losses,iter,3230,0.9654128551483154,88.32043123245239,,24.465951250443023
losses,iter,3240,0.9644676446914673,88.47183156013489,,24.55463266306754
losses,iter,3250,0.9884545803070068,91.21618890762329,,22.113449142186344
losses,iter,3260,0.9629595875740051,91.36101412773132,,22.51350387443017
losses,iter,3270,0.9787078499794006,91.50677061080933,,22.848232041485904
losses,iter,3280,0.9547444581985474,91.65339422225952,,23.1162437241612
losses,iter,3290,0.9467028379440308,91.79928398132324,,23.39769171438664
losses,iter,3300,0.952751874923706,91.94448566436768,,23.64015562747721
losses,iter,3310,0.9587966203689575,92.09097933769226,,23.879058881615972
losses,iter,3320,0.975147545337677,92.23687076568604,,24.08173243056911
losses,iter,3330,0.9616446495056152,92.38235831260681,,24.24415504338371
losses,iter,3340,0.9526076316833496,92.52859616279602,,24.424827671877487
losses,iter,3350,0.9598482847213745,92.67507433891296,,24.536514825283497
losses,iter,3360,0.937799870967865,92.81957697868347,,24.69430662308418
losses,iter,3370,0.9614961743354797,92.96486830711365,,24.814253631360142
losses,iter,3380,0.9415649771690369,93.11189103126526,,24.889546968695786
losses,iter,3390,0.9555403590202332,93.25820779800415,,24.98158869553285
losses,iter,3400,0.9630643129348755,93.40567994117737,,25.013043600437868
losses,iter,3410,0.9544106125831604,93.55140805244446,,25.110459870931184
losses,iter,3420,0.9642289876937866,93.69654035568237,,25.207806310840503
losses,iter,3430,0.9422301650047302,93.84136033058167,,25.30481134280742
losses,iter,3440,0.9859848618507385,93.9871175289154,,25.359980923079277
losses,iter,3450,0.963553786277771,94.13233375549316,,25.42438976300542
losses,iter,3460,0.9548991918563843,94.27863454818726,,25.45818224157469
losses,iter,3470,0.9454485774040222,94.4251217842102,,25.48931759358718
losses,iter,3480,0.9575005769729614,94.57130002975464,,25.558083806611542
losses,iter,3490,0.9279062151908875,94.71760892868042,,25.539857134687715
losses,iter,3500,0.9083118438720703,97.44464254379272,,23.000232901587776
losses,iter,3510,0.9216902852058411,97.59118866920471,,23.29664210372278
losses,iter,3520,0.9299454092979431,97.73878383636475,,23.514278968097987
losses,iter,3530,0.9566113352775574,97.88577222824097,,23.72350737408383
losses,iter,3540,0.9341609477996826,98.0328586101532,,23.917995052145358
losses,iter,3550,0.9329656362533569,98.18050789833069,,24.129938278145016
losses,iter,3560,0.9595369100570679,98.32746815681458,,24.282266120626815
losses,iter,3570,0.9408509135246277,98.47455191612244,,24.445478033537306
losses,iter,3580,0.9451913237571716,98.6212866306305,,24.545411246108102
losses,iter,3590,0.9269522428512573,98.76706576347351,,24.673188536663954
losses,iter,3600,0.9324519038200378,98.91391277313232,,24.796320306058437
losses,iter,3610,0.9187678694725037,99.06038212776184,,24.89858009381831
losses,iter,3620,0.9190515279769897,99.20711946487427,,24.9761508297322
losses,iter,3630,0.9317970871925354,99.35343766212463,,25.051925130473467
losses,iter,3640,0.9185202717781067,99.49959301948547,,25.148005168957894
losses,iter,3650,0.9152321815490723,99.64550399780273,,25.213093351981748
losses,iter,3660,0.9518132209777832,99.79315090179443,,25.25202084930273
losses,iter,3670,0.9444838166236877,99.93841671943665,,25.315124370936093
losses,iter,3680,0.9093388915061951,100.08375072479248,,25.369006012371077
losses,iter,3690,0.9440075755119324,100.22875261306763,,25.449978770728144
losses,iter,3700,0.8835974931716919,100.37209582328796,,25.58709819799423
losses,iter,3710,0.8874533176422119,100.5159432888031,,25.662898145593026
losses,iter,3720,0.9176099896430969,100.65973567962646,,25.74648383868262
losses,iter,3730,0.9091402292251587,100.80476236343384,,25.800054225895853
losses,iter,3740,0.9066539406776428,100.94983220100403,,25.822794230982993
losses,iter,3750,0.8996036052703857,103.66092872619629,,23.254948552744686
losses,iter,3760,0.935472846031189,103.80682682991028,,23.511814780070463
losses,iter,3770,0.9404321312904358,103.9536075592041,,23.7180632248467
losses,iter,3780,0.9230178594589233,104.10082125663757,,23.957220290342647
losses,iter,3790,0.8986803293228149,104.24879455566406,,24.11374950961219
losses,iter,3800,0.921183705329895,104.39586091041565,,24.272589948749843
losses,iter,3810,0.9212014079093933,104.5430326461792,,24.356815084376738
losses,iter,3820,0.8862650394439697,104.69001364707947,,24.50242839551942
losses,iter,3830,0.9080008268356323,104.83709120750427,,24.59815876594894
losses,iter,3840,0.901393473148346,104.98391103744507,,24.694977942618873
losses,iter,3850,0.895679771900177,105.13020014762878,,24.861634068122395
losses,iter,3860,0.8773750066757202,105.27554249763489,,24.95949687431434
losses,iter,3870,0.8986960053443909,105.42135500907898,,25.02865833988282
losses,iter,3880,0.8939856290817261,105.56748342514038,,25.073218138981186
losses,iter,3890,0.9065075516700745,105.71422171592712,,25.127769869343176
losses,iter,3900,0.8985510468482971,105.86052513122559,,25.20013037585266
losses,iter,3910,0.9005444049835205,106.00604319572449,,25.234997063654934
losses,iter,3920,0.8798400163650513,106.15186476707458,,25.289768785596745
losses,iter,3930,0.9021198749542236,106.29713177680969,,25.352746158274787
losses,iter,3940,0.88628751039505,106.44283986091614,,25.371516244310786
losses,iter,3950,0.8869607448577881,106.58926153182983,,25.398255453587048
losses,iter,3960,0.9221271872520447,106.73570966720581,,25.425226167669816
losses,iter,3970,0.9038981795310974,106.88231015205383,,25.434538077910833
losses,iter,3980,0.9061521887779236,107.02849411964417,,25.531112267436168
losses,iter,3990,0.8864835500717163,107.17405486106873,,25.58113662658059
losses,iter,4000,0.8655141592025757,109.89245080947876,,23.03742894937799
losses,iter,4010,0.8844206929206848,110.03931093215942,,23.276883526388833
losses,iter,4020,0.8958029747009277,110.18644165992737,,23.471175736289396
losses,iter,4030,0.880330502986908,110.3333170413971,,23.68416918089417
losses,iter,4040,0.8820614814758301,110.47933077812195,,23.889565438061773
losses,iter,4050,0.8759040832519531,110.62631177902222,,24.08395171713088
losses,iter,4060,0.872687816619873,110.77247071266174,,24.25506202398869
losses,iter,4070,0.8732233643531799,110.91956853866577,,24.36109537552234
losses,iter,4080,0.8963149785995483,111.06738185882568,,24.455992436207058
losses,iter,4090,0.8644040822982788,111.21429252624512,,24.58700689654685
losses,iter,4100,0.9028457999229431,111.36124348640442,,24.706407514027067
losses,iter,4110,0.8807016611099243,111.50768804550171,,24.861071765666956
losses,iter,4120,0.8756827712059021,111.6537606716156,,24.955151428799994
losses,iter,4130,0.8668500781059265,111.80030822753906,,25.024663241675388
losses,iter,4140,0.8857024908065796,111.94778275489807,,25.086887139551727
losses,iter,4150,0.8731634616851807,112.09507489204407,,25.184633351152847
losses,iter,4160,0.8687564134597778,112.24111747741699,,25.2133050319461
losses,iter,4170,0.8780094385147095,112.38623452186584,,25.278095875032257
losses,iter,4180,0.8706112504005432,112.53238296508789,,25.352815011175345
losses,iter,4190,0.8694279789924622,112.67892670631409,,25.391643422455395
losses,iter,4200,0.8580502271652222,112.82457685470581,,25.445981742602935
losses,iter,4210,0.8802278637886047,112.96975493431091,,25.510603379042852
losses,iter,4220,0.8666365742683411,113.11527299880981,,25.529040080861243
losses,iter,4230,0.8912494778633118,113.26065373420715,,25.587884831003286
losses,iter,4240,0.8704105019569397,113.40586757659912,,25.63910048011738
losses,iter,4250,0.8708431124687195,116.13363242149353,,23.08954328432376
losses,iter,4260,0.8613351583480835,116.27948999404907,,23.3706102912763
losses,iter,4270,0.8679332137107849,116.42591953277588,,23.60545647385766
losses,iter,4280,0.8559994101524353,116.57154202461243,,23.8440204094083
losses,iter,4290,0.841464102268219,116.71811699867249,,24.01625342173229
losses,iter,4300,0.8258001804351807,116.86484956741333,,24.18298503481332
losses,iter,4310,0.8557099103927612,117.01107263565063,,24.341385194939804
losses,iter,4320,0.8447249531745911,117.1573395729065,,24.46630972198246
losses,iter,4330,0.8677062392234802,117.30395674705505,,24.612019930449538
losses,iter,4340,0.8395903706550598,117.45095658302307,,24.74828606838567
losses,iter,4350,0.8463895916938782,117.59712529182434,,24.862792232519652
losses,iter,4360,0.8685255646705627,117.74254369735718,,24.984948969698483
losses,iter,4370,0.8610861897468567,117.88818717002869,,25.11118591320444
losses,iter,4380,0.8476538062095642,118.03441214561462,,25.18627425597739
losses,iter,4390,0.8771293759346008,118.18051981925964,,25.255952436943286
losses,iter,4400,0.8613839149475098,118.32619524002075,,25.289504045947158
losses,iter,4410,0.8702714443206787,118.47356462478638,,25.325243863396324
losses,iter,4420,0.8690242767333984,118.62083911895752,,25.3653040412049
losses,iter,4430,0.8532626032829285,118.76733875274658,,25.39852416637841
losses,iter,4440,0.8524350523948669,118.91355180740356,,25.44796362252274
losses,iter,4450,0.8535720109939575,119.05966782569885,,25.46718428005772
losses,iter,4460,0.8396902680397034,119.2057421207428,,25.496484995318614
losses,iter,4470,0.8523087501525879,119.352210521698,,25.51434959608134
losses,iter,4480,0.8429298400878906,119.49888801574707,,25.537278949455118
losses,iter,4490,0.8584818243980408,119.64538669586182,,25.51804643180843
losses,iter,4500,0.8659260272979736,122.38532209396362,,22.980525782115294
losses,iter,4510,0.8512093424797058,122.5320394039154,,23.235975433115474
losses,iter,4520,0.8441243767738342,122.67884278297424,,23.45897336397997
losses,iter,4530,0.8545706272125244,122.82695436477661,,23.66929292689883
losses,iter,4540,0.8531224727630615,122.97400569915771,,23.879274721449377
losses,iter,4550,0.8818501234054565,123.12132096290588,,24.052968855564387
losses,iter,4560,0.8351204991340637,123.26849818229675,,24.222333147233652
losses,iter,4570,0.8516103029251099,123.41695237159729,,24.324361440216528
losses,iter,4580,0.8631647825241089,123.56424617767334,,24.427942324836597
losses,iter,4590,0.8718897700309753,123.71223497390747,,24.53012631190859
losses,iter,4600,0.8269100189208984,123.86012411117554,,24.637728030300465
losses,iter,4610,0.8704483509063721,124.00931930541992,,24.72658164112594
losses,iter,4620,0.8474289178848267,124.15821957588196,,24.77565988634474
losses,iter,4630,0.8317015171051025,124.30683708190918,,24.870170414087266
losses,iter,4640,0.8508382439613342,124.45448207855225,,24.926143942670436
losses,iter,4650,0.8766199946403503,124.60224676132202,,24.984780894161343
losses,iter,4660,0.8533483147621155,124.74994421005249,,25.046371887631615
losses,iter,4670,0.8426329493522644,124.89782428741455,,25.097157482405596
losses,iter,4680,0.8577351570129395,125.0443127155304,,25.149693278357898
losses,iter,4690,0.8558248281478882,125.19187521934509,,25.200972307573306
losses,iter,4700,0.8331149816513062,125.33990621566772,,25.231168917540682
losses,iter,4710,0.8014999628067017,125.487619638443,,25.280297869123213
losses,iter,4720,0.8334678411483765,125.63350915908813,,25.36070404264169
losses,iter,4730,0.8265374898910522,125.78117990493774,,25.399252402233806
losses,iter,4740,0.8421475887298584,125.92735457420349,,25.42317593645115
losses,iter,4750,0.818767249584198,128.6925084590912,,22.89500815509279
losses,iter,4760,0.8215981721878052,128.83923649787903,,23.144366928614062
losses,iter,4770,0.8094484210014343,128.98678636550903,,23.421325792800822
losses,iter,4780,0.8204622864723206,129.1347086429596,,23.615704143167783
losses,iter,4790,0.8522132635116577,129.28207850456238,,23.814160877763896
losses,iter,4800,0.8314911723136902,129.42874789237976,,24.014039609567863
losses,iter,4810,0.8351653218269348,129.57604146003723,,24.162180638760212
losses,iter,4820,0.8243510127067566,129.72301530838013,,24.30863424984987
losses,iter,4830,0.8299737572669983,129.87080550193787,,24.42258328828802
losses,iter,4840,0.8441708087921143,130.01763558387756,,24.560554396181335
losses,iter,4850,0.8345335721969604,130.1639907360077,,24.680051137459216
losses,iter,4860,0.8236728310585022,130.31174898147583,,24.735207326886133
losses,iter,4870,0.8187316060066223,130.45919728279114,,24.82045636238894
losses,iter,4880,0.8363087773323059,130.60717868804932,,24.884798745133242
losses,iter,4890,0.8197758793830872,130.75507307052612,,24.93028004707071
losses,iter,4900,0.8156208395957947,130.90239262580872,,24.955128982709237
losses,iter,4910,0.8340983390808105,131.05061984062195,,25.016460265983515
losses,iter,4920,0.8262142539024353,131.19858241081238,,25.0818212928168
losses,iter,4930,0.8129844665527344,131.34580278396606,,25.122020148731877
losses,iter,4940,0.8096330165863037,131.4953591823578,,25.132205723489776
losses,iter,4950,0.8373298048973083,131.6441946029663,,25.183464959508022
losses,iter,4960,0.8352952599525452,131.79220390319824,,25.21599504781895
losses,iter,4970,0.7956607937812805,131.94006490707397,,25.25706721800274
losses,iter,4980,0.8013943433761597,132.08774757385254,,25.29264626219938
losses,iter,4990,0.8310519456863403,132.23481059074402,,25.32500324223939
losses,iter,5000,0.8360277414321899,135.00882625579834,,22.806614673853566
losses,train_step,0,4.287369728088379,2.9551103115081787,,
losses,train_step,250,1.9637577533721924,9.59509015083313,,
losses,train_step,500,1.5216615200042725,16.358442544937134,,
losses,train_step,750,1.3574600219726562,23.248234272003174,,
losses,train_step,1000,1.2701386213302612,30.043786764144897,,
losses,train_step,1250,1.2017031908035278,36.96307587623596,,
losses,train_step,1500,1.1530839204788208,43.96273994445801,,
losses,train_step,1750,1.1022051572799683,51.01757025718689,,
losses,train_step,2000,1.0584266185760498,58.1260552406311,,
losses,train_step,2250,1.0127546787261963,64.77919054031372,,
losses,train_step,2500,0.9638151526451111,71.44146347045898,,
losses,train_step,2750,0.9186921715736389,78.11643695831299,,
losses,train_step,3000,0.8726585507392883,84.77717757225037,,
losses,train_step,3250,0.8284697532653809,91.19863700866699,,
losses,train_step,3500,0.7873228192329407,97.42746162414551,,
losses,train_step,3750,0.7508572936058044,103.64367723464966,,
losses,train_step,4000,0.7161627411842346,109.87452411651611,,
losses,train_step,4250,0.6857969760894775,116.11646509170532,,
losses,train_step,4500,0.6628759503364563,122.3676688671112,,
losses,train_step,4750,0.6445692181587219,128.67543244361877,,
losses,train_step,5000,0.629643440246582,134.99165272712708,,
losses,val_step,0,4.282261371612549,2.9551103115081787,,
losses,val_step,250,2.064218044281006,9.59509015083313,,
losses,val_step,500,1.730148434638977,16.358442544937134,,
losses,val_step,750,1.5860662460327148,23.248234272003174,,
losses,val_step,1000,1.5202821493148804,30.043786764144897,,
losses,val_step,1250,1.4889593124389648,36.96307587623596,,
losses,val_step,1500,1.4813662767410278,43.96273994445801,,
losses,val_step,1750,1.462679386138916,51.01757025718689,,
losses,val_step,2000,1.4756816625595093,58.1260552406311,,
losses,val_step,2250,1.475420355796814,64.77919054031372,,
losses,val_step,2500,1.4943798780441284,71.44146347045898,,
losses,val_step,2750,1.5082180500030518,78.11643695831299,,
losses,val_step,3000,1.5223097801208496,84.77717757225037,,
losses,val_step,3250,1.5549006462097168,91.19863700866699,,
losses,val_step,3500,1.5699795484542847,97.42746162414551,,
losses,val_step,3750,1.5936743021011353,103.64367723464966,,
losses,val_step,4000,1.6193382740020752,109.87452411651611,,
losses,val_step,4250,1.643517017364502,116.11646509170532,,
losses,val_step,4500,1.6587857007980347,122.3676688671112,,
losses,val_step,4750,1.6768710613250732,128.67543244361877,,
losses,val_step,5000,1.6979676485061646,134.99165272712708,,
losses_8u,iter,0,4.253582066491263,2.0207345485687256,,
losses_8u,iter,10,3.1502359506248014,2.1037731295875757,,3.6330350530271844
losses_8u,iter,20,2.7240717790911844,2.226926174902471,,3.426199183578485
losses_8u,iter,30,2.5773475005625306,2.6817652992647227,,3.432077011322111
losses_8u,iter,40,2.547989120038365,2.871884495631729,,3.330199885944187
losses_8u,iter,50,2.5272023313104373,3.2059940476717177,,3.0667941091768585
losses_8u,iter,60,2.5251050320009956,3.4620157191238246,,3.216863821442304
losses_8u,iter,70,2.4931978899182177,3.557572176772175,,2.9961762842173285
losses_8u,iter,80,2.4690415641185477,3.803135810695804,,2.5991827445979987
losses_8u,iter,90,2.4468075245728644,3.9332195315633216,,3.0755548244952013
losses_8u,iter,100,2.4087442089721156,4.05919214010938,,2.8160267835476245
losses_8u,iter,110,2.4869836168280957,4.232235146230946,,3.1499148171851017
losses_8u,iter,120,2.4355097770325544,4.27963301989642,,3.4776140681607512
losses_8u,iter,130,2.3915860242606013,4.695778458769691,,3.3818359892709355
losses_8u,iter,140,2.3890908381271276,4.789521784554954,,3.8263651500142837
losses_8u,iter,150,2.4053970545224317,5.150486388544228,,3.9861689872854233
losses_8u,iter,160,2.351925446651708,5.330527860174278,,4.375040680616185
losses_8u,iter,170,2.379237245935564,5.881022565452394,,4.650880289888113
losses_8u,iter,180,2.3151222250502275,5.9755950195138805,,2.850436639687483
losses_8u,iter,190,2.2547903435187058,6.099878715191703,,3.222082016606934
losses_8u,iter,200,2.2321619888440005,6.311170437715989,,3.0763952048149057
losses_8u,iter,210,2.1729854315914756,6.338603390796164,,3.1070723048262074
losses_8u,iter,220,2.143922787414077,6.652561706460461,,3.5668156855536948
losses_8u,iter,230,2.110525057947432,7.204042852953471,,3.6487193291195936
losses_8u,iter,240,2.059204324811288,7.599511846118003,,3.5810954404590056
losses_8u,iter,250,2.042709999145496,11.885400440569178,,3.6464127131750304
losses_8u,iter,260,2.0033689691834318,11.997117500021618,,3.8314037465710467
losses_8u,iter,270,1.9222507751499833,12.449733962713026,,3.7632753687887246
losses_8u,iter,280,1.8785142982530156,12.830345556959834,,4.074765357709865
losses_8u,iter,290,1.9152135835297264,13.051497047846688,,3.8249833819087633
losses_8u,iter,300,1.9432004331703339,13.213302754114086,,3.2349897820961835
losses_8u,iter,310,1.83768101411608,13.335097384423532,,4.366495051255105
losses_8u,iter,320,1.847000161677757,13.395266504438993,,4.614256577296111
losses_8u,iter,330,1.8154875728370024,13.823179440384681,,4.151549958818931
losses_8u,iter,340,1.799054323155869,13.852082748781452,,4.286088562004796
losses_8u,iter,350,1.85777477495571,13.972917326229917,,4.028250356655652
losses_8u,iter,360,1.7922503632197173,14.157906772883097,,4.010367943623689
losses_8u,iter,370,1.7778392881963299,14.480265238290464,,3.3093998140758814
losses_8u,iter,380,1.7117523344963774,15.140018296855924,,3.7472369221334105
losses_8u,iter,390,1.6727363287801564,15.49436523388533,,6.342446267839138
losses_8u,iter,400,1.6446713780753464,15.622531236532744,,3.2862850202090264
losses_8u,iter,410,1.7891662045792158,15.909936042050413,,3.1067816692800916
losses_8u,iter,420,1.675056978084177,15.96858563897794,,3.1437469819761934
losses_8u,iter,430,1.63152111139023,16.472254640770444,,3.169251315695927
losses_8u,iter,440,1.6449373502970364,16.61446459502322,,3.2335774097742886
losses_8u,iter,450,1.6404205847883182,16.70813238114098,,3.398464837287002
losses_8u,iter,460,1.679233718228013,16.804424799437726,,3.5595401559515962
losses_8u,iter,470,1.590626394099135,16.95714324502528,,3.807901569958993
losses_8u,iter,480,1.6042389571749505,17.073957265752007,,3.843054835549978
losses_8u,iter,490,1.6085501121076355,18.077054020736863,,3.898740799130082
losses_8u,iter,500,1.5693445684429226,19.40249234037375,,3.91487546771699
losses_8u,iter,510,1.605529172468798,19.53080009274394,,3.9802506870178247
losses_8u,iter,520,1.5973902319946827,19.697672235232453,,2.5969418832094817
losses_8u,iter,530,1.5664039919417936,19.861636462658826,,3.019280596442417
losses_8u,iter,540,1.5305351257547375,20.029364650701098,,3.303570645422385
losses_8u,iter,550,1.6165896404039926,20.14019059591567,,3.2710761213184263
losses_8u,iter,560,1.5735782175939064,20.24223986981109,,3.273909560129688
losses_8u,iter,570,1.6496510352572653,20.324178245696427,,3.3459577027754497
losses_8u,iter,580,1.5414211759169796,20.374662068680422,,3.5347256816336934
losses_8u,iter,590,1.489256808419647,20.578373765487502,,3.8673525302898275
losses_8u,iter,600,1.513634460253391,20.93337616200472,,3.498537529956516
losses_8u,iter,610,1.5857476968294777,21.036140218492623,,3.489092249565259
losses_8u,iter,620,1.5959039306448268,21.13870762995104,,4.052041948052842
losses_8u,iter,630,1.490944315255025,21.26804177404879,,3.9330423308115448
losses_8u,iter,640,1.4835459062128311,21.378084401713654,,4.197004598701036
losses_8u,iter,650,1.399927049446895,21.43164934039526,,6.4550651588170105
losses_8u,iter,660,1.4972407373303602,21.91585014747116,,4.44098016110191
losses_8u,iter,670,1.4842509588076602,22.153096827496114,,4.1489817775633275
losses_8u,iter,680,1.4865966099767456,22.24283763994228,,4.023220401595801
losses_8u,iter,690,1.4407049723111869,22.449691932511634,,3.8262049445984743
losses_8u,iter,700,1.4690395859891967,22.72081337728239,,3.7308989412371036
losses_8u,iter,710,1.4158220446901317,22.86140854592717,,3.792352922767689
losses_8u,iter,720,1.4996577033431306,23.08097853207607,,3.80191358915419
losses_8u,iter,730,1.4117391210685395,23.428614446401834,,3.5486575251612678
losses_8u,iter,740,1.394383897849014,23.967307758102454,,3.2933599798009756
losses_8u,iter,750,1.4836054344629854,32.682029251976864,,3.169869200783478
losses_8u,iter,760,1.3585638448270847,32.783645991982574,,3.6724284486960195
losses_8u,iter,770,1.4347342888206969,32.90134002919654,,3.15792602906893
losses_8u,iter,780,1.4372960275378432,33.07686902473995,,2.7356542377442126
losses_8u,iter,790,1.4607565871497077,33.256442954648065,,2.937203282950994
losses_8u,iter,800,1.3847321064254736,33.34791315910283,,2.59030948100352
losses_8u,iter,810,1.4251644082693693,33.44481938832861,,2.9854133995393397
losses_8u,iter,820,1.3820083318114076,33.77791406851016,,3.1822521761058487
losses_8u,iter,830,1.361750273001351,34.38470275230445,,3.1156630223046564
losses_8u,iter,840,1.409236553432047,34.51953047018445,,3.17094114364436
losses_8u,iter,850,1.406852923239363,34.615314080483365,,3.2450916861434136
losses_8u,iter,860,1.350497171648657,34.74312942087423,,3.4306089125590478
losses_8u,iter,870,1.3451840372093726,34.81615105366832,,3.4964309083548337
losses_8u,iter,880,1.4010867788164036,34.94522272011521,,3.6021150088667064
losses_8u,iter,890,1.3344753812325907,35.18085893703893,,3.7338463758498346
losses_8u,iter,900,1.4161498072354823,35.33342229684298,,3.5257576955615826
losses_8u,iter,910,1.3528494899817594,35.76176238214802,,3.77104120270108
losses_8u,iter,920,1.3539781456046875,35.94250274576653,,4.151893878034143
losses_8u,iter,930,1.3386242621553541,36.17824486535282,,4.0199358712936055
losses_8u,iter,940,1.3976055667473721,36.32159654082677,,4.134474675722814
losses_8u,iter,950,1.3580188041686705,36.815407956100515,,4.250650112316633
losses_8u,iter,960,1.368670670194805,36.87606790144482,,4.316607178438887
losses_8u,iter,970,1.3928700944475867,37.001008766590544,,4.2828673458966415
losses_8u,iter,980,1.3434059283772595,37.06337990334572,,4.093277639950414
losses_8u,iter,990,1.3002998556494274,37.373403542346075,,3.9592380617863245
losses_8u,iter,1000,1.3872047908803888,42.81909229334695,,3.8451110431168156
losses_8u,iter,1010,1.3519657335799666,42.90143280423045,,3.3618212949945017
losses_8u,iter,1020,1.3967153812945627,43.50868638072324,,3.488513762256559
losses_8u,iter,1030,1.3443907637478145,43.635432884969006,,3.2238143725746387
losses_8u,iter,1040,1.341123853379339,43.689754103305496,,3.2011501194876026
losses_8u,iter,1050,1.3826617138851025,43.82528725549641,,3.1020448372371687
losses_8u,iter,1060,1.3999408600009307,44.03825950337654,,3.1179793372664824
losses_8u,iter,1070,1.353010811539678,44.17088114147877,,3.0378760278618198
losses_8u,iter,1080,1.3338939092850821,45.15285692385225,,3.3549216083350197
losses_8u,iter,1090,1.2974834550781207,45.470782767706964,,3.4414278827791507
losses_8u,iter,1100,1.3033186522712592,46.116263530594765,,3.363424390053135
losses_8u,iter,1110,1.3079319726017278,46.60039897026289,,3.568230421057814
losses_8u,iter,1120,1.2692275377468152,46.641882044293965,,3.655908754181359
losses_8u,iter,1130,1.3220101656502514,46.760258465743185,,4.066074540667201
losses_8u,iter,1140,1.2764793882371288,46.77832045269316,,4.244261492595811
losses_8u,iter,1150,1.2981887457859502,46.87541042464052,,4.6294399816797105
losses_8u,iter,1160,1.2690727642964137,47.264648389534244,,2.9431558956172443
losses_8u,iter,1170,1.2228983674426213,47.346881906576755,,3.1016869690150664
losses_8u,iter,1180,1.2690835984379416,47.44560965887495,,3.051173991934108
losses_8u,iter,1190,1.2847227412620152,47.65396370882183,,3.231312697520649
losses_8u,iter,1200,1.2854270795178424,47.95636419169063,,3.3012718194300046
losses_8u,iter,1210,1.363612792892183,48.076693101030784,,2.0028179413704637
losses_8u,iter,1220,1.235723490825394,48.20878417874315,,3.4925434151215087
losses_8u,iter,1230,1.2528519114118313,48.518110520308454,,3.1115151401239647
losses_8u,iter,1240,1.2767710766628857,48.716175661338816,,3.5267036085414167
losses_8u,iter,1250,1.3044119481135956,50.7688568655403,,3.384397667921549
losses_8u,iter,1260,1.2778105589670825,50.92866422835628,,3.742123350020119
losses_8u,iter,1270,1.265055321749991,51.10026864685825,,3.983238246344544
losses_8u,iter,1280,1.2606143952319697,51.29576818512679,,3.8812469945001227
losses_8u,iter,1290,1.2662361241200544,52.09578484391125,,4.007774329410754
losses_8u,iter,1300,1.2816246530109776,52.22200974823274,,3.8675538611181923
losses_8u,iter,1310,1.258208144304227,52.32545081809862,,4.448013705124447
losses_8u,iter,1320,1.2241045288472505,52.82193357937643,,4.601479760932988
losses_8u,iter,1330,1.3035973635384823,52.912968597639804,,2.944809590213961
losses_8u,iter,1340,1.1978478082691313,53.548334906962246,,3.225141251025649
losses_8u,iter,1350,1.260497719861667,53.68581195454425,,3.409022078187982
losses_8u,iter,1360,1.247810463906252,53.856659353537445,,3.4016277139420295
losses_8u,iter,1370,1.3182565523085135,54.144724820102724,,3.840221902742875
losses_8u,iter,1380,1.2231907702073799,54.56381880275074,,4.201141577931755
losses_8u,iter,1390,1.3133297562127315,54.921087766283485,,4.297362027452177
losses_8u,iter,1400,1.2314931752564189,55.059063562798144,,4.326056013283744
losses_8u,iter,1410,1.2828205755565802,55.17848938784076,,3.10394807981316
losses_8u,iter,1420,1.2149050330683837,55.39128394232849,,3.436413415636535
losses_8u,iter,1430,1.2238861792256839,55.569417308003814,,3.392413951190889
losses_8u,iter,1440,1.2027685324833977,55.66450849012586,,3.511906793683903
losses_8u,iter,1450,1.1801898243693205,55.88591614412962,,3.5970934154528007
losses_8u,iter,1460,1.2301458128424236,56.241058216834695,,4.124745596910748
losses_8u,iter,1470,1.2581734988626372,56.424736571973426,,3.6391808050143406
losses_8u,iter,1480,1.2671584548279475,56.98394678950828,,3.8431923215482686
losses_8u,iter,1490,1.216301208647506,57.20833845609788,,3.8798701364733073
losses_8u,iter,1500,1.210553041756093,59.27903530956979,,3.8514823427507046
losses_8u,iter,1510,1.2105600660896114,59.41419763129633,,3.974823334736537
losses_8u,iter,1520,1.21316907023738,59.517425485540876,,3.9963140988125625
losses_8u,iter,1530,1.2660774218051427,59.58784453475718,,4.396714589042338
losses_8u,iter,1540,1.2309170608514246,59.82504441283231,,4.7442333509480035
losses_8u,iter,1550,1.247371859759114,59.90616881721261,,4.0399098924609165
losses_8u,iter,1560,1.1520003405651873,60.026871505462886,,4.164616827286088
losses_8u,iter,1570,1.2240871465982053,60.176064560051095,,3.6013941341681734
losses_8u,iter,1580,1.2162537051038826,60.39319614735725,,3.866354474211411
losses_8u,iter,1590,1.220465328802309,60.6254203941906,,3.626911115488219
losses_8u,iter,1600,1.1609831535134918,60.79413126002821,,2.9770822887912076
losses_8u,iter,1610,1.2489120937036098,60.82831284208646,,2.960594162524008
losses_8u,iter,1620,1.234107656003202,60.96431862325719,,2.9957550825241386
losses_8u,iter,1630,1.2010750728230042,61.05045962983452,,3.016531017243525
losses_8u,iter,1640,1.2007213559605865,61.19731832025692,,3.022382424785073
losses_8u,iter,1650,1.1510202674546446,61.55196257806867,,3.6384142959016232
losses_8u,iter,1660,1.1686258664943199,61.85654614770651,,3.868631243766989
losses_8u,iter,1670,1.163462862301925,62.04870520471026,,4.4912198495672415
losses_8u,iter,1680,1.210992360242233,62.288824017058246,,4.5088207066436485
losses_8u,iter,1690,1.1367121763040244,62.33758644196895,,4.394822040050364
losses_8u,iter,1700,1.148415549340887,62.52679510487646,,3.251478526976643
losses_8u,iter,1710,1.1489588041517964,62.79254533004692,,3.3991332792781317
losses_8u,iter,1720,1.145531286564404,62.88440174871447,,3.2422440862083963
losses_8u,iter,1730,1.118393309770999,63.10723415773627,,3.5039233957695775
losses_8u,iter,1740,1.1632674905849183,63.22630431505914,,3.6543901315471308
losses_8u,iter,1750,1.2369833467116627,68.46469510553631,,3.5831327120268153
losses_8u,iter,1760,1.206405946680834,68.76876948468308,,3.764422538234118
losses_8u,iter,1770,1.1953847673907414,68.87526144676993,,3.5448889273488304
losses_8u,iter,1780,1.1367588464521456,69.39838727552886,,3.759521760760849
losses_8u,iter,1790,1.1930318537751374,69.53861136352229,,4.045546875510469
losses_8u,iter,1800,1.1370379148888696,70.38756635872623,,4.073462555231706
losses_8u,iter,1810,1.2140154428980758,70.49685366467911,,4.06556743252699
losses_8u,iter,1820,1.183430542307728,70.66696987486462,,3.020357597530996
losses_8u,iter,1830,1.1757772332983727,70.85690833169177,,3.073979816332278
losses_8u,iter,1840,1.1838110468827152,70.94531685643958,,3.298668569574859
losses_8u,iter,1850,1.157608973238238,70.98583269868128,,3.2670537882093367
losses_8u,iter,1860,1.1287992050674955,71.07041560509575,,3.5744469378845736
losses_8u,iter,1870,1.153671536660023,71.44908333766755,,3.4695553607955856
losses_8u,iter,1880,1.207498647240669,71.57240161475046,,3.7210873483172113
losses_8u,iter,1890,1.2209691759116164,71.69671695013868,,3.7050860941297317
losses_8u,iter,1900,1.2325883760027605,72.25982637070528,,3.7961502290178277
losses_8u,iter,1910,1.1950970078294947,72.50192107228352,,3.816231425498468
losses_8u,iter,1920,1.2391754149953496,72.78506208145272,,3.9888928803889616
losses_8u,iter,1930,1.1213668649227135,73.11091529855665,,3.8267259990448124
losses_8u,iter,1940,1.13707279844346,73.18963967671684,,5.6249488745892275
losses_8u,iter,1950,1.1324223324848954,73.36728667684635,,4.2200702620816015
losses_8u,iter,1960,1.1673036250018893,73.54673463625726,,3.233437793412727
losses_8u,iter,1970,1.114098227465856,73.70274915133774,,3.18120325706334
losses_8u,iter,1980,1.1996565146218239,73.7708380590663,,3.1641932148650245
losses_8u,iter,1990,1.1339547087003707,74.00685415981259,,3.0734024359317713
losses_8u,iter,2000,1.086532837836342,74.5064634505198,,3.293275740680608
losses_8u,iter,2010,1.108042299521145,74.56660912784695,,3.4509531552327135
losses_8u,iter,2020,1.117579558591388,74.6538912575673,,3.5713320833529765
losses_8u,iter,2030,1.098089176095323,74.76916962178103,,3.782818105929067
losses_8u,iter,2040,1.1072006891204615,75.08534185027098,,3.678725676505968
losses_8u,iter,2050,1.1259133945565087,75.75621488743825,,3.9136488531679516
losses_8u,iter,2060,1.1744103456183264,76.50892027179026,,4.079863409739068
losses_8u,iter,2070,1.101921604840266,76.8241872370376,,4.187517282531444
losses_8u,iter,2080,1.1166496082674753,77.05831324461758,,4.205941149210405
losses_8u,iter,2090,1.1170032060733925,77.08308789529633,,4.172426714159482
losses_8u,iter,2100,1.1509558578879775,77.48915496812894,,2.807150412315567
losses_8u,iter,2110,1.1390823531121734,78.80924398285845,,2.642664202186563
losses_8u,iter,2120,1.0990131735942201,79.04871606663913,,3.053113307357124
losses_8u,iter,2130,1.1511278945309238,79.24368889695728,,3.0008689081308733
losses_8u,iter,2140,1.1356891237968703,79.52611724995195,,3.5277764072357782
losses_8u,iter,2150,1.151568165469066,79.8132520659393,,3.5274178128158264
losses_8u,iter,2160,1.0915027323852355,79.99486189889087,,3.8202248290421092
losses_8u,iter,2170,1.1087327081664358,80.1149233815567,,3.7185582433656634
losses_8u,iter,2180,1.1091522632735247,80.33015051099895,,4.091435610298174
losses_8u,iter,2190,1.1403212550543878,80.38675448953127,,4.080692869891622
losses_8u,iter,2200,1.0892574458459103,80.42301342022151,,4.141846706974519
losses_8u,iter,2210,1.0939221985845125,80.90737525251525,,4.481203850793464
losses_8u,iter,2220,1.1295035433233227,81.02020933539832,,4.713379610780119
losses_8u,iter,2230,1.14033375598692,81.30234239584804,,4.345723423175789
losses_8u,iter,2240,1.116686515782571,81.85959395572866,,4.510695401288451
losses_8u,iter,2250,1.122616720062956,87.45910794290256,,4.255607661564687
losses_8u,iter,2260,1.1249547516160217,87.54253540071304,,4.019644714820333
losses_8u,iter,2270,1.0974816307742468,87.75134503642282,,3.775041938531718
losses_8u,iter,2280,1.0721779574811003,87.8163178809278,,3.7236824236553785
losses_8u,iter,2290,1.119686858646855,87.96582622556119,,3.5761187404766583
losses_8u,iter,2300,1.0823138326348964,88.34104687437556,,3.9734243779974823
losses_8u,iter,2310,1.0807049030897222,88.51145208480129,,3.6359065796630636
losses_8u,iter,2320,1.06376721101678,88.52785365196824,,3.5701580657693484
losses_8u,iter,2330,1.0926571042122306,88.55481161486094,,3.4136843493173297
losses_8u,iter,2340,1.1414208608912404,88.6496259204229,,3.2479250036508276
losses_8u,iter,2350,1.0690139119288915,89.12871918854654,,3.0183718501810186
losses_8u,iter,2360,1.062413181438767,89.32071510135515,,2.753640002994133
losses_8u,iter,2370,1.0243016479553926,89.50053671717389,,2.981895879407803
losses_8u,iter,2380,1.0327388249627816,89.5576801354962,,2.8105652693882583
losses_8u,iter,2390,1.1023281827888205,89.73785051321522,,2.9166295285003945
losses_8u,iter,2400,1.121093034972003,89.76396237338275,,4.338962918393178
losses_8u,iter,2410,1.105676051577506,89.98302672083959,,4.407932468627189
losses_8u,iter,2420,1.0689336678476835,90.39870620605207,,4.077228533875521
losses_8u,iter,2430,1.1516072160011674,90.48148483758462,,4.114594088265989
losses_8u,iter,2440,1.0531346321436954,90.86573329083413,,3.8848067229286323
losses_8u,iter,2450,1.1219790534473018,90.95595786557308,,4.052138479353264
losses_8u,iter,2460,1.0381562528963364,91.13736896686495,,3.6575186566830697
losses_8u,iter,2470,1.1047836040511907,91.28235708547795,,3.7176064507602806
losses_8u,iter,2480,1.060102651937273,91.4587927100216,,3.6301622589850404
losses_8u,iter,2490,1.0784253282783083,92.00602029809505,,3.502031900172732
losses_8u,iter,2500,1.0844748271720026,95.78240498484114,,3.526001878278225
losses_8u,iter,2510,1.0424325242744306,95.85677635975863,,3.2313856883585643
losses_8u,iter,2520,1.0479888911438455,95.87455741038957,,3.2134559442814967
losses_8u,iter,2530,1.0316027878368341,96.20635757121113,,3.0719219368364006
losses_8u,iter,2540,1.026354301077218,96.50293211210527,,3.040054327753124
losses_8u,iter,2550,1.0804629802810946,96.6887343951818,,2.6218367778574234
losses_8u,iter,2560,1.062493663632976,96.79393195679188,,2.66500877345036
losses_8u,iter,2570,1.0276582078686007,97.3738271931309,,4.331778539558093
losses_8u,iter,2580,1.0815825876099991,97.41598073857229,,4.200913105502999
losses_8u,iter,2590,1.03641552780532,97.50162553230388,,4.053138839446481
losses_8u,iter,2600,1.030254711083837,97.55171224456144,,3.904835556078618
losses_8u,iter,2610,1.0909334042007586,97.76707795758134,,3.9444687466122366
losses_8u,iter,2620,1.0874917188898297,97.87926751042326,,3.7847892322607164
losses_8u,iter,2630,1.0268512429095071,98.74987516391882,,3.3926135611258514
losses_8u,iter,2640,1.03358615007548,98.91624176714666,,3.5303955096022333
losses_8u,iter,2650,1.0728130048537479,99.04889629188533,,3.3766997979167215
losses_8u,iter,2660,1.0541872106629262,99.30192654194494,,3.486161084653484
losses_8u,iter,2670,1.048872885658639,99.3906986633782,,3.2341126782920266
losses_8u,iter,2680,1.0027159901103917,99.45960549500037,,2.9351629970788946
losses_8u,iter,2690,1.0553952769715602,99.70560127256661,,3.095614588844985
losses_8u,iter,2700,1.0234212251356085,99.81446016108903,,2.7056028639329623
losses_8u,iter,2710,1.0553678939764894,100.16377539627345,,4.026285249011012
losses_8u,iter,2720,0.9867216422176472,100.3763582833685,,4.183869707909587
losses_8u,iter,2730,1.0144163867347469,100.5545127676625,,3.8740964045522563
losses_8u,iter,2740,1.0433784281693845,100.7320214560995,,3.9975897983870032
losses_8u,iter,2750,1.003058634718281,102.49056275571853,,3.8767018783058567
losses_8u,iter,2760,1.0006932201701442,102.66289308896813,,4.137810251898114
losses_8u,iter,2770,1.0563783264946107,102.78090941692797,,3.7592927572983816
losses_8u,iter,2780,0.9722559797888681,102.81476950244392,,3.4648024469681706
losses_8u,iter,2790,1.0380980342676853,102.98681141129127,,3.5814476605244256
losses_8u,iter,2800,0.9959438182598227,103.09879317715475,,3.4591189213422306
losses_8u,iter,2810,1.0007217937302182,103.15239129141241,,3.308079490705389
losses_8u,iter,2820,1.0213844065283244,103.45588582344139,,3.289230400573533
losses_8u,iter,2830,1.047195022399786,103.57472715585428,,3.167504198537771
losses_8u,iter,2840,0.9900197453892036,103.61541855589238,,3.2412399988552627
losses_8u,iter,2850,0.9288931021898699,103.76674678508549,,3.0626372780163083
losses_8u,iter,2860,1.033013012082993,103.86010266450589,,6.264584761531348
losses_8u,iter,2870,0.9650056175048084,103.90137809915664,,4.039880436690408
losses_8u,iter,2880,1.0676928610014647,104.10918265470961,,4.089595233108919
losses_8u,iter,2890,0.9982593481343298,104.17840785475924,,3.9713856544774644
losses_8u,iter,2900,1.004354564724143,104.46497315545605,,2.935611383646437
losses_8u,iter,2910,0.9799978668344533,104.54295385732854,,2.902852955658682
losses_8u,iter,2920,0.9832304889308399,104.89480172695227,,2.7358969482173072
losses_8u,iter,2930,1.0092268329427834,105.12720720268439,,4.206571151179538
losses_8u,iter,2940,0.9804883200874758,105.30287312192482,,4.084107321973687
losses_8u,iter,2950,1.000949072589308,105.39071865597339,,3.937408985588949
losses_8u,iter,2960,1.0104110879513555,105.72086316101603,,4.006166699471298
losses_8u,iter,2970,0.9970027067735698,105.96136969228652,,3.886300729727285
losses_8u,iter,2980,1.0094698272599139,106.08124807366134,,3.7025144472235443
losses_8u,iter,2990,1.0172642182221352,106.33851072730126,,3.6037762531049613
losses_8u,iter,3000,0.997070628506996,107.15344126984094,,3.5998459192146948
losses_8u,iter,3010,0.9941807105467486,107.1984798228536,,3.447968546342326
losses_8u,iter,3020,1.0066465214115892,107.34786599267073,,3.2748196984334688
losses_8u,iter,3030,1.0118950081712057,107.51890673437754,,3.095481528535932
losses_8u,iter,3040,0.9500963505558785,107.74541464340479,,3.10174930967831
losses_8u,iter,3050,0.9997770804002675,107.91551213641917,,3.9023880329742484
losses_8u,iter,3060,0.9947752191810408,108.34950580622706,,3.961478991465252
losses_8u,iter,3070,0.9867378339016891,108.40682856930509,,3.966288375758939
losses_8u,iter,3080,1.0079834068535574,108.6601487019707,,3.7356018277476166
losses_8u,iter,3090,1.0150673876784357,108.85757722255669,,3.678425717392448
losses_8u,iter,3100,1.007169060391445,109.35395251355739,,3.625881248561268
losses_8u,iter,3110,0.9895883441603344,109.53902366681376,,3.5708361362041354
losses_8u,iter,3120,0.9672973360792538,109.75379497918543,,3.2680685053907
losses_8u,iter,3130,0.9563234222197837,110.50721663379512,,3.5023676751387027
losses_8u,iter,3140,0.9936630528834057,110.82310518587865,,3.0914970900236565
losses_8u,iter,3150,0.9126277221741719,111.09322296800775,,4.3281018826552975
losses_8u,iter,3160,0.9635050889031653,111.2165392778736,,4.316380758889131
losses_8u,iter,3170,0.9592968583149979,111.40276362250926,,4.032030558041808
losses_8u,iter,3180,0.9851226538902487,111.44722776491231,,3.1933489757286213
losses_8u,iter,3190,0.9468812892932875,111.53244309616773,,4.057479225913449
losses_8u,iter,3200,1.0000251941469112,111.81627776449008,,3.683409141204171
losses_8u,iter,3210,0.9585066803224478,111.85670628521116,,3.533397072336778
losses_8u,iter,3220,0.9496708426237745,112.03677304739232,,3.1463063643380083
losses_8u,iter,3230,0.9247954155622391,112.20554568393355,,2.8612674419615143
losses_8u,iter,3240,0.9945206168551304,112.43302902859251,,3.076558023597128
losses_8u,iter,3250,0.9515881285047488,112.91231178509507,,2.755352114393293
losses_8u,iter,3260,0.9172710447427183,112.93766708436044,,2.817532801979178
losses_8u,iter,3270,0.9837421342409173,113.34850664783914,,2.529373611521016
losses_8u,iter,3280,0.9859864683282399,113.53153511660305,,3.8670877405402924
losses_8u,iter,3290,0.9258051337413586,113.76435179723153,,3.55797263545334
losses_8u,iter,3300,0.9172868792572595,114.37729398680982,,3.6670963807528714
losses_8u,iter,3310,0.8963844866675313,114.56917157999287,,3.7385037882180585
losses_8u,iter,3320,0.9599360131369059,114.6038494415748,,3.686210131835102
losses_8u,iter,3330,0.9058900767086921,114.7334845506648,,3.5243723516680423
losses_8u,iter,3340,0.9138242995305261,115.05353328239757,,3.4391318376129627
losses_8u,iter,3350,0.9820331972354835,115.17247661979617,,3.1421456830793804
losses_8u,iter,3360,0.9825990132532016,115.30388565968546,,3.301754988411415
losses_8u,iter,3370,0.9325081337652484,115.40754517876886,,3.1854906532027822
losses_8u,iter,3380,0.8986722168492165,115.9481354067729,,3.1341572067500794
losses_8u,iter,3390,0.9432408986833432,116.39830739831429,,2.807209041545912
losses_8u,iter,3400,1.010059633162444,116.43791467476046,,2.7737426241857346
losses_8u,iter,3410,0.916002438203677,117.21462514192498,,4.101327669952681
losses_8u,iter,3420,0.9568323887586042,117.30433182673168,,3.8311006230816855
losses_8u,iter,3430,0.928627963363682,118.15163120648637,,3.6266412573619786
losses_8u,iter,3440,0.9231132662693751,118.20953453274392,,3.4778538258747442
losses_8u,iter,3450,0.909113233813304,118.61046380792783,,3.0749797422352625
losses_8u,iter,3460,0.9489614444666842,118.71733747950279,,2.7672340866064316
losses_8u,iter,3470,1.0017950880805029,118.86493950362085,,2.613862162864742
losses_8u,iter,3480,0.9513370978738473,119.20148456280099,,2.5306493729749935
losses_8u,iter,3490,0.9083629397483577,119.29419804625017,,2.6029890463252436
losses_8u,iter,3500,0.9679341692994059,121.68485348475338,,2.679508417224639
losses_8u,iter,3510,0.906171347690672,121.84962537943333,,2.9761969572240314
losses_8u,iter,3520,0.9008079714082574,122.28482852985351,,3.48547835283001
losses_8u,iter,3530,0.9311875590638224,122.78427217522788,,3.276351892918982
losses_8u,iter,3540,0.9210878770861204,123.53299634428356,,3.396766404677402
losses_8u,iter,3550,0.8955632349284007,123.74502796778775,,3.2382531229831812
losses_8u,iter,3560,0.8840885694286315,123.9772234197451,,3.619075799434119
losses_8u,iter,3570,0.9281903711967969,124.08318425969301,,3.7800105828781256
losses_8u,iter,3580,0.9405695089294127,124.17390489833178,,4.21077336634201
losses_8u,iter,3590,0.934755087095578,124.2320692537897,,2.53352268600162
losses_8u,iter,3600,0.9428486075148252,124.37197355198045,,2.6953621132121715
losses_8u,iter,3610,0.9194223957032998,124.56160081095146,,2.740225920624904
losses_8u,iter,3620,0.9260205069504174,124.7296853470153,,2.8199523330031036
losses_8u,iter,3630,0.9277894484320065,124.99316735298362,,3.1372313693084815
losses_8u,iter,3640,0.9308011016638199,125.0493758673718,,3.03688384661032
losses_8u,iter,3650,0.8977061328774602,125.71523925032162,,3.3705505664820357
losses_8u,iter,3660,0.8963884750602917,125.92787441532302,,3.516385468397313
losses_8u,iter,3670,0.8823932048642331,126.32623923832101,,3.5327995652377804
losses_8u,iter,3680,0.9247417806088499,126.54681910483556,,3.945264173521807
losses_8u,iter,3690,0.911558832914399,126.63139812947632,,3.5410534686661346
losses_8u,iter,3700,0.9185032199926649,126.76048664738305,,4.050125735278745
losses_8u,iter,3710,0.9030183148647418,126.772417207918,,3.6233354806510745
losses_8u,iter,3720,0.8985777455162214,126.96880024642549,,4.695218833101833
losses_8u,iter,3730,0.8927463581310928,127.12667941028798,,3.630015447183027
losses_8u,iter,3740,0.9381770685557057,127.5638266607196,,3.606608164794962
losses_8u,iter,3750,0.9053095572131861,128.01846034619948,,3.4280392941949795
losses_8u,iter,3760,0.8471603385018268,128.13957212723068,,3.1659553327899728
losses_8u,iter,3770,0.8949265207647489,128.27201096855953,,2.91976625715974
losses_8u,iter,3780,0.8690679846519129,128.33289976151462,,3.0714415382072833
losses_8u,iter,3790,0.8918057522504025,128.38680874062433,,2.9765495598769487
losses_8u,iter,3800,0.870490709830604,128.45363170426316,,2.883333752416101
losses_8u,iter,3810,0.8068283417594417,128.8219478389242,,2.732377577640302
losses_8u,iter,3820,0.8564900820920315,129.19080808309076,,2.7692158574388177
losses_8u,iter,3830,0.9275530022223932,129.24373603146256,,2.9044421945400476
losses_8u,iter,3840,0.9316278300019648,129.38951148315095,,2.7673960409589498
losses_8u,iter,3850,0.8089105804215938,129.63462823433696,,3.2524681622185714
losses_8u,iter,3860,0.8942306355204435,129.85383047726992,,3.031476896753435
losses_8u,iter,3870,0.8707625158208091,129.90392378379613,,3.129091852616271
losses_8u,iter,3880,0.8863587983047713,130.00717097910922,,3.085460986782094
losses_8u,iter,3890,0.840126242350578,130.06038785798899,,3.0169157158647995
losses_8u,iter,3900,0.8901219956947842,130.4388218649252,,3.4494136801271016
losses_8u,iter,3910,0.8566803343795251,131.79080686539874,,2.1847264973326004
losses_8u,iter,3920,0.906462798003428,131.95241702173857,,3.669889923797819
losses_8u,iter,3930,0.8883346004556472,131.98262042467616,,3.3826897740099673
losses_8u,iter,3940,0.8641768459779736,132.30824730480154,,3.829245220584122
losses_8u,iter,3950,0.8791231394984994,132.89173558797611,,3.903913977199765
losses_8u,iter,3960,0.8177941597768908,133.43889405839323,,2.453373420045365
losses_8u,iter,3970,0.8662524174761084,133.62952870492336,,2.8461572561728627
losses_8u,iter,3980,0.8253320435091968,133.8916070614519,,5.770368575799462
losses_8u,iter,3990,0.8733671148780663,134.07240231898479,,2.651301807782383
losses_8u,iter,4000,0.8577297579014976,137.35401582233865,,3.073226483326166
losses_8u,iter,4010,0.8638415828731038,137.62869769766291,,3.0584754162514867
losses_8u,iter,4020,0.8786614979185517,137.72007703171073,,3.389497177506489
losses_8u,iter,4030,0.815116460028444,137.82568545168007,,3.3286444760354894
losses_8u,iter,4040,0.9032261279860311,137.952585536747,,2.92711192687386
losses_8u,iter,4050,0.891391554685828,138.0913182330814,,3.3277384742275222
losses_8u,iter,4060,0.8567990932385832,138.2859409240514,,3.4971297566221784
losses_8u,iter,4070,0.796830155448253,138.6964125950409,,3.5694382378418137
losses_8u,iter,4080,0.8937976865570703,138.75685983270245,,3.666803809311489
losses_8u,iter,4090,0.8466787549580774,139.10600496857657,,4.050289382626868
losses_8u,iter,4100,0.834798523490006,139.25075736639187,,4.050370359815163
losses_8u,iter,4110,0.8288899874926773,139.26761724055405,,4.138566851515183
losses_8u,iter,4120,0.8848115995550072,139.3918140184765,,3.9955227629158463
losses_8u,iter,4130,0.8326965214488027,139.52555500430464,,3.8463056188325355
losses_8u,iter,4140,0.8519499219810027,139.7847286790035,,4.0509587446851985
losses_8u,iter,4150,0.8659535261320829,140.0532681753093,,3.6681308779190713
losses_8u,iter,4160,0.8774115237218089,140.22032015440269,,3.362414430526819
losses_8u,iter,4170,0.88204121432107,140.30721023027152,,3.2842470827146353
losses_8u,iter,4180,0.8227198843641699,140.66473274783863,,3.111589553210512
losses_8u,iter,4190,0.8702192014816496,140.76273224089167,,3.0046407601544245
losses_8u,iter,4200,0.8297424320348888,140.82775323139902,,2.865631846219322
losses_8u,iter,4210,0.8886352776471772,140.92849439244463,,2.4821217665538255
losses_8u,iter,4220,0.823193669707149,141.037554642267,,3.91126590056419
losses_8u,iter,4230,0.8945063703751589,141.1893536998685,,3.6225977587442504
losses_8u,iter,4240,0.9092820559307422,141.30583562350702,,3.572658958156908
losses_8u,iter,4250,0.8396510283295952,142.68603557692205,,3.711611180879094
losses_8u,iter,4260,0.8588109099808025,142.91967975233615,,3.5797405958191018
losses_8u,iter,4270,0.8120762332365565,143.23435380019325,,3.3065585593993903
losses_8u,iter,4280,0.8873116074767431,143.49051668044,,3.044630349144681
losses_8u,iter,4290,0.8912060646583467,143.6211053192728,,3.2664567869789893
losses_8u,iter,4300,0.8356096554266104,143.7195791262818,,3.0645206587797906
losses_8u,iter,4310,0.8726299170281537,143.858979291758,,2.808235205546256
losses_8u,iter,4320,0.8397324034475563,144.0072313586859,,2.7622343689831816
losses_8u,iter,4330,0.8845293165927749,144.3369023980523,,2.6129643943308043
losses_8u,iter,4340,0.8271558700374284,144.47507342215133,,2.335156631955694
losses_8u,iter,4350,0.8339225652889835,144.53851321626414,,3.0158447070539043
losses_8u,iter,4360,0.8493229403016874,144.6236361075878,,3.169981387673634
losses_8u,iter,4370,0.8399968874629924,145.30970616371565,,3.3060325287188945
losses_8u,iter,4380,0.8235086932069663,145.38894556977175,,3.6271209344428925
losses_8u,iter,4390,0.801009633891596,145.45043646221222,,3.9011937136132366
losses_8u,iter,4400,0.8616979705850425,145.58491051168934,,2.1675909176738277
losses_8u,iter,4410,0.8292899578054649,146.2681609780415,,2.8036351772305967
losses_8u,iter,4420,0.8649410101252061,146.4481117992866,,2.932997905780159
losses_8u,iter,4430,0.842058886520092,146.66070322981574,,2.8653731027856018
losses_8u,iter,4440,0.8679029572681404,146.70805358185484,,3.054259130604537
losses_8u,iter,4450,0.8544357621792018,146.75867935144672,,4.891837916942206
losses_8u,iter,4460,0.8504402855570862,146.9264929736875,,3.2794526159363144
losses_8u,iter,4470,0.8224861764540635,147.04561020537636,,3.3514933043043924
losses_8u,iter,4480,0.8301981803180711,147.27617164131493,,2.774285809110018
losses_8u,iter,4490,0.8052697731138982,147.345637218497,,3.3944475762585995
losses_8u,iter,4500,0.8768992831292299,151.65183163234798,,3.6465722671793688
losses_8u,iter,4510,0.8137880871262477,152.03161666070227,,3.5371869389330715
losses_8u,iter,4520,0.8420919246989277,152.08011257613393,,3.659825936912427
losses_8u,iter,4530,0.8235288137555186,152.28338272282397,,3.6654619171744303
losses_8u,iter,4540,0.8285165667794585,152.4170192271879,,3.492633328249637
losses_8u,iter,4550,0.8073902884408997,152.95039251103137,,3.835971360201951
losses_8u,iter,4560,0.8044172690434366,153.15273055175263,,2.584906990127647
losses_8u,iter,4570,0.8519319444494561,153.51203095371946,,2.6250722711091505
losses_8u,iter,4580,0.8280727836745572,153.6689524905986,,3.0673156478759287
losses_8u,iter,4590,0.7577147375542741,153.884433322292,,3.3239244433733814
losses_8u,iter,4600,0.8128876032861615,154.81701582038505,,3.4329223696481677
losses_8u,iter,4610,0.8427751304259501,155.70759322896623,,3.8131300308050338
losses_8u,iter,4620,0.8386204157346714,155.7506037487036,,3.914227719673019
losses_8u,iter,4630,0.8153886827164002,155.97463450502445,,2.653256332188945
losses_8u,iter,4640,0.8500379341142923,156.17531677996325,,2.7318370621961328
losses_8u,iter,4650,0.8451011372724846,156.24593631335114,,3.06790182359361
losses_8u,iter,4660,0.8487962343443209,156.33869401218715,,3.429425983396316
losses_8u,iter,4670,0.8216370059656105,156.5324358182362,,3.5502573294362656
losses_8u,iter,4680,0.8838032505256412,156.91790085148514,,3.6671498824638338
losses_8u,iter,4690,0.8381007341108231,157.17255739251198,,4.134569018086004
losses_8u,iter,4700,0.8301760953372639,157.29229489177135,,2.8833442794356405
losses_8u,iter,4710,0.8607336129325407,157.36409631336727,,3.091209173466296
losses_8u,iter,4720,0.8516610909112534,157.3954559907647,,3.2057530611643257
losses_8u,iter,4730,0.8253540689617539,157.96295601722997,,3.061884955691098
losses_8u,iter,4740,0.7741985267197887,158.07041386699265,,2.971186583867051
losses_8u,iter,4750,0.8463303956381737,159.0027056695921,,3.3583553202293315
losses_8u,iter,4760,0.753377985474023,159.1720258097415,,3.57024089411222
losses_8u,iter,4770,0.8113908844925285,159.3280458620166,,3.8271267419892947
losses_8u,iter,4780,0.8009352831071531,159.49205383553627,,3.652163005676328
losses_8u,iter,4790,0.812498050417151,159.77234237354241,,3.308032396475463
losses_8u,iter,4800,0.8401315403648417,159.8859304750834,,3.789228714139676
losses_8u,iter,4810,0.8314413087660463,159.9579002522666,,3.6414190608045467
losses_8u,iter,4820,0.8483479270924079,160.10799131437543,,3.536470541056519
losses_8u,iter,4830,0.8146818442740664,160.28447828651971,,3.6108859693203326
losses_8u,iter,4840,0.7684239888135576,160.35450490977703,,3.6887447480754094
losses_8u,iter,4850,0.7805468574292584,160.42315753794068,,4.062143430700917
losses_8u,iter,4860,0.8320774276471966,160.49536450318104,,3.3467172667651077
losses_8u,iter,4870,0.8142884815970459,160.81844546415564,,3.3832544504091415
losses_8u,iter,4880,0.84756626163963,161.3297338706401,,3.405653072028599
losses_8u,iter,4890,0.8585592245391496,161.79353545794027,,3.278231286097818
losses_8u,iter,4900,0.8135079471810209,161.87437422542928,,2.934174565738964
losses_8u,iter,4910,0.7894414495108341,161.97010050510116,,2.9688018177114266
losses_8u,iter,4920,0.7890991025441959,162.02961362153368,,3.0238869213917736
losses_8u,iter,4930,0.812740925677781,162.75381968384968,,2.8391018775774897
losses_8u,iter,4940,0.7738476672133785,162.86658007056846,,4.1914832452490485
losses_8u,iter,4950,0.781055883496329,163.02807463978138,,4.0291128851153
losses_8u,iter,4960,0.8718468824256222,163.14145475951145,,4.022083137590155
losses_8u,iter,4970,0.8280743314090612,163.3325871621951,,3.3291338809493776
losses_8u,iter,4980,0.8016557535187723,163.40455970718298,,3.158585546797739
losses_8u,iter,4990,0.7800788463265442,163.50623443312026,,2.962723919694057
losses_8u,iter,5000,0.8000839100734444,164.3995138113692,,2.9310346400012426
losses_8u,train_step,0,4.288322925567627,1.9846531653846957,,
losses_8u,train_step,250,1.960404634475708,10.976187579353528,,
losses_8u,train_step,500,1.5304138660430908,19.116244486182303,,
losses_8u,train_step,750,1.3597168922424316,31.21127212318538,,
losses_8u,train_step,1000,1.272007703781128,41.85320332147602,,
losses_8u,train_step,1250,1.2078872919082642,50.3618240779146,,
losses_8u,train_step,1500,1.1495983600616455,58.82849921301922,,
losses_8u,train_step,1750,1.1004009246826172,67.31308224126681,,
losses_8u,train_step,2000,1.0472584962844849,74.5024831490021,,
losses_8u,train_step,2250,1.0055890083312988,87.41902375641867,,
losses_8u,train_step,2500,0.955686628818512,95.75168712963642,,
losses_8u,train_step,2750,0.9069372415542604,102.47671062228201,,
losses_8u,train_step,3000,0.8604692816734314,107.1468093352526,,
losses_8u,train_step,3250,0.8115473389625549,112.90826458845547,,
losses_8u,train_step,3500,0.7725471258163452,121.66448737016213,,
losses_8u,train_step,3750,0.732388436794281,128.0147037244715,,
losses_8u,train_step,4000,0.6985978484153748,137.32740660963145,,
losses_8u,train_step,4250,0.667738139629364,142.6748284591593,,
losses_8u,train_step,4500,0.6434657573699951,151.61698201842154,,
losses_8u,train_step,4750,0.6265382170677185,158.99516381408634,,
losses_8u,train_step,5000,0.6087746024131775,164.39227502297527,,
losses_8u,val_step,0,4.281205654144287,1.9846531653846957,,
losses_8u,val_step,250,2.0754566192626958,10.976187579353528,,
losses_8u,val_step,500,1.7206649780273438,19.116244486182303,,
losses_8u,val_step,750,1.5895687341690063,31.21127212318538,,
losses_8u,val_step,1000,1.5241414308547974,41.85320332147602,,
losses_8u,val_step,1250,1.485776424407959,50.3618240779146,,
losses_8u,val_step,1500,1.4746617078781128,58.82849921301922,,
losses_8u,val_step,1750,1.465572476387024,67.31308224126681,,
losses_8u,val_step,2000,1.48020601272583,74.5024831490021,,
losses_8u,val_step,2250,1.4921329021453855,87.41902375641867,,
losses_8u,val_step,2500,1.4935117959976196,95.75168712963642,,
losses_8u,val_step,2750,1.5126659870147705,102.47671062228201,,
losses_8u,val_step,3000,1.527968406677246,107.1468093352526,,
losses_8u,val_step,3250,1.5621404647827148,112.90826458845547,,
losses_8u,val_step,3500,1.5892541408538818,121.66448737016213,,
losses_8u,val_step,3750,1.618505358695984,128.0147037244715,,
losses_8u,val_step,4000,1.6328297853469849,137.32740660963145,,
losses_8u,val_step,4250,1.651582956314087,142.6748284591593,,
losses_8u,val_step,4500,1.678011775016785,151.61698201842154,,
losses_8u,val_step,4750,1.7052706480026243,158.99516381408634,,
losses_8u,val_step,5000,1.7190481424331665,164.39227502297527,,
