run,type,x,loss,elapsed_s,iter_time_ms,mfu_percent
1u_s1.0_bs64_lr0.001,iter,0,4.271370887756348,2.4140923023223877,,
1u_s1.0_bs64_lr0.001,iter,10,3.1476478576660156,2.561408281326294,,27.252377101803333
1u_s1.0_bs64_lr0.001,iter,20,2.7333414554595947,2.6994128227233887,,27.30419046646676
1u_s1.0_bs64_lr0.001,iter,30,2.6156601905822754,2.835428237915039,,27.38392780361489
1u_s1.0_bs64_lr0.001,iter,40,2.5760958194732666,2.970545530319214,,27.466138839191533
1u_s1.0_bs64_lr0.001,iter,50,2.525665044784546,3.106187105178833,,27.50494034363688
1u_s1.0_bs64_lr0.001,iter,60,2.5101401805877686,3.24068284034729,,27.546978648707714
1u_s1.0_bs64_lr0.001,iter,70,2.493720293045044,3.3753058910369873,,27.626439047344643
1u_s1.0_bs64_lr0.001,iter,80,2.4949405193328857,3.5102744102478027,,27.664032675821655
1u_s1.0_bs64_lr0.001,iter,90,2.464185953140259,3.644209384918213,,27.760339499660535
1u_s1.0_bs64_lr0.001,iter,100,2.4558656215667725,3.7787270545959473,,27.72829939489581
1u_s1.0_bs64_lr0.001,iter,110,2.4545106887817383,3.9155313968658447,,27.69273511631892
1u_s1.0_bs64_lr0.001,iter,120,2.429379940032959,4.05238676071167,,27.721793907441356
1u_s1.0_bs64_lr0.001,iter,130,2.4133079051971436,4.19053053855896,,27.682811282132707
1u_s1.0_bs64_lr0.001,iter,140,2.4041759967803955,4.328021764755249,,27.682776592708123
1u_s1.0_bs64_lr0.001,iter,150,2.4085311889648438,4.4659082889556885,,27.666028967083413
1u_s1.0_bs64_lr0.001,iter,160,2.3675670623779297,4.604304790496826,,27.633961841119586
1u_s1.0_bs64_lr0.001,iter,170,2.3564279079437256,4.742751359939575,,27.596944330206618
1u_s1.0_bs64_lr0.001,iter,180,2.301300048828125,4.880995988845825,,27.556607812052626
1u_s1.0_bs64_lr0.001,iter,190,2.2393081188201904,5.019563436508179,,27.526707563846976
1u_s1.0_bs64_lr0.001,iter,200,2.2028861045837402,5.1575727462768555,,27.494814925616478
1u_s1.0_bs64_lr0.001,iter,210,2.141212224960327,5.295915603637695,,27.464076386837178
1u_s1.0_bs64_lr0.001,iter,220,2.134030818939209,5.434475660324097,,27.441908898774546
1u_s1.0_bs64_lr0.001,iter,230,2.077906847000122,5.573375940322876,,27.45215761061599
1u_s1.0_bs64_lr0.001,iter,240,2.0766162872314453,5.712572336196899,,27.439230750817167
1u_s1.0_bs64_lr0.001,iter,250,2.0310893058776855,8.739706754684448,,24.70814604057657
1u_s1.0_bs64_lr0.001,iter,260,1.9738291501998901,8.877176523208618,,24.981710748554804
1u_s1.0_bs64_lr0.001,iter,270,1.967468023300171,9.01350474357605,,25.267367421929382
1u_s1.0_bs64_lr0.001,iter,280,1.9769608974456787,9.150018453598022,,25.53561006814683
1u_s1.0_bs64_lr0.001,iter,290,1.9155269861221313,9.285173654556274,,25.77203901886601
1u_s1.0_bs64_lr0.001,iter,300,1.8985800743103027,9.420488595962524,,25.93406775581024
1u_s1.0_bs64_lr0.001,iter,310,1.8705506324768066,9.556119203567505,,26.073140960667562
1u_s1.0_bs64_lr0.001,iter,320,1.8552734851837158,9.690552473068237,,26.252682616836537
1u_s1.0_bs64_lr0.001,iter,330,1.8150368928909302,9.825468301773071,,26.4133759131331
1u_s1.0_bs64_lr0.001,iter,340,1.7908539772033691,9.959969997406006,,26.515020831580255
1u_s1.0_bs64_lr0.001,iter,350,1.8252387046813965,10.096055030822754,,26.62726158557752
1u_s1.0_bs64_lr0.001,iter,360,1.7672513723373413,10.232082843780518,,26.711809195958086
1u_s1.0_bs64_lr0.001,iter,370,1.7453831434249878,10.368021726608276,,26.82183047301913
1u_s1.0_bs64_lr0.001,iter,380,1.7260000705718994,10.504295587539673,,26.89316499867585
1u_s1.0_bs64_lr0.001,iter,390,1.7298855781555176,10.64236330986023,,26.890530363642412
1u_s1.0_bs64_lr0.001,iter,400,1.7630244493484497,10.782149314880371,,26.883318490020454
1u_s1.0_bs64_lr0.001,iter,410,1.6932427883148193,10.924028158187866,,26.877242037481853
1u_s1.0_bs64_lr0.001,iter,420,1.7104623317718506,11.063149452209473,,26.886212868607224
1u_s1.0_bs64_lr0.001,iter,430,1.6836594343185425,11.203033924102783,,26.919696561997863
1u_s1.0_bs64_lr0.001,iter,440,1.6558520793914795,11.342501401901245,,26.94377677183099
1u_s1.0_bs64_lr0.001,iter,450,1.6496732234954834,11.482054710388184,,26.986041669348154
1u_s1.0_bs64_lr0.001,iter,460,1.5935871601104736,11.621618509292603,,26.984551372693627
1u_s1.0_bs64_lr0.001,iter,470,1.657126545906067,11.761855363845825,,26.9428636626453
1u_s1.0_bs64_lr0.001,iter,480,1.617945909500122,11.902728080749512,,26.968692468442175
1u_s1.0_bs64_lr0.001,iter,490,1.5912878513336182,12.044281482696533,,26.984149372046257
1u_s1.0_bs64_lr0.001,iter,500,1.6003680229187012,14.92598819732666,,24.299251832957005
1u_s1.0_bs64_lr0.001,iter,510,1.605342984199524,15.067136287689209,,24.558088454693937
1u_s1.0_bs64_lr0.001,iter,520,1.5869258642196655,15.206537246704102,,24.81089224056771
1u_s1.0_bs64_lr0.001,iter,530,1.5559643507003784,15.345960855484009,,25.04812039091101
1u_s1.0_bs64_lr0.001,iter,540,1.6127549409866333,15.484856843948364,,25.278179078912004
1u_s1.0_bs64_lr0.001,iter,550,1.5617148876190186,15.625044345855713,,25.44454592263487
1u_s1.0_bs64_lr0.001,iter,560,1.5615036487579346,15.76380968093872,,25.58852937766095
1u_s1.0_bs64_lr0.001,iter,570,1.5582908391952515,15.90278172492981,,25.739745062075052
1u_s1.0_bs64_lr0.001,iter,580,1.5293660163879395,16.041999578475952,,25.880688085722014
1u_s1.0_bs64_lr0.001,iter,590,1.488889217376709,16.181424140930176,,25.99987126816197
1u_s1.0_bs64_lr0.001,iter,600,1.5137872695922852,16.321950435638428,,26.07410787115314
1u_s1.0_bs64_lr0.001,iter,610,1.5298484563827515,16.462165117263794,,26.183880231191498
1u_s1.0_bs64_lr0.001,iter,620,1.5306861400604248,16.60250973701477,,26.25823798159679
1u_s1.0_bs64_lr0.001,iter,630,1.5097945928573608,16.73910880088806,,26.439643005528783
1u_s1.0_bs64_lr0.001,iter,640,1.4556171894073486,16.874351263046265,,26.60568351342503
1u_s1.0_bs64_lr0.001,iter,650,1.4932193756103516,17.010336875915527,,26.660315687457903
1u_s1.0_bs64_lr0.001,iter,660,1.5015729665756226,17.150558710098267,,26.678566501254224
1u_s1.0_bs64_lr0.001,iter,670,1.4395837783813477,17.29025173187256,,26.819654089826354
1u_s1.0_bs64_lr0.001,iter,680,1.5060606002807617,17.425753593444824,,26.93842802175966
1u_s1.0_bs64_lr0.001,iter,690,1.4545297622680664,17.561895608901978,,26.983913880871803
1u_s1.0_bs64_lr0.001,iter,700,1.4737226963043213,17.69736385345459,,27.03076950128846
1u_s1.0_bs64_lr0.001,iter,710,1.4500682353973389,17.831550121307373,,27.113505132549438
1u_s1.0_bs64_lr0.001,iter,720,1.4389362335205078,17.967330932617188,,27.14629300186871
1u_s1.0_bs64_lr0.001,iter,730,1.4234247207641602,18.10159158706665,,27.266387419190668
1u_s1.0_bs64_lr0.001,iter,740,1.421584963798523,18.236653566360474,,27.355372685362905
1u_s1.0_bs64_lr0.001,iter,750,1.424852967262268,21.084853649139404,,24.633500547509158
1u_s1.0_bs64_lr0.001,iter,760,1.4405317306518555,21.22319483757019,,24.91467438277917
1u_s1.0_bs64_lr0.001,iter,770,1.4229737520217896,21.362523555755615,,25.11044314534603
1u_s1.0_bs64_lr0.001,iter,780,1.3986347913742065,21.502094745635986,,25.305338396605464
1u_s1.0_bs64_lr0.001,iter,790,1.4194049835205078,21.64128017425537,,25.450630769811855
1u_s1.0_bs64_lr0.001,iter,800,1.4244407415390015,21.780483961105347,,25.56174813880504
1u_s1.0_bs64_lr0.001,iter,810,1.399977684020996,21.91955590248108,,25.669586440323855
1u_s1.0_bs64_lr0.001,iter,820,1.4121447801589966,22.058881282806396,,25.794214222791172
1u_s1.0_bs64_lr0.001,iter,830,1.3883763551712036,22.200072526931763,,25.814550896244242
1u_s1.0_bs64_lr0.001,iter,840,1.3983995914459229,22.34519100189209,,25.775962251596095
1u_s1.0_bs64_lr0.001,iter,850,1.3865182399749756,22.490012645721436,,25.77387576460256
1u_s1.0_bs64_lr0.001,iter,860,1.3926239013671875,22.64754295349121,,25.88571263952713
1u_s1.0_bs64_lr0.001,iter,870,1.3907220363616943,22.786393880844116,,26.04147249833354
1u_s1.0_bs64_lr0.001,iter,880,1.3757957220077515,22.925073862075806,,26.19030929741833
1u_s1.0_bs64_lr0.001,iter,890,1.3853175640106201,23.06434988975525,,26.278811758313523
1u_s1.0_bs64_lr0.001,iter,900,1.364365816116333,23.203216075897217,,26.375693173202585
1u_s1.0_bs64_lr0.001,iter,910,1.31466543674469,23.341654539108276,,26.43817322083865
1u_s1.0_bs64_lr0.001,iter,920,1.3591758012771606,23.480837106704712,,26.51513401690899
1u_s1.0_bs64_lr0.001,iter,930,1.3596123456954956,23.61956000328064,,26.61326272361239
1u_s1.0_bs64_lr0.001,iter,940,1.3403890132904053,23.758272647857666,,26.72312793749414
1u_s1.0_bs64_lr0.001,iter,950,1.348792552947998,23.89627695083618,,26.82722489008758
1u_s1.0_bs64_lr0.001,iter,960,1.3618587255477905,24.035489797592163,,26.73357980422853
1u_s1.0_bs64_lr0.001,iter,970,1.3581774234771729,24.175736904144287,,26.7912216393004
1u_s1.0_bs64_lr0.001,iter,980,1.346090316772461,24.314401388168335,,26.786231692688045
1u_s1.0_bs64_lr0.001,iter,990,1.335172414779663,24.453404903411865,,26.798870511626017
1u_s1.0_bs64_lr0.001,iter,1000,1.3350772857666016,27.363096475601196,,24.132366102844596
1u_s1.0_bs64_lr0.001,iter,1010,1.3383760452270508,27.503769159317017,,24.390793237942656
1u_s1.0_bs64_lr0.001,iter,1020,1.3077389001846313,27.64595866203308,,24.596477467827814
1u_s1.0_bs64_lr0.001,iter,1030,1.3354586362838745,27.801121473312378,,24.943403202129165
1u_s1.0_bs64_lr0.001,iter,1040,1.3563510179519653,27.93587875366211,,25.24569270102928
1u_s1.0_bs64_lr0.001,iter,1050,1.286923885345459,28.070207595825195,,25.511262812183734
1u_s1.0_bs64_lr0.001,iter,1060,1.33793044090271,28.204439640045166,,25.772922821389592
1u_s1.0_bs64_lr0.001,iter,1070,1.334229588508606,28.338281631469727,,25.99642007082893
1u_s1.0_bs64_lr0.001,iter,1080,1.3318473100662231,28.47235608100891,,26.217280074883192
1u_s1.0_bs64_lr0.001,iter,1090,1.3463748693466187,28.60590100288391,,26.43382787673169
1u_s1.0_bs64_lr0.001,iter,1100,1.3153029680252075,28.74031114578247,,26.558397367344366
1u_s1.0_bs64_lr0.001,iter,1110,1.2979031801223755,28.874967575073242,,26.736561718539352
1u_s1.0_bs64_lr0.001,iter,1120,1.3029453754425049,29.00930166244507,,26.86786718349031
1u_s1.0_bs64_lr0.001,iter,1130,1.292402744293213,29.142549514770508,,27.051677534498097
1u_s1.0_bs64_lr0.001,iter,1140,1.2998520135879517,29.2783305644989,,27.102212107436934
1u_s1.0_bs64_lr0.001,iter,1150,1.3020166158676147,29.41516923904419,,27.173341577237302
1u_s1.0_bs64_lr0.001,iter,1160,1.3272374868392944,29.553316116333008,,27.093718508441068
1u_s1.0_bs64_lr0.001,iter,1170,1.298582911491394,29.692143440246582,,27.21979037024449
1u_s1.0_bs64_lr0.001,iter,1180,1.308650255203247,29.828962326049805,,27.287153972850458
1u_s1.0_bs64_lr0.001,iter,1190,1.260798692703247,29.966452836990356,,27.316377791735313
1u_s1.0_bs64_lr0.001,iter,1200,1.289352536201477,30.103349685668945,,27.375626752581994
1u_s1.0_bs64_lr0.001,iter,1210,1.2652437686920166,30.240625143051147,,27.3575639457966
1u_s1.0_bs64_lr0.001,iter,1220,1.3067654371261597,30.37847661972046,,27.311726270729725
1u_s1.0_bs64_lr0.001,iter,1230,1.2997993230819702,30.516015768051147,,27.32623470618323
1u_s1.0_bs64_lr0.001,iter,1240,1.2929668426513672,30.652491807937622,,27.39384876877638
1u_s1.0_bs64_lr0.001,iter,1250,1.2713030576705933,33.69860887527466,,24.667210805884505
1u_s1.0_bs64_lr0.001,iter,1260,1.2831813097000122,33.835453033447266,,25.00057675125872
1u_s1.0_bs64_lr0.001,iter,1270,1.2678277492523193,33.97037196159363,,25.261430209561546
1u_s1.0_bs64_lr0.001,iter,1280,1.251976728439331,34.10486674308777,,25.51966048395256
1u_s1.0_bs64_lr0.001,iter,1290,1.2851579189300537,34.23871874809265,,25.74119725611296
1u_s1.0_bs64_lr0.001,iter,1300,1.295567274093628,34.37283253669739,,25.965009062414733
1u_s1.0_bs64_lr0.001,iter,1310,1.2377498149871826,34.507030725479126,,26.20668088105626
1u_s1.0_bs64_lr0.001,iter,1320,1.3061037063598633,34.64211559295654,,26.367462471561275
1u_s1.0_bs64_lr0.001,iter,1330,1.2632695436477661,34.7770791053772,,26.467119226088275
1u_s1.0_bs64_lr0.001,iter,1340,1.3004423379898071,34.911529541015625,,26.64933299068657
1u_s1.0_bs64_lr0.001,iter,1350,1.2593308687210083,35.04769468307495,,26.653645104945074
1u_s1.0_bs64_lr0.001,iter,1360,1.274433970451355,35.18488621711731,,26.72195542550654
1u_s1.0_bs64_lr0.001,iter,1370,1.2541768550872803,35.32019376754761,,26.811598004165514
1u_s1.0_bs64_lr0.001,iter,1380,1.2582212686538696,35.45550513267517,,26.95231520006804
1u_s1.0_bs64_lr0.001,iter,1390,1.2509499788284302,35.59084105491638,,27.055616411293563
1u_s1.0_bs64_lr0.001,iter,1400,1.2584682703018188,35.72610950469971,,27.089575496564418
1u_s1.0_bs64_lr0.001,iter,1410,1.256209135055542,35.862141370773315,,27.13602877254807
1u_s1.0_bs64_lr0.001,iter,1420,1.2704627513885498,35.99648451805115,,27.24593424066085
1u_s1.0_bs64_lr0.001,iter,1430,1.2426894903182983,36.13131093978882,,27.320775831392307
1u_s1.0_bs64_lr0.001,iter,1440,1.2562611103057861,36.26653742790222,,27.384027565223473
1u_s1.0_bs64_lr0.001,iter,1450,1.2296723127365112,36.40140914916992,,27.41612855685989
1u_s1.0_bs64_lr0.001,iter,1460,1.248616099357605,36.537301778793335,,27.463310844836364
1u_s1.0_bs64_lr0.001,iter,1470,1.2211843729019165,36.673280239105225,,27.465848084560058
1u_s1.0_bs64_lr0.001,iter,1480,1.2116910219192505,36.8080050945282,,27.54849622701247
1u_s1.0_bs64_lr0.001,iter,1490,1.235984444618225,36.94326949119568,,27.561745955033523
1u_s1.0_bs64_lr0.001,iter,1500,1.1864290237426758,39.881497621536255,,24.818806994269647
1u_s1.0_bs64_lr0.001,iter,1510,1.2345377206802368,40.02099919319153,,25.07117502544331
1u_s1.0_bs64_lr0.001,iter,1520,1.2195171117782593,40.158326625823975,,25.32452977400963
1u_s1.0_bs64_lr0.001,iter,1530,1.2560648918151855,40.2956976890564,,25.535251884212347
1u_s1.0_bs64_lr0.001,iter,1540,1.198474645614624,40.432623863220215,,25.76006131689811
1u_s1.0_bs64_lr0.001,iter,1550,1.2331740856170654,40.57256031036377,,25.881355246322357
1u_s1.0_bs64_lr0.001,iter,1560,1.211134672164917,40.71233534812927,,26.02560415920008
1u_s1.0_bs64_lr0.001,iter,1570,1.2372180223464966,40.85074734687805,,26.147616332599526
1u_s1.0_bs64_lr0.001,iter,1580,1.202595591545105,40.98989796638489,,26.266194866903405
1u_s1.0_bs64_lr0.001,iter,1590,1.1915504932403564,41.12844181060791,,26.37353713092383
1u_s1.0_bs64_lr0.001,iter,1600,1.1959521770477295,41.267001152038574,,26.465514005490704
1u_s1.0_bs64_lr0.001,iter,1610,1.2374545335769653,41.405256032943726,,26.558819510103216
1u_s1.0_bs64_lr0.001,iter,1620,1.1825859546661377,41.542999029159546,,26.64770244627668
1u_s1.0_bs64_lr0.001,iter,1630,1.2037560939788818,41.68104815483093,,26.744184784485565
1u_s1.0_bs64_lr0.001,iter,1640,1.21016263961792,41.818862438201904,,26.728251013059275
1u_s1.0_bs64_lr0.001,iter,1650,1.178253173828125,41.95698857307434,,26.74377147115083
1u_s1.0_bs64_lr0.001,iter,1660,1.2219123840332031,42.09358811378479,,26.8847647317084
1u_s1.0_bs64_lr0.001,iter,1670,1.198223352432251,42.228291511535645,,26.991417605602425
1u_s1.0_bs64_lr0.001,iter,1680,1.2076401710510254,42.36346197128296,,27.094873439295526
1u_s1.0_bs64_lr0.001,iter,1690,1.2082568407058716,42.49781060218811,,27.19584567891447
1u_s1.0_bs64_lr0.001,iter,1700,1.1899919509887695,42.63264727592468,,27.266350682594215
1u_s1.0_bs64_lr0.001,iter,1710,1.1792978048324585,42.76769995689392,,27.305561570431063
1u_s1.0_bs64_lr0.001,iter,1720,1.1819065809249878,42.90223813056946,,27.390071560853364
1u_s1.0_bs64_lr0.001,iter,1730,1.2016880512237549,43.03728532791138,,27.458797543621362
1u_s1.0_bs64_lr0.001,iter,1740,1.1736711263656616,43.174800634384155,,27.407195430983332
1u_s1.0_bs64_lr0.001,iter,1750,1.1885641813278198,46.11661076545715,,24.67971177482739
1u_s1.0_bs64_lr0.001,iter,1760,1.1885844469070435,46.287452936172485,,24.404571787853428
1u_s1.0_bs64_lr0.001,iter,1770,1.200630784034729,46.4582793712616,,24.13691674226886
1u_s1.0_bs64_lr0.001,iter,1780,1.1915552616119385,46.628795862197876,,23.95017620070084
1u_s1.0_bs64_lr0.001,iter,1790,1.1878869533538818,46.798298358917236,,23.755646541787137
1u_s1.0_bs64_lr0.001,iter,1800,1.1874449253082275,46.96890091896057,,23.563813303580645
1u_s1.0_bs64_lr0.001,iter,1810,1.162207841873169,47.140199184417725,,23.403467570759876
1u_s1.0_bs64_lr0.001,iter,1820,1.1665637493133545,47.31137681007385,,23.280593003935614
1u_s1.0_bs64_lr0.001,iter,1830,1.169135332107544,47.480836629867554,,23.190902972137387
1u_s1.0_bs64_lr0.001,iter,1840,1.1635189056396484,47.65048432350159,,23.061203407446335
1u_s1.0_bs64_lr0.001,iter,1850,1.1583118438720703,47.82005500793457,,22.96721958905994
1u_s1.0_bs64_lr0.001,iter,1860,1.1766818761825562,47.99120378494263,,22.862590669708656
1u_s1.0_bs64_lr0.001,iter,1870,1.1435736417770386,48.16209149360657,,22.81095638742655
1u_s1.0_bs64_lr0.001,iter,1880,1.1821014881134033,48.331899642944336,,22.771890578994643
1u_s1.0_bs64_lr0.001,iter,1890,1.1802746057510376,48.50628876686096,,22.681641385939955
1u_s1.0_bs64_lr0.001,iter,1900,1.1353341341018677,48.682169914245605,,22.552790341973804
1u_s1.0_bs64_lr0.001,iter,1910,1.175623893737793,48.85688829421997,,22.47993150300818
1u_s1.0_bs64_lr0.001,iter,1920,1.1753058433532715,49.03070306777954,,22.418205190609807
1u_s1.0_bs64_lr0.001,iter,1930,1.1432698965072632,49.20483994483948,,22.359353558218732
1u_s1.0_bs64_lr0.001,iter,1940,1.1302684545516968,49.37793946266174,,22.30328148037407
1u_s1.0_bs64_lr0.001,iter,1950,1.1413424015045166,49.55112099647522,,22.2565932166664
1u_s1.0_bs64_lr0.001,iter,1960,1.1558138132095337,49.72322678565979,,22.193663535090145
1u_s1.0_bs64_lr0.001,iter,1970,1.1513075828552246,49.89608979225159,,22.128412150309693
1u_s1.0_bs64_lr0.001,iter,1980,1.1544842720031738,50.06974220275879,,22.104409743748
1u_s1.0_bs64_lr0.001,iter,1990,1.1500239372253418,50.237022399902344,,22.113708539021
1u_s1.0_bs64_lr0.001,iter,2000,1.1269996166229248,52.70595598220825,,19.91841024549306
1u_s1.0_bs64_lr0.001,iter,2010,1.1278297901153564,52.87741947174072,,20.115438684560065
1u_s1.0_bs64_lr0.001,iter,2020,1.1233084201812744,53.048439025878906,,20.315561776751785
1u_s1.0_bs64_lr0.001,iter,2030,1.1602369546890259,53.219287395477295,,20.489804247581024
1u_s1.0_bs64_lr0.001,iter,2040,1.1431350708007812,53.3894464969635,,20.669903000178827
1u_s1.0_bs64_lr0.001,iter,2050,1.1163630485534668,53.56077432632446,,20.799658229651456
1u_s1.0_bs64_lr0.001,iter,2060,1.1040692329406738,53.73572516441345,,20.849240409045347
1u_s1.0_bs64_lr0.001,iter,2070,1.1329293251037598,53.91179299354553,,20.887846000895767
1u_s1.0_bs64_lr0.001,iter,2080,1.1266051530838013,54.08770537376404,,20.968937383994884
1u_s1.0_bs64_lr0.001,iter,2090,1.1335980892181396,54.25988173484802,,21.072097945925243
1u_s1.0_bs64_lr0.001,iter,2100,1.1305559873580933,54.43338918685913,,21.12439041655776
1u_s1.0_bs64_lr0.001,iter,2110,1.1362754106521606,54.60667896270752,,21.179419962433457
1u_s1.0_bs64_lr0.001,iter,2120,1.1350172758102417,54.780231952667236,,21.203782122797456
1u_s1.0_bs64_lr0.001,iter,2130,1.1386703252792358,54.953521490097046,,21.240789718053627
1u_s1.0_bs64_lr0.001,iter,2140,1.1426918506622314,55.127464056015015,,21.291720243459835
1u_s1.0_bs64_lr0.001,iter,2150,1.1230862140655518,55.30157279968262,,21.313787120727483
1u_s1.0_bs64_lr0.001,iter,2160,1.140047550201416,55.4757444858551,,21.361937295823978
1u_s1.0_bs64_lr0.001,iter,2170,1.1330268383026123,55.64931392669678,,21.399059342820667
1u_s1.0_bs64_lr0.001,iter,2180,1.1149322986602783,55.822447299957275,,21.44435037508221
1u_s1.0_bs64_lr0.001,iter,2190,1.107306957244873,55.995333194732666,,21.45133191739548
1u_s1.0_bs64_lr0.001,iter,2200,1.1294039487838745,56.168147802352905,,21.454835047864538
1u_s1.0_bs64_lr0.001,iter,2210,1.124292016029358,56.341182231903076,,21.47666984573412
1u_s1.0_bs64_lr0.001,iter,2220,1.1295286417007446,56.51498746871948,,21.500657727783818
1u_s1.0_bs64_lr0.001,iter,2230,1.1209322214126587,56.688963651657104,,21.518030483894492
1u_s1.0_bs64_lr0.001,iter,2240,1.1327993869781494,56.86227583885193,,21.51489329710602
1u_s1.0_bs64_lr0.001,iter,2250,1.111975908279419,59.37277793884277,,19.379233760981826
1u_s1.0_bs64_lr0.001,iter,2260,1.1086000204086304,59.54131770133972,,19.673828418211244
1u_s1.0_bs64_lr0.001,iter,2270,1.1322283744812012,59.709736585617065,,19.926027725410652
1u_s1.0_bs64_lr0.001,iter,2280,1.098942756652832,59.87750196456909,,20.204119826267892
1u_s1.0_bs64_lr0.001,iter,2290,1.1421757936477661,60.04582643508911,,20.41237379885282
1u_s1.0_bs64_lr0.001,iter,2300,1.1257990598678589,60.21434688568115,,20.606720132901625
1u_s1.0_bs64_lr0.001,iter,2310,1.0947540998458862,60.382062911987305,,20.782527576998653
1u_s1.0_bs64_lr0.001,iter,2320,1.0992168188095093,60.55000329017639,,20.945983068716195
1u_s1.0_bs64_lr0.001,iter,2330,1.1004668474197388,60.717955350875854,,21.084285545356472
1u_s1.0_bs64_lr0.001,iter,2340,1.1191481351852417,60.88620901107788,,21.209555592217615
1u_s1.0_bs64_lr0.001,iter,2350,1.110190749168396,61.0538215637207,,21.346860023764723
1u_s1.0_bs64_lr0.001,iter,2360,1.1089850664138794,61.22159957885742,,21.446575174277328
1u_s1.0_bs64_lr0.001,iter,2370,1.0885909795761108,61.389700412750244,,21.52985290191206
1u_s1.0_bs64_lr0.001,iter,2380,1.0815221071243286,61.5581328868866,,21.618318662836376
1u_s1.0_bs64_lr0.001,iter,2390,1.0811574459075928,61.72923016548157,,21.629228517082293
1u_s1.0_bs64_lr0.001,iter,2400,1.0873208045959473,61.905165672302246,,21.606263184353335
1u_s1.0_bs64_lr0.001,iter,2410,1.0736830234527588,62.08444929122925,,21.582989784167143
1u_s1.0_bs64_lr0.001,iter,2420,1.083763599395752,62.258233308792114,,21.587749701328967
1u_s1.0_bs64_lr0.001,iter,2430,1.056058645248413,62.43134140968323,,21.610694221970707
1u_s1.0_bs64_lr0.001,iter,2440,1.0623942613601685,62.60944151878357,,21.59436903878685
1u_s1.0_bs64_lr0.001,iter,2450,1.0796056985855103,62.78593611717224,,21.481679875101094
1u_s1.0_bs64_lr0.001,iter,2460,1.0866409540176392,62.967809200286865,,21.382567364439346
1u_s1.0_bs64_lr0.001,iter,2470,1.0901412963867188,63.151214361190796,,21.268971639241666
1u_s1.0_bs64_lr0.001,iter,2480,1.083463430404663,63.33235287666321,,21.24432425258442
1u_s1.0_bs64_lr0.001,iter,2490,1.063358187675476,63.509289026260376,,21.265961327794656
1u_s1.0_bs64_lr0.001,iter,2500,1.086648941040039,66.13305616378784,,19.15450675984409
1u_s1.0_bs64_lr0.001,iter,2510,1.0713144540786743,66.3007824420929,,19.4609733065087
1u_s1.0_bs64_lr0.001,iter,2520,1.0542017221450806,66.46985507011414,,19.740780459879986
1u_s1.0_bs64_lr0.001,iter,2530,1.055440902709961,66.63962912559509,,19.984457798174144
1u_s1.0_bs64_lr0.001,iter,2540,1.0608478784561157,66.80802512168884,,20.226531220162048
1u_s1.0_bs64_lr0.001,iter,2550,1.071751594543457,66.97698903083801,,20.425668974995776
1u_s1.0_bs64_lr0.001,iter,2560,1.0653913021087646,67.14819622039795,,20.57148116177652
1u_s1.0_bs64_lr0.001,iter,2570,1.0835362672805786,67.31846642494202,,20.748191278992213
1u_s1.0_bs64_lr0.001,iter,2580,1.0773752927780151,67.4881284236908,,20.883725398832027
1u_s1.0_bs64_lr0.001,iter,2590,1.0751030445098877,67.65717148780823,,21.032472572686366
1u_s1.0_bs64_lr0.001,iter,2600,1.0672249794006348,67.82766532897949,,21.13017810292839
1u_s1.0_bs64_lr0.001,iter,2610,1.0509780645370483,67.99758744239807,,21.223862127314437
1u_s1.0_bs64_lr0.001,iter,2620,1.0540013313293457,68.16787815093994,,21.295107329816364
1u_s1.0_bs64_lr0.001,iter,2630,1.0303312540054321,68.338383436203,,21.362002536392776
1u_s1.0_bs64_lr0.001,iter,2640,1.0492538213729858,68.50848317146301,,21.453388227097676
1u_s1.0_bs64_lr0.001,iter,2650,1.0731898546218872,68.6783332824707,,21.516060613875105
1u_s1.0_bs64_lr0.001,iter,2660,1.0387165546417236,68.8487958908081,,21.57859678039262
1u_s1.0_bs64_lr0.001,iter,2670,1.0202155113220215,69.02037024497986,,21.583915752057607
1u_s1.0_bs64_lr0.001,iter,2680,1.0496796369552612,69.19106411933899,,21.604354214647667
1u_s1.0_bs64_lr0.001,iter,2690,1.0599546432495117,69.36257410049438,,21.623569265138887
1u_s1.0_bs64_lr0.001,iter,2700,1.0258666276931763,69.53592801094055,,21.599588781284968
1u_s1.0_bs64_lr0.001,iter,2710,1.0484272241592407,69.70983552932739,,21.56388109843105
1u_s1.0_bs64_lr0.001,iter,2720,1.045343041419983,69.88750076293945,,21.523346797392158
1u_s1.0_bs64_lr0.001,iter,2730,1.0611064434051514,70.06518197059631,,21.521688565170926
1u_s1.0_bs64_lr0.001,iter,2740,1.0279697179794312,70.24071383476257,,21.523842526153274
1u_s1.0_bs64_lr0.001,iter,2750,1.038465976715088,72.8065676689148,,19.38694060917768
1u_s1.0_bs64_lr0.001,iter,2760,1.0404356718063354,72.98167610168457,,19.592314063297255
1u_s1.0_bs64_lr0.001,iter,2770,1.026831030845642,73.15831279754639,,19.72548174445959
1u_s1.0_bs64_lr0.001,iter,2780,1.0290337800979614,73.33634185791016,,19.82436706823937
1u_s1.0_bs64_lr0.001,iter,2790,1.0429691076278687,73.51377034187317,,19.979020246023154
1u_s1.0_bs64_lr0.001,iter,2800,1.022367238998413,73.69347548484802,,20.052579174397444
1u_s1.0_bs64_lr0.001,iter,2810,1.0447156429290771,73.88849210739136,,19.956505706899456
1u_s1.0_bs64_lr0.001,iter,2820,1.0264267921447754,74.06971502304077,,20.17575044169726
1u_s1.0_bs64_lr0.001,iter,2830,1.0375957489013672,74.24056768417358,,20.366529795327963
1u_s1.0_bs64_lr0.001,iter,2840,0.9989150762557983,74.41096353530884,,20.528662092119475
1u_s1.0_bs64_lr0.001,iter,2850,1.0273420810699463,74.58047342300415,,20.684618436734457
1u_s1.0_bs64_lr0.001,iter,2860,1.0281208753585815,74.75004887580872,,20.833786104400076
1u_s1.0_bs64_lr0.001,iter,2870,1.0123159885406494,74.920889377594,,20.950090221031214
1u_s1.0_bs64_lr0.001,iter,2880,1.0382015705108643,75.09409737586975,,21.00088551609885
1u_s1.0_bs64_lr0.001,iter,2890,1.0160479545593262,75.26764607429504,,21.060687199993826
1u_s1.0_bs64_lr0.001,iter,2900,0.9957956075668335,75.45625567436218,,21.17451589265753
1u_s1.0_bs64_lr0.001,iter,2910,1.0365405082702637,75.62627053260803,,21.24192524087702
1u_s1.0_bs64_lr0.001,iter,2920,1.0136404037475586,75.7967529296875,,21.325307295389145
1u_s1.0_bs64_lr0.001,iter,2930,1.0008103847503662,75.96679186820984,,21.384931099003072
1u_s1.0_bs64_lr0.001,iter,2940,0.9883679151535034,76.13701367378235,,21.47399218426727
1u_s1.0_bs64_lr0.001,iter,2950,1.030189037322998,76.30763745307922,,21.53441702665694
1u_s1.0_bs64_lr0.001,iter,2960,1.0022501945495605,76.4779052734375,,21.583106550969944
1u_s1.0_bs64_lr0.001,iter,2970,0.9962311387062073,76.64947271347046,,21.602229578544723
1u_s1.0_bs64_lr0.001,iter,2980,1.0050164461135864,76.82079672813416,,21.651672355755032
1u_s1.0_bs64_lr0.001,iter,2990,0.9858505725860596,76.99021983146667,,21.691463535567745
1u_s1.0_bs64_lr0.001,iter,3000,0.9836133718490601,79.54480648040771,,19.53782935197378
1u_s1.0_bs64_lr0.001,iter,3010,0.9920728206634521,79.72049069404602,,19.760631020092774
1u_s1.0_bs64_lr0.001,iter,3020,1.0038490295410156,79.89519166946411,,19.93628069348285
1u_s1.0_bs64_lr0.001,iter,3030,1.0139358043670654,80.07045936584473,,20.092707753946122
1u_s1.0_bs64_lr0.001,iter,3040,1.036566138267517,80.24742412567139,,20.20962438167137
1u_s1.0_bs64_lr0.001,iter,3050,0.9810457229614258,80.42558813095093,,20.2978341087017
1u_s1.0_bs64_lr0.001,iter,3060,1.0030754804611206,80.6036102771759,,20.417484868823
1u_s1.0_bs64_lr0.001,iter,3070,1.0193954706192017,80.78773427009583,,20.510024597392874
1u_s1.0_bs64_lr0.001,iter,3080,0.9975149631500244,80.96269655227661,,20.610616425035463
1u_s1.0_bs64_lr0.001,iter,3090,0.989381730556488,81.13716888427734,,20.7240498355571
1u_s1.0_bs64_lr0.001,iter,3100,0.9978189468383789,81.31105494499207,,20.802972589050338
1u_s1.0_bs64_lr0.001,iter,3110,0.9765089154243469,81.4853949546814,,20.892551313333996
1u_s1.0_bs64_lr0.001,iter,3120,1.001450538635254,81.65977716445923,,20.957678392230548
1u_s1.0_bs64_lr0.001,iter,3130,0.9864683747291565,81.8337574005127,,21.02859788669848
1u_s1.0_bs64_lr0.001,iter,3140,0.9873228669166565,82.00777173042297,,21.091014593472412
1u_s1.0_bs64_lr0.001,iter,3150,1.0015194416046143,82.17891192436218,,21.21080157452922
1u_s1.0_bs64_lr0.001,iter,3160,1.0062347650527954,82.34845328330994,,21.308515798613968
1u_s1.0_bs64_lr0.001,iter,3170,0.9673616290092468,82.51789712905884,,21.40198474478485
1u_s1.0_bs64_lr0.001,iter,3180,0.9736623764038086,82.68689608573914,,21.481746746445282
1u_s1.0_bs64_lr0.001,iter,3190,1.0043600797653198,82.85723161697388,,21.556816793430556
1u_s1.0_bs64_lr0.001,iter,3200,0.9637073874473572,83.02714204788208,,21.606404652278467
1u_s1.0_bs64_lr0.001,iter,3210,0.9727400541305542,83.19735050201416,,21.647709260751373
1u_s1.0_bs64_lr0.001,iter,3220,0.9644920825958252,83.36774039268494,,21.698147573704084
1u_s1.0_bs64_lr0.001,iter,3230,0.9654128551483154,83.53788757324219,,21.73204761788938
1u_s1.0_bs64_lr0.001,iter,3240,0.9644676446914673,83.70795631408691,,21.759764649078033
1u_s1.0_bs64_lr0.001,iter,3250,0.9884545803070068,86.2001256942749,,19.599719853219447
1u_s1.0_bs64_lr0.001,iter,3260,0.9629595875740051,86.37558436393738,,19.792972510258515
1u_s1.0_bs64_lr0.001,iter,3270,0.9787078499794006,86.55103087425232,,19.95009324079417
1u_s1.0_bs64_lr0.001,iter,3280,0.9547444581985474,86.72579646110535,,20.117604082769823
1u_s1.0_bs64_lr0.001,iter,3290,0.9467028379440308,86.9006142616272,,20.254420920353247
1u_s1.0_bs64_lr0.001,iter,3300,0.952751874923706,87.07507276535034,,20.373958549728403
1u_s1.0_bs64_lr0.001,iter,3310,0.9587966203689575,87.24949979782104,,20.49782686823694
1u_s1.0_bs64_lr0.001,iter,3320,0.975147545337677,87.42297506332397,,20.601357823291035
1u_s1.0_bs64_lr0.001,iter,3330,0.9616446495056152,87.59736156463623,,20.7100441308447
1u_s1.0_bs64_lr0.001,iter,3340,0.9526076316833496,87.7725019454956,,20.787528355189185
1u_s1.0_bs64_lr0.001,iter,3350,0.9598482847213745,87.94792532920837,,20.830258585248274
1u_s1.0_bs64_lr0.001,iter,3360,0.937799870967865,88.12274241447449,,20.8772741234189
1u_s1.0_bs64_lr0.001,iter,3370,0.9614961743354797,88.29740047454834,,20.934290950090222
1u_s1.0_bs64_lr0.001,iter,3380,0.9415649771690369,88.47262787818909,,20.974712973155718
1u_s1.0_bs64_lr0.001,iter,3390,0.9555403590202332,88.6479868888855,,21.0072830725356
1u_s1.0_bs64_lr0.001,iter,3400,0.9630643129348755,88.8221127986908,,21.02585150600197
1u_s1.0_bs64_lr0.001,iter,3410,0.9544106125831604,88.99668145179749,,21.059917994445502
1u_s1.0_bs64_lr0.001,iter,3420,0.9642289876937866,89.17212557792664,,21.117583993837126
1u_s1.0_bs64_lr0.001,iter,3430,0.9422301650047302,89.3474383354187,,21.162943414849146
1u_s1.0_bs64_lr0.001,iter,3440,0.9859848618507385,89.52282524108887,,21.194340563671247
1u_s1.0_bs64_lr0.001,iter,3450,0.963553786277771,89.69836258888245,,21.213838988125424
1u_s1.0_bs64_lr0.001,iter,3460,0.9548991918563843,89.87430357933044,,21.231065618064004
1u_s1.0_bs64_lr0.001,iter,3470,0.9454485774040222,90.04983234405518,,21.3276357749682
1u_s1.0_bs64_lr0.001,iter,3480,0.9575005769729614,90.22016143798828,,21.399861721189385
1u_s1.0_bs64_lr0.001,iter,3490,0.9279062151908875,90.39028072357178,,21.47558726690835
1u_s1.0_bs64_lr0.001,iter,3500,0.9083118438720703,92.85531401634216,,19.34414392466819
1u_s1.0_bs64_lr0.001,iter,3510,0.9216902852058411,93.02621078491211,,19.622555105848626
1u_s1.0_bs64_lr0.001,iter,3520,0.9299454092979431,93.19619393348694,,19.871716204499577
1u_s1.0_bs64_lr0.001,iter,3530,0.9566113352775574,93.36657857894897,,20.10842200573396
1u_s1.0_bs64_lr0.001,iter,3540,0.9341609477996826,93.5364625453949,,20.312883241604677
1u_s1.0_bs64_lr0.001,iter,3550,0.9329656362533569,93.7098035812378,,20.440381295900938
1u_s1.0_bs64_lr0.001,iter,3560,0.9595369100570679,93.88621258735657,,20.559701472068166
1u_s1.0_bs64_lr0.001,iter,3570,0.9408509135246277,94.06193208694458,,20.627001315095185
1u_s1.0_bs64_lr0.001,iter,3580,0.9451913237571716,94.23840022087097,,20.717703832337794
1u_s1.0_bs64_lr0.001,iter,3590,0.9269522428512573,94.41424369812012,,20.76931882817488
1u_s1.0_bs64_lr0.001,iter,3600,0.9324519038200378,94.59094643592834,,20.813668450320026
1u_s1.0_bs64_lr0.001,iter,3610,0.9187678694725037,94.76837420463562,,20.856090944072264
1u_s1.0_bs64_lr0.001,iter,3620,0.9190515279769897,94.94509887695312,,20.901743201341414
1u_s1.0_bs64_lr0.001,iter,3630,0.9317970871925354,95.12035751342773,,20.96440794399405
1u_s1.0_bs64_lr0.001,iter,3640,0.9185202717781067,95.296466588974,,20.99060272532644
1u_s1.0_bs64_lr0.001,iter,3650,0.9152321815490723,95.47441124916077,,21.005650389557523
1u_s1.0_bs64_lr0.001,iter,3660,0.9518132209777832,95.65245032310486,,21.04425203927469
1u_s1.0_bs64_lr0.001,iter,3670,0.9444838166236877,95.82938241958618,,21.06957797239524
1u_s1.0_bs64_lr0.001,iter,3680,0.9093388915061951,96.00586700439453,,21.097783122792702
1u_s1.0_bs64_lr0.001,iter,3690,0.9440075755119324,96.18254017829895,,21.099570653589684
1u_s1.0_bs64_lr0.001,iter,3700,0.8835974931716919,96.36281609535217,,21.09415632742967
1u_s1.0_bs64_lr0.001,iter,3710,0.8874533176422119,96.54319977760315,,21.11990364232369
1u_s1.0_bs64_lr0.001,iter,3720,0.9176099896430969,96.71923017501831,,21.137432264372276
1u_s1.0_bs64_lr0.001,iter,3730,0.9091402292251587,96.89672660827637,,21.120945615827615
1u_s1.0_bs64_lr0.001,iter,3740,0.9066539406776428,97.07414746284485,,21.124618933072668
1u_s1.0_bs64_lr0.001,iter,3750,0.8996036052703857,99.57560420036316,,19.028056199001405
1u_s1.0_bs64_lr0.001,iter,3760,0.935472846031189,99.74691438674927,,19.303989495669864
1u_s1.0_bs64_lr0.001,iter,3770,0.9404321312904358,99.91877865791321,,19.555157769356768
1u_s1.0_bs64_lr0.001,iter,3780,0.9230178594589233,100.09180021286011,,19.78291582689943
1u_s1.0_bs64_lr0.001,iter,3790,0.8986803293228149,100.26348805427551,,19.98991287298131
1u_s1.0_bs64_lr0.001,iter,3800,0.921183705329895,100.4364595413208,,20.15377094344369
1u_s1.0_bs64_lr0.001,iter,3810,0.9212014079093933,100.60923314094543,,20.31019960262727
1u_s1.0_bs64_lr0.001,iter,3820,0.8862650394439697,100.78204798698425,,20.480132429875205
1u_s1.0_bs64_lr0.001,iter,3830,0.9080008268356323,100.95435738563538,,20.61505758346196
1u_s1.0_bs64_lr0.001,iter,3840,0.901393473148346,101.12696623802185,,20.72568960365051
1u_s1.0_bs64_lr0.001,iter,3850,0.895679771900177,101.29920649528503,,20.85125649849329
1u_s1.0_bs64_lr0.001,iter,3860,0.8773750066757202,101.47120189666748,,20.928621093149268
1u_s1.0_bs64_lr0.001,iter,3870,0.8986960053443909,101.64623761177063,,20.954165227529963
1u_s1.0_bs64_lr0.001,iter,3880,0.8939856290817261,101.82469844818115,,20.960970205094835
1u_s1.0_bs64_lr0.001,iter,3890,0.9065075516700745,102.01684141159058,,21.028471078172096
1u_s1.0_bs64_lr0.001,iter,3900,0.8985510468482971,102.19206428527832,,21.062743077725656
1u_s1.0_bs64_lr0.001,iter,3910,0.9005444049835205,102.36754822731018,,21.092098534664796
1u_s1.0_bs64_lr0.001,iter,3920,0.8798400163650513,102.54229521751404,,21.13982788048525
1u_s1.0_bs64_lr0.001,iter,3930,0.9021198749542236,102.71748328208923,,21.158211417662965
1u_s1.0_bs64_lr0.001,iter,3940,0.88628751039505,102.89630460739136,,21.18313921012396
1u_s1.0_bs64_lr0.001,iter,3950,0.8869607448577881,103.07330703735352,,21.196231966612782
1u_s1.0_bs64_lr0.001,iter,3960,0.9221271872520447,103.24992322921753,,21.20696954365394
1u_s1.0_bs64_lr0.001,iter,3970,0.9038981795310974,103.42690920829773,,21.211737114136668
1u_s1.0_bs64_lr0.001,iter,3980,0.9061521887779236,103.60271430015564,,21.24467837145156
1u_s1.0_bs64_lr0.001,iter,3990,0.8864835500717163,103.77800345420837,,21.275157138850044
1u_s1.0_bs64_lr0.001,iter,4000,0.8655141592025757,106.31891131401062,,19.163282683173982
1u_s1.0_bs64_lr0.001,iter,4010,0.8844206929206848,106.4887707233429,,19.46360889513701
1u_s1.0_bs64_lr0.001,iter,4020,0.8958029747009277,106.65944051742554,,19.741346957411842
1u_s1.0_bs64_lr0.001,iter,4030,0.880330502986908,106.82986426353455,,19.957155196656466
1u_s1.0_bs64_lr0.001,iter,4040,0.8820614814758301,107.00264024734497,,20.135964984702085
1u_s1.0_bs64_lr0.001,iter,4050,0.8759040832519531,107.17337369918823,,20.324810038627973
1u_s1.0_bs64_lr0.001,iter,4060,0.872687816619873,107.3445794582367,,20.475389396832615
1u_s1.0_bs64_lr0.001,iter,4070,0.8732233643531799,107.52575087547302,,20.58169825066853
1u_s1.0_bs64_lr0.001,iter,4080,0.8963149785995483,107.69959616661072,,20.70308770769592
1u_s1.0_bs64_lr0.001,iter,4090,0.8644040822982788,107.87198543548584,,20.816998651283765
1u_s1.0_bs64_lr0.001,iter,4100,0.9028457999229431,108.04470181465149,,20.91857262063373
1u_s1.0_bs64_lr0.001,iter,4110,0.8807016611099243,108.21708703041077,,21.01506380143755
1u_s1.0_bs64_lr0.001,iter,4120,0.8756827712059021,108.38898086547852,,21.11761407678853
1u_s1.0_bs64_lr0.001,iter,4130,0.8668500781059265,108.56091618537903,,21.189614597334632
1u_s1.0_bs64_lr0.001,iter,4140,0.8857024908065796,108.73422336578369,,21.249058008200265
1u_s1.0_bs64_lr0.001,iter,4150,0.8731634616851807,108.90677952766418,,21.29904063700315
1u_s1.0_bs64_lr0.001,iter,4160,0.8687564134597778,109.08060789108276,,21.318541183773203
1u_s1.0_bs64_lr0.001,iter,4170,0.8780094385147095,109.2548418045044,,21.339022117054405
1u_s1.0_bs64_lr0.001,iter,4180,0.8706112504005432,109.42905712127686,,21.37837524069113
1u_s1.0_bs64_lr0.001,iter,4190,0.8694279789924622,109.60483241081238,,21.334478651537168
1u_s1.0_bs64_lr0.001,iter,4200,0.8580502271652222,109.7858350276947,,21.264151643910868
1u_s1.0_bs64_lr0.001,iter,4210,0.8802278637886047,109.96631288528442,,21.225607290692324
1u_s1.0_bs64_lr0.001,iter,4220,0.8666365742683411,110.14529943466187,,21.190833700659574
1u_s1.0_bs64_lr0.001,iter,4230,0.8912494778633118,110.32588219642639,,21.172728397796188
1u_s1.0_bs64_lr0.001,iter,4240,0.8704105019569397,110.50671291351318,,21.13195301292492
1u_s1.0_bs64_lr0.001,iter,4250,0.8708431124687195,113.06502223014832,,19.034310194929432
1u_s1.0_bs64_lr0.001,iter,4260,0.8613351583480835,113.24452042579651,,19.216521022360958
1u_s1.0_bs64_lr0.001,iter,4270,0.8679332137107849,113.42569327354431,,19.3751806207043
1u_s1.0_bs64_lr0.001,iter,4280,0.8559994101524353,113.60665369033813,,19.498009234455584
1u_s1.0_bs64_lr0.001,iter,4290,0.841464102268219,113.78677487373352,,19.650175353013577
1u_s1.0_bs64_lr0.001,iter,4300,0.8258001804351807,113.96721959114075,,19.764362498442477
1u_s1.0_bs64_lr0.001,iter,4310,0.8557099103927612,114.15671062469482,,19.851019872004365
1u_s1.0_bs64_lr0.001,iter,4320,0.8447249531745911,114.33737421035767,,19.9615153297105
1u_s1.0_bs64_lr0.001,iter,4330,0.8677062392234802,114.51411366462708,,20.092071976754582
1u_s1.0_bs64_lr0.001,iter,4340,0.8395903706550598,114.68976855278015,,20.211397688962975
1u_s1.0_bs64_lr0.001,iter,4350,0.8463895916938782,114.8656063079834,,20.34550169304274
1u_s1.0_bs64_lr0.001,iter,4360,0.8685255646705627,115.04034614562988,,20.437486083111647
1u_s1.0_bs64_lr0.001,iter,4370,0.8610861897468567,115.21584749221802,,20.580616138255394
1u_s1.0_bs64_lr0.001,iter,4380,0.8476538062095642,115.3905348777771,,20.669302013422506
1u_s1.0_bs64_lr0.001,iter,4390,0.8771293759346008,115.56600880622864,,20.76199343793016
1u_s1.0_bs64_lr0.001,iter,4400,0.8613839149475098,115.7422444820404,,20.784402414483203
1u_s1.0_bs64_lr0.001,iter,4410,0.8702714443206787,115.91729211807251,,20.846857729884448
1u_s1.0_bs64_lr0.001,iter,4420,0.8690242767333984,116.09335279464722,,20.876937834806967
1u_s1.0_bs64_lr0.001,iter,4430,0.8532626032829285,116.26916980743408,,20.919633864051278
1u_s1.0_bs64_lr0.001,iter,4440,0.8524350523948669,116.445871591568,,20.927491214461035
1u_s1.0_bs64_lr0.001,iter,4450,0.8535720109939575,116.62239789962769,,20.965916258708422
1u_s1.0_bs64_lr0.001,iter,4460,0.8396902680397034,116.7990140914917,,20.999307971274288
1u_s1.0_bs64_lr0.001,iter,4470,0.8523087501525879,116.97538805007935,,21.037431832092
1u_s1.0_bs64_lr0.001,iter,4480,0.8429298400878906,117.15162992477417,,21.067306721552555
1u_s1.0_bs64_lr0.001,iter,4490,0.8584818243980408,117.32798290252686,,21.095418178659166
1u_s1.0_bs64_lr0.001,iter,4500,0.8659260272979736,119.90393733978271,,19.00129608093504
1u_s1.0_bs64_lr0.001,iter,4510,0.8512093424797058,120.08473610877991,,19.193593573655964
1u_s1.0_bs64_lr0.001,iter,4520,0.8441243767738342,120.26558017730713,,19.357540767091912
1u_s1.0_bs64_lr0.001,iter,4530,0.8545706272125244,120.4470202922821,,19.499139750010976
1u_s1.0_bs64_lr0.001,iter,4540,0.8531224727630615,120.62784314155579,,19.6164945964846
1u_s1.0_bs64_lr0.001,iter,4550,0.8818501234054565,120.80902600288391,,19.765897591669486
1u_s1.0_bs64_lr0.001,iter,4560,0.8351204991340637,120.99048805236816,,19.84564246543149
1u_s1.0_bs64_lr0.001,iter,4570,0.8516103029251099,121.17299795150757,,19.92627097558291
1u_s1.0_bs64_lr0.001,iter,4580,0.8631647825241089,121.35461163520813,,19.973366382248308
1u_s1.0_bs64_lr0.001,iter,4590,0.8718897700309753,121.53671503067017,,20.060725721629613
1u_s1.0_bs64_lr0.001,iter,4600,0.8269100189208984,121.71956253051758,,20.099767155317554
1u_s1.0_bs64_lr0.001,iter,4610,0.8704483509063721,121.90217900276184,,20.137530405996927
1u_s1.0_bs64_lr0.001,iter,4620,0.8474289178848267,122.08484363555908,,20.180220226464762
1u_s1.0_bs64_lr0.001,iter,4630,0.8317015171051025,122.26672768592834,,20.241707197539853
1u_s1.0_bs64_lr0.001,iter,4640,0.8508382439613342,122.44882392883301,,20.268662604026165
1u_s1.0_bs64_lr0.001,iter,4650,0.8766199946403503,122.63031840324402,,20.30892845362834
1u_s1.0_bs64_lr0.001,iter,4660,0.8533483147621155,122.81243872642517,,20.345824098284847
1u_s1.0_bs64_lr0.001,iter,4670,0.8426329493522644,122.99213862419128,,20.43815246172236
1u_s1.0_bs64_lr0.001,iter,4680,0.8577351570129395,123.16986632347107,,20.517261114506006
1u_s1.0_bs64_lr0.001,iter,4690,0.8558248281478882,123.34719634056091,,20.59406791293926
1u_s1.0_bs64_lr0.001,iter,4700,0.8331149816513062,123.52357721328735,,20.661919287442693
1u_s1.0_bs64_lr0.001,iter,4710,0.8014999628067017,123.70010662078857,,20.720642824716997
1u_s1.0_bs64_lr0.001,iter,4720,0.8334678411483765,123.87739181518555,,20.759887659991083
1u_s1.0_bs64_lr0.001,iter,4730,0.8265374898910522,124.05352187156677,,20.80210416127393
1u_s1.0_bs64_lr0.001,iter,4740,0.8421475887298584,124.22976899147034,,20.85968519671315
1u_s1.0_bs64_lr0.001,iter,4750,0.818767249584198,126.77463006973267,,18.789333745703047
1u_s1.0_bs64_lr0.001,iter,4760,0.8215981721878052,126.95734119415283,,18.91172773006545
1u_s1.0_bs64_lr0.001,iter,4770,0.8094484210014343,127.13881921768188,,19.118487188439122
1u_s1.0_bs64_lr0.001,iter,4780,0.8204622864723206,127.32138538360596,,19.270712974556076
1u_s1.0_bs64_lr0.001,iter,4790,0.8522132635116577,127.5032594203949,,19.395414056304805
1u_s1.0_bs64_lr0.001,iter,4800,0.8314911723136902,127.68627858161926,,19.505116195603744
1u_s1.0_bs64_lr0.001,iter,4810,0.8351653218269348,127.86846327781677,,19.61326862727143
1u_s1.0_bs64_lr0.001,iter,4820,0.8243510127067566,128.05049109458923,,19.71921058601901
1u_s1.0_bs64_lr0.001,iter,4830,0.8299737572669983,128.23284482955933,,19.814421637421898
1u_s1.0_bs64_lr0.001,iter,4840,0.8441708087921143,128.41562247276306,,19.873101359659394
1u_s1.0_bs64_lr0.001,iter,4850,0.8345335721969604,128.59844207763672,,19.953990162941974
1u_s1.0_bs64_lr0.001,iter,4860,0.8236728310585022,128.78139853477478,,20.017526403025656
1u_s1.0_bs64_lr0.001,iter,4870,0.8187316060066223,128.96354603767395,,20.05355483919555
1u_s1.0_bs64_lr0.001,iter,4880,0.8363087773323059,129.14481353759766,,20.135373103504943
1u_s1.0_bs64_lr0.001,iter,4890,0.8197758793830872,129.3271198272705,,20.175360487550993
1u_s1.0_bs64_lr0.001,iter,4900,0.8156208395957947,129.5099482536316,,20.19837250440499
1u_s1.0_bs64_lr0.001,iter,4910,0.8340983390808105,129.6929087638855,,20.200315229400527
1u_s1.0_bs64_lr0.001,iter,4920,0.8262142539024353,129.8757619857788,,20.232891432040734
1u_s1.0_bs64_lr0.001,iter,4930,0.8129844665527344,130.05909371376038,,20.263585774940562
1u_s1.0_bs64_lr0.001,iter,4940,0.8096330165863037,130.2426164150238,,20.292858625055764
1u_s1.0_bs64_lr0.001,iter,4950,0.8373298048973083,130.42591881752014,,20.28203663238271
1u_s1.0_bs64_lr0.001,iter,4960,0.8352952599525452,130.60921001434326,,20.333175962919725
1u_s1.0_bs64_lr0.001,iter,4970,0.7956607937812805,130.7929401397705,,20.327040454661425
1u_s1.0_bs64_lr0.001,iter,4980,0.8013943433761597,130.97772359848022,,20.332914885196796
1u_s1.0_bs64_lr0.001,iter,4990,0.8310519456863403,131.16146540641785,,20.356039199641973
1u_s1.0_bs64_lr0.001,iter,5000,0.8360277414321899,133.70720052719116,,18.336078925419052
1u_s1.0_bs64_lr0.001,train_step,0,4.287369728088379,2.3220653533935547,,
1u_s1.0_bs64_lr0.001,train_step,250,1.9637577533721924,8.240880727767944,,
1u_s1.0_bs64_lr0.001,train_step,500,1.5216615200042725,14.566167831420898,,
1u_s1.0_bs64_lr0.001,train_step,750,1.3574600219726562,20.723530769348145,,
1u_s1.0_bs64_lr0.001,train_step,1000,1.2701386213302612,26.8894305229187,,
1u_s1.0_bs64_lr0.001,train_step,1250,1.2017031908035278,33.157363414764404,,
1u_s1.0_bs64_lr0.001,train_step,1500,1.1530839204788208,39.405253887176514,,
1u_s1.0_bs64_lr0.001,train_step,1750,1.1022051572799683,45.61829876899719,,
1u_s1.0_bs64_lr0.001,train_step,2000,1.0584266185760498,52.68626093864441,,
1u_s1.0_bs64_lr0.001,train_step,2250,1.0127546787261963,59.353243589401245,,
1u_s1.0_bs64_lr0.001,train_step,2500,0.9638151526451111,66.11381077766418,,
1u_s1.0_bs64_lr0.001,train_step,2750,0.9186921715736389,72.78656768798828,,
1u_s1.0_bs64_lr0.001,train_step,3000,0.8726585507392883,79.52457880973816,,
1u_s1.0_bs64_lr0.001,train_step,3250,0.8284697532653809,86.17996168136597,,
1u_s1.0_bs64_lr0.001,train_step,3500,0.7873228192329407,92.83523082733154,,
1u_s1.0_bs64_lr0.001,train_step,3750,0.7508572936058044,99.5557656288147,,
1u_s1.0_bs64_lr0.001,train_step,4000,0.7161627411842346,106.29190802574158,,
1u_s1.0_bs64_lr0.001,train_step,4250,0.6857969760894775,113.0446367263794,,
1u_s1.0_bs64_lr0.001,train_step,4500,0.6628759503364563,119.88335967063904,,
1u_s1.0_bs64_lr0.001,train_step,4750,0.6445692181587219,126.75384593009949,,
1u_s1.0_bs64_lr0.001,train_step,5000,0.629643440246582,133.68618845939636,,
1u_s1.0_bs64_lr0.001,val_step,0,4.282261371612549,2.3220653533935547,,
1u_s1.0_bs64_lr0.001,val_step,250,2.064218044281006,8.240880727767944,,
1u_s1.0_bs64_lr0.001,val_step,500,1.730148434638977,14.566167831420898,,
1u_s1.0_bs64_lr0.001,val_step,750,1.5860662460327148,20.723530769348145,,
1u_s1.0_bs64_lr0.001,val_step,1000,1.5202821493148804,26.8894305229187,,
1u_s1.0_bs64_lr0.001,val_step,1250,1.4889593124389648,33.157363414764404,,
1u_s1.0_bs64_lr0.001,val_step,1500,1.4813662767410278,39.405253887176514,,
1u_s1.0_bs64_lr0.001,val_step,1750,1.462679386138916,45.61829876899719,,
1u_s1.0_bs64_lr0.001,val_step,2000,1.4756816625595093,52.68626093864441,,
1u_s1.0_bs64_lr0.001,val_step,2250,1.475420355796814,59.353243589401245,,
1u_s1.0_bs64_lr0.001,val_step,2500,1.4943798780441284,66.11381077766418,,
1u_s1.0_bs64_lr0.001,val_step,2750,1.5082180500030518,72.78656768798828,,
1u_s1.0_bs64_lr0.001,val_step,3000,1.5223097801208496,79.52457880973816,,
1u_s1.0_bs64_lr0.001,val_step,3250,1.5549006462097168,86.17996168136597,,
1u_s1.0_bs64_lr0.001,val_step,3500,1.5699795484542847,92.83523082733154,,
1u_s1.0_bs64_lr0.001,val_step,3750,1.5936743021011353,99.5557656288147,,
1u_s1.0_bs64_lr0.001,val_step,4000,1.6193382740020752,106.29190802574158,,
1u_s1.0_bs64_lr0.001,val_step,4250,1.643517017364502,113.0446367263794,,
1u_s1.0_bs64_lr0.001,val_step,4500,1.6587857007980347,119.88335967063904,,
1u_s1.0_bs64_lr0.001,val_step,4750,1.6768710613250732,126.75384593009949,,
1u_s1.0_bs64_lr0.001,val_step,5000,1.6979676485061646,133.68618845939636,,
1u_s16.0_bs1024_lr0.016,iter,0,4.268801689147949,28.819376468658447,,
1u_s16.0_bs1024_lr0.016,iter,10,3.23679518699646,30.086429595947266,,48.09781997242021
1u_s16.0_bs1024_lr0.016,iter,20,2.814758539199829,31.320022106170654,,48.15195013393123
1u_s16.0_bs1024_lr0.016,iter,30,2.7122690677642822,32.552696228027344,,48.209870958351516
1u_s16.0_bs1024_lr0.016,iter,40,2.626697540283203,33.786954164505005,,48.2158324783214
1u_s16.0_bs1024_lr0.016,iter,50,2.576371192932129,35.02590322494507,,48.19555354645418
1u_s16.0_bs1024_lr0.016,iter,60,2.6474130153656006,36.266892194747925,,48.129486878635454
1u_s16.0_bs1024_lr0.016,iter,70,2.5675313472747803,37.50602626800537,,48.11916113852324
1u_s16.0_bs1024_lr0.016,iter,80,2.5225539207458496,38.74670600891113,,48.054344844247375
1u_s16.0_bs1024_lr0.016,iter,90,2.5101373195648193,39.98938298225403,,48.059710210260334
1u_s16.0_bs1024_lr0.016,iter,100,2.503278970718384,41.22903299331665,,45.252243503755906
1u_s16.0_bs1024_lr0.016,iter,110,2.466573476791382,42.46847224235535,,45.49931350834532
1u_s16.0_bs1024_lr0.016,iter,120,2.496978282928467,43.71172046661377,,45.71936430143253
1u_s16.0_bs1024_lr0.016,iter,130,2.4598164558410645,44.98977875709534,,45.962053146005836
1u_s16.0_bs1024_lr0.016,iter,140,2.4417622089385986,46.231974601745605,,46.1147236191542
1u_s16.0_bs1024_lr0.016,iter,150,2.8976378440856934,47.4727041721344,,46.30389192074571
1u_s16.0_bs1024_lr0.016,iter,160,2.6673028469085693,48.71159815788269,,46.48108393514111
1u_s16.0_bs1024_lr0.016,iter,170,2.5781588554382324,49.987284660339355,,46.64236901762481
1u_s16.0_bs1024_lr0.016,iter,180,2.539045572280884,51.22694945335388,,46.779657690090644
1u_s16.0_bs1024_lr0.016,iter,190,2.5052425861358643,52.46744680404663,,46.87718518850076
1u_s16.0_bs1024_lr0.016,iter,200,2.4864325523376465,53.70870661735535,,44.1866031185714
1u_s16.0_bs1024_lr0.016,iter,210,2.466386318206787,55.047277212142944,,44.53724263956051
1u_s16.0_bs1024_lr0.016,iter,220,2.4499568939208984,56.2872154712677,,44.88941798288549
1u_s16.0_bs1024_lr0.016,iter,230,2.440063953399658,57.52795076370239,,45.2030806849515
1u_s16.0_bs1024_lr0.016,iter,240,2.413576126098633,58.76870632171631,,51.39928780029699
1u_s16.0_bs1024_lr0.016,iter,250,2.4395334720611572,89.45531010627747,,46.27939929114347
1u_s16.0_bs1024_lr0.016,iter,260,2.3916780948638916,90.68887257575989,,46.48843566310307
1u_s16.0_bs1024_lr0.016,iter,270,2.3455557823181152,91.92703986167908,,46.644263586877685
1u_s16.0_bs1024_lr0.016,iter,280,2.2886569499969482,93.16623997688293,,46.78860180285322
1u_s16.0_bs1024_lr0.016,iter,290,2.2892229557037354,94.40485715866089,,46.871358484045935
1u_s16.0_bs1024_lr0.016,iter,300,2.1922733783721924,95.64870405197144,,44.213704761299425
1u_s16.0_bs1024_lr0.016,iter,310,2.177616834640503,96.92107796669006,,44.620830086521714
1u_s16.0_bs1024_lr0.016,iter,320,2.1083803176879883,98.15822386741638,,44.99935629603486
1u_s16.0_bs1024_lr0.016,iter,330,2.108384132385254,99.4022798538208,,45.27424827981069
1u_s16.0_bs1024_lr0.016,iter,340,2.0599682331085205,100.64211702346802,,45.533258154740395
1u_s16.0_bs1024_lr0.016,iter,350,2.0107030868530273,101.98884510993958,,45.85607944270826
1u_s16.0_bs1024_lr0.016,iter,360,2.002779960632324,103.22898316383362,,46.056878716533326
1u_s16.0_bs1024_lr0.016,iter,370,2.0375561714172363,104.46364879608154,,46.27029764591702
1u_s16.0_bs1024_lr0.016,iter,380,1.9579733610153198,105.69486546516418,,51.84873139404468
1u_s16.0_bs1024_lr0.016,iter,390,1.9132165908813477,106.92748832702637,,51.54770019709212
1u_s16.0_bs1024_lr0.016,iter,400,1.8778202533721924,108.16163039207458,,48.382121680009256
1u_s16.0_bs1024_lr0.016,iter,410,1.9193557500839233,109.39510321617126,,48.38805388329742
1u_s16.0_bs1024_lr0.016,iter,420,1.8612428903579712,110.6272783279419,,49.16484087734662
1u_s16.0_bs1024_lr0.016,iter,430,1.806663155555725,111.86376428604126,,49.05727857418868
1u_s16.0_bs1024_lr0.016,iter,440,1.808937668800354,113.09931421279907,,49.02865834879006
1u_s16.0_bs1024_lr0.016,iter,450,1.7773889303207397,114.33859324455261,,48.94256936507403
1u_s16.0_bs1024_lr0.016,iter,460,1.7484408617019653,115.57496857643127,,48.88086731063991
1u_s16.0_bs1024_lr0.016,iter,470,1.7149873971939087,116.81313896179199,,48.857771492246414
1u_s16.0_bs1024_lr0.016,iter,480,1.6938236951828003,118.04801368713379,,48.81190089664035
1u_s16.0_bs1024_lr0.016,iter,490,1.7199392318725586,119.27820897102356,,48.78934964341019
1u_s16.0_bs1024_lr0.016,iter,500,1.6681791543960571,150.12303924560547,,43.93035130083713
1u_s16.0_bs1024_lr0.016,iter,510,1.6443134546279907,151.3539695739746,,44.43297603429336
1u_s16.0_bs1024_lr0.016,iter,520,1.659377098083496,152.58568620681763,,45.19865000138312
1u_s16.0_bs1024_lr0.016,iter,530,1.6256369352340698,153.81824922561646,,45.56206424624338
1u_s16.0_bs1024_lr0.016,iter,540,1.6059327125549316,155.04413723945618,,45.82795694471742
1u_s16.0_bs1024_lr0.016,iter,550,1.5926741361618042,156.27477955818176,,46.132515827866705
1u_s16.0_bs1024_lr0.016,iter,560,1.5724186897277832,157.5142641067505,,47.79461844676419
1u_s16.0_bs1024_lr0.016,iter,570,1.586606502532959,158.74405145645142,,47.78584855665581
1u_s16.0_bs1024_lr0.016,iter,580,1.561441421508789,159.9712312221527,,47.877513284802724
1u_s16.0_bs1024_lr0.016,iter,590,1.5538748502731323,161.20465803146362,,47.92748686613747
1u_s16.0_bs1024_lr0.016,iter,600,1.5316872596740723,162.4397337436676,,45.15805750618674
1u_s16.0_bs1024_lr0.016,iter,610,1.5194076299667358,163.6668996810913,,45.53259796105152
1u_s16.0_bs1024_lr0.016,iter,620,1.5205916166305542,164.90218043327332,,45.87780791684916
1u_s16.0_bs1024_lr0.016,iter,630,1.5044831037521362,166.12907719612122,,46.18259313174622
1u_s16.0_bs1024_lr0.016,iter,640,1.4984341859817505,167.36108994483948,,46.37938554617451
1u_s16.0_bs1024_lr0.016,iter,650,1.5274418592453003,168.58836436271667,,46.6252698573956
1u_s16.0_bs1024_lr0.016,iter,660,1.4770160913467407,169.82287430763245,,46.787782174283116
1u_s16.0_bs1024_lr0.016,iter,670,1.4537522792816162,171.05106687545776,,46.988900215232654
1u_s16.0_bs1024_lr0.016,iter,680,1.440873622894287,172.28489565849304,,47.13034769072484
1u_s16.0_bs1024_lr0.016,iter,690,1.4661431312561035,173.51584482192993,,47.28723054172011
1u_s16.0_bs1024_lr0.016,iter,700,1.4181017875671387,174.7442591190338,,44.60287746963424
1u_s16.0_bs1024_lr0.016,iter,710,1.444801926612854,175.97742795944214,,44.9969370835623
1u_s16.0_bs1024_lr0.016,iter,720,1.4042998552322388,177.2037992477417,,45.354674172551306
1u_s16.0_bs1024_lr0.016,iter,730,1.3792672157287598,178.42742896080017,,45.69476441472177
1u_s16.0_bs1024_lr0.016,iter,740,1.3735772371292114,179.66160798072815,,45.907932753185385
1u_s16.0_bs1024_lr0.016,iter,750,1.354976773262024,209.8021001815796,,41.33755121210166
1u_s16.0_bs1024_lr0.016,iter,760,1.3310738801956177,211.02971935272217,,42.09530935440109
1u_s16.0_bs1024_lr0.016,iter,770,1.3243370056152344,212.25743055343628,,42.788050965276895
1u_s16.0_bs1024_lr0.016,iter,780,1.3113449811935425,213.4839813709259,,43.4219197461602
1u_s16.0_bs1024_lr0.016,iter,790,1.310004711151123,214.7118842601776,,44.00931081307053
1u_s16.0_bs1024_lr0.016,iter,800,1.3003649711608887,215.94111132621765,,41.631268589330084
1u_s16.0_bs1024_lr0.016,iter,810,1.2895252704620361,217.16511940956116,,42.34830464560939
1u_s16.0_bs1024_lr0.016,iter,820,1.2871991395950317,218.39224934577942,,43.01765995753337
1u_s16.0_bs1024_lr0.016,iter,830,1.2772020101547241,219.61975741386414,,43.55603471424664
1u_s16.0_bs1024_lr0.016,iter,840,1.2402492761611938,220.8501796722412,,44.03326631306992
1u_s16.0_bs1024_lr0.016,iter,850,1.2341715097427368,222.08269500732422,,44.46890966658812
1u_s16.0_bs1024_lr0.016,iter,860,1.2254563570022583,223.30964350700378,,44.91545595469941
1u_s16.0_bs1024_lr0.016,iter,870,1.2214961051940918,224.54380893707275,,45.2227177150055
1u_s16.0_bs1024_lr0.016,iter,880,1.2087340354919434,225.7711877822876,,45.53367333178544
1u_s16.0_bs1024_lr0.016,iter,890,1.235729694366455,227.00249886512756,,45.85574008300481
1u_s16.0_bs1024_lr0.016,iter,900,1.2045577764511108,228.22896575927734,,43.33304355277376
1u_s16.0_bs1024_lr0.016,iter,910,1.1803114414215088,229.4595274925232,,43.852569851565924
1u_s16.0_bs1024_lr0.016,iter,920,1.1759382486343384,230.68959546089172,,44.386006869599996
1u_s16.0_bs1024_lr0.016,iter,930,1.1776536703109741,231.91430687904358,,44.792864658021834
1u_s16.0_bs1024_lr0.016,iter,940,1.1589064598083496,233.13993191719055,,45.14899251892972
1u_s16.0_bs1024_lr0.016,iter,950,1.1813814640045166,234.37031197547913,,45.49266602330147
1u_s16.0_bs1024_lr0.016,iter,960,1.154228687286377,235.59803318977356,,45.78153616437351
1u_s16.0_bs1024_lr0.016,iter,970,1.1408967971801758,236.82604050636292,,46.08720541377469
1u_s16.0_bs1024_lr0.016,iter,980,1.1277321577072144,238.08652544021606,,46.38131488943143
1u_s16.0_bs1024_lr0.016,iter,990,1.1391124725341797,239.32043647766113,,46.58750607267113
1u_s16.0_bs1024_lr0.016,iter,1000,1.121429443359375,270.07514810562134,,41.948743574370354
1u_s16.0_bs1024_lr0.016,iter,1010,1.1215652227401733,271.29867792129517,,42.64095635124352
1u_s16.0_bs1024_lr0.016,iter,1020,1.1185450553894043,272.5180220603943,,43.21938221447624
1u_s16.0_bs1024_lr0.016,iter,1030,1.0993965864181519,273.73848009109497,,43.79184860093579
1u_s16.0_bs1024_lr0.016,iter,1040,1.083789587020874,274.9589581489563,,44.24463033348541
1u_s16.0_bs1024_lr0.016,iter,1050,1.096649169921875,276.18048906326294,,44.72600792639119
1u_s16.0_bs1024_lr0.016,iter,1060,1.0836608409881592,277.4039659500122,,45.15251027496151
1u_s16.0_bs1024_lr0.016,iter,1070,1.0600032806396484,278.6266875267029,,45.565375330445825
1u_s16.0_bs1024_lr0.016,iter,1080,1.0644731521606445,279.8485949039459,,45.91206196506094
1u_s16.0_bs1024_lr0.016,iter,1090,1.0582540035247803,281.0753927230835,,46.17733377149151
1u_s16.0_bs1024_lr0.016,iter,1100,1.0393970012664795,282.29879355430603,,43.58739235599123
1u_s16.0_bs1024_lr0.016,iter,1110,1.053666353225708,283.52213525772095,,44.14063220274924
1u_s16.0_bs1024_lr0.016,iter,1120,1.0361201763153076,284.745543718338,,44.65733788679653
1u_s16.0_bs1024_lr0.016,iter,1130,1.052201271057129,285.96680784225464,,45.122061901264296
1u_s16.0_bs1024_lr0.016,iter,1140,1.0321540832519531,287.1912114620209,,45.40674834183079
1u_s16.0_bs1024_lr0.016,iter,1150,1.0179262161254883,288.407509803772,,45.831019004508896
1u_s16.0_bs1024_lr0.016,iter,1160,1.0145533084869385,289.627863407135,,46.169573429454616
1u_s16.0_bs1024_lr0.016,iter,1170,1.0246484279632568,290.8530662059784,,46.41392795590546
1u_s16.0_bs1024_lr0.016,iter,1180,1.0063163042068481,292.07839798927307,,46.627136968599245
1u_s16.0_bs1024_lr0.016,iter,1190,1.000718593597412,293.3015487194061,,46.86434238295908
1u_s16.0_bs1024_lr0.016,iter,1200,0.9839927554130554,294.5640563964844,,44.214388142593094
1u_s16.0_bs1024_lr0.016,iter,1210,0.9806239008903503,295.78411078453064,,44.71472189593806
1u_s16.0_bs1024_lr0.016,iter,1220,0.9760780334472656,297.0139784812927,,45.145810583754695
1u_s16.0_bs1024_lr0.016,iter,1230,0.9751349687576294,298.25309681892395,,43.43091214326702
1u_s16.0_bs1024_lr0.016,iter,1240,0.9633001089096069,299.47948718070984,,43.941131927941015
1u_s16.0_bs1024_lr0.016,iter,1250,0.9604116082191467,330.099187374115,,39.56710236109182
1u_s16.0_bs1024_lr0.016,iter,1260,0.9421850442886353,331.31934332847595,,40.50540032509091
1u_s16.0_bs1024_lr0.016,iter,1270,0.9452147483825684,332.5399742126465,,41.33947496313587
1u_s16.0_bs1024_lr0.016,iter,1280,0.9713398814201355,333.76125502586365,,42.06916528204338
1u_s16.0_bs1024_lr0.016,iter,1290,0.941641092300415,334.9822196960449,,42.82679997115202
1u_s16.0_bs1024_lr0.016,iter,1300,0.9274762272834778,336.2016966342926,,40.61249169272205
1u_s16.0_bs1024_lr0.016,iter,1310,0.9414497017860413,337.4263689517975,,41.4419713095428
1u_s16.0_bs1024_lr0.016,iter,1320,0.9266234040260315,338.6522328853607,,42.11360484120984
1u_s16.0_bs1024_lr0.016,iter,1330,0.9039737582206726,339.8795847892761,,42.813171970822836
1u_s16.0_bs1024_lr0.016,iter,1340,0.9179690480232239,341.1607768535614,,43.39620216158376
1u_s16.0_bs1024_lr0.016,iter,1350,0.9130666255950928,342.38819217681885,,43.941053499734956
1u_s16.0_bs1024_lr0.016,iter,1360,0.8975661396980286,343.6176700592041,,44.39109252105055
1u_s16.0_bs1024_lr0.016,iter,1370,0.8812940716743469,344.8403148651123,,46.12809745128261
1u_s16.0_bs1024_lr0.016,iter,1380,0.8856318593025208,346.0680630207062,,46.401267172776166
1u_s16.0_bs1024_lr0.016,iter,1390,0.8773140907287598,347.28850984573364,,46.668319247457745
1u_s16.0_bs1024_lr0.016,iter,1400,0.8724310398101807,348.5149474143982,,44.02724889198566
1u_s16.0_bs1024_lr0.016,iter,1410,0.8714750409126282,349.73709058761597,,46.36568728370934
1u_s16.0_bs1024_lr0.016,iter,1420,0.8574377298355103,350.9613199234009,,46.60194951501936
1u_s16.0_bs1024_lr0.016,iter,1430,0.8727167844772339,352.190869808197,,46.79750642970767
1u_s16.0_bs1024_lr0.016,iter,1440,0.8539893627166748,353.42160177230835,,46.988043312144804
1u_s16.0_bs1024_lr0.016,iter,1450,0.8304208517074585,354.65556812286377,,47.1092468048213
1u_s16.0_bs1024_lr0.016,iter,1460,0.8399273753166199,355.88267827033997,,47.28701435770543
1u_s16.0_bs1024_lr0.016,iter,1470,0.838631272315979,357.1128098964691,,47.34117724366369
1u_s16.0_bs1024_lr0.016,iter,1480,0.8387241959571838,358.335741519928,,47.45855324317014
1u_s16.0_bs1024_lr0.016,iter,1490,0.8479129076004028,359.5604248046875,,47.58290956166138
1u_s16.0_bs1024_lr0.016,iter,1500,0.8137693405151367,389.4955530166626,,42.845172457661526
1u_s16.0_bs1024_lr0.016,iter,1510,0.8205873370170593,390.71507835388184,,43.41929404832925
1u_s16.0_bs1024_lr0.016,iter,1520,0.7975266575813293,391.9374649524689,,43.95210492291983
1u_s16.0_bs1024_lr0.016,iter,1530,0.8139292001724243,393.16105103492737,,44.46990612663696
1u_s16.0_bs1024_lr0.016,iter,1540,0.8290896415710449,394.385187625885,,44.93358274173724
1u_s16.0_bs1024_lr0.016,iter,1550,0.8099784255027771,395.6117796897888,,45.33559681114342
1u_s16.0_bs1024_lr0.016,iter,1560,0.794146716594696,396.8347363471985,,45.63501230654854
1u_s16.0_bs1024_lr0.016,iter,1570,0.7797663807868958,398.062876701355,,45.91460467699785
1u_s16.0_bs1024_lr0.016,iter,1580,0.7739187479019165,399.29413771629333,,46.16169285641185
1u_s16.0_bs1024_lr0.016,iter,1590,0.7776941061019897,400.52381134033203,,46.4132324136558
1u_s16.0_bs1024_lr0.016,iter,1600,0.7886142134666443,401.7552602291107,,43.7699935108509
1u_s16.0_bs1024_lr0.016,iter,1610,0.7671938538551331,402.98249077796936,,44.290399035282086
1u_s16.0_bs1024_lr0.016,iter,1620,0.7567101716995239,404.2138481140137,,44.73686926158133
1u_s16.0_bs1024_lr0.016,iter,1630,0.7614575028419495,405.4432210922241,,45.14692889629852
1u_s16.0_bs1024_lr0.016,iter,1640,0.7576805353164673,406.6760756969452,,45.50210620703851
1u_s16.0_bs1024_lr0.016,iter,1650,0.7451392412185669,407.90672755241394,,45.832915810215354
1u_s16.0_bs1024_lr0.016,iter,1660,0.7603749632835388,409.13532543182373,,46.04952771622223
1u_s16.0_bs1024_lr0.016,iter,1670,0.7411994338035583,410.3998417854309,,46.27957790104983
1u_s16.0_bs1024_lr0.016,iter,1680,0.750197172164917,411.6337802410126,,46.483717422194225
1u_s16.0_bs1024_lr0.016,iter,1690,0.7406445741653442,412.87054228782654,,46.67771714096993
1u_s16.0_bs1024_lr0.016,iter,1700,0.729518473148346,414.1013708114624,,44.04458948629072
1u_s16.0_bs1024_lr0.016,iter,1710,0.7260197997093201,415.43530774116516,,44.44890435968239
1u_s16.0_bs1024_lr0.016,iter,1720,0.7498760223388672,416.66289138793945,,44.86485331190552
1u_s16.0_bs1024_lr0.016,iter,1730,0.7180992364883423,417.89416432380676,,45.217806204623685
1u_s16.0_bs1024_lr0.016,iter,1740,0.7079393863677979,419.12598729133606,,51.708737719108164
1u_s16.0_bs1024_lr0.016,iter,1750,0.7143790125846863,449.76317524909973,,46.55793270585589
1u_s16.0_bs1024_lr0.016,iter,1760,0.715350866317749,450.9849441051483,,46.78572385601541
1u_s16.0_bs1024_lr0.016,iter,1770,0.7035021781921387,452.2039439678192,,46.95820285146448
1u_s16.0_bs1024_lr0.016,iter,1780,0.6955741047859192,453.4327201843262,,47.11225789613857
1u_s16.0_bs1024_lr0.016,iter,1790,0.6887944340705872,454.65580439567566,,47.306093274884724
1u_s16.0_bs1024_lr0.016,iter,1800,0.7014093399047852,455.87979102134705,,44.60675970276446
1u_s16.0_bs1024_lr0.016,iter,1810,0.6943657994270325,457.21120953559875,,45.013982091367645
1u_s16.0_bs1024_lr0.016,iter,1820,0.6824182868003845,458.4331979751587,,45.359779946256
1u_s16.0_bs1024_lr0.016,iter,1830,0.6868308782577515,459.65615820884705,,45.7122839334618
1u_s16.0_bs1024_lr0.016,iter,1840,0.6792678833007812,460.88074946403503,,44.77171978171438
1u_s16.0_bs1024_lr0.016,iter,1850,0.6751541495323181,462.10886240005493,,45.14102050361875
1u_s16.0_bs1024_lr0.016,iter,1860,0.6673869490623474,463.3328540325165,,45.518259492849296
1u_s16.0_bs1024_lr0.016,iter,1870,0.6605702042579651,464.55865240097046,,45.82350581993956
1u_s16.0_bs1024_lr0.016,iter,1880,0.6542312502861023,465.7907371520996,,46.69723191577209
1u_s16.0_bs1024_lr0.016,iter,1890,0.6611310839653015,467.01586866378784,,46.941833527884235
1u_s16.0_bs1024_lr0.016,iter,1900,0.6601805090904236,468.240003824234,,44.33660235445461
1u_s16.0_bs1024_lr0.016,iter,1910,0.6612198352813721,469.4648904800415,,44.730011864162286
1u_s16.0_bs1024_lr0.016,iter,1920,0.6611120700836182,470.68934059143066,,45.06682042890755
1u_s16.0_bs1024_lr0.016,iter,1930,0.6449185013771057,471.91372561454773,,45.40221917607894
1u_s16.0_bs1024_lr0.016,iter,1940,0.642706036567688,473.13541173934937,,45.75927744902112
1u_s16.0_bs1024_lr0.016,iter,1950,0.632356584072113,474.3629741668701,,45.97576527179588
1u_s16.0_bs1024_lr0.016,iter,1960,0.6362301707267761,475.5845115184784,,46.27763743994617
1u_s16.0_bs1024_lr0.016,iter,1970,0.6470590233802795,476.81125020980835,,46.465138678328515
1u_s16.0_bs1024_lr0.016,iter,1980,0.6403298377990723,478.03697419166565,,46.747517981291914
1u_s16.0_bs1024_lr0.016,iter,1990,0.6325741410255432,479.26743817329407,,46.91356281299984
1u_s16.0_bs1024_lr0.016,iter,2000,0.6259597539901733,510.31528186798096,,42.24200512969929
1u_s16.0_bs1024_lr0.016,iter,2010,0.6199539303779602,511.5358338356018,,42.920278991250235
1u_s16.0_bs1024_lr0.016,iter,2020,0.6127318739891052,512.7667593955994,,43.43585078424411
1u_s16.0_bs1024_lr0.016,iter,2030,0.613130509853363,513.9963443279266,,44.000388391605085
1u_s16.0_bs1024_lr0.016,iter,2040,0.6207732558250427,515.2258353233337,,44.47728597344385
1u_s16.0_bs1024_lr0.016,iter,2050,0.6139566898345947,516.4544086456299,,44.82612796765064
1u_s16.0_bs1024_lr0.016,iter,2060,0.6014941334724426,517.6842081546783,,45.253835260305564
1u_s16.0_bs1024_lr0.016,iter,2070,0.6097063422203064,518.9104170799255,,45.585231572212585
1u_s16.0_bs1024_lr0.016,iter,2080,0.5978602170944214,520.1404268741608,,45.89970080152446
1u_s16.0_bs1024_lr0.016,iter,2090,0.5961190462112427,521.3691012859344,,46.134742094044505
1u_s16.0_bs1024_lr0.016,iter,2100,0.5980813503265381,522.5947015285492,,43.5305811141837
1u_s16.0_bs1024_lr0.016,iter,2110,0.5893665552139282,523.8232679367065,,44.04547821932096
1u_s16.0_bs1024_lr0.016,iter,2120,0.594467282295227,525.0537672042847,,44.48483079924944
1u_s16.0_bs1024_lr0.016,iter,2130,0.5861459970474243,526.2869741916656,,44.881834361882476
1u_s16.0_bs1024_lr0.016,iter,2140,0.5899049043655396,527.5152716636658,,45.23605989515821
1u_s16.0_bs1024_lr0.016,iter,2150,0.5793094635009766,528.7430033683777,,45.57717981688194
1u_s16.0_bs1024_lr0.016,iter,2160,0.599741518497467,529.9725897312164,,45.873799772619954
1u_s16.0_bs1024_lr0.016,iter,2170,0.5795803070068359,531.1952688694,,46.172742967180234
1u_s16.0_bs1024_lr0.016,iter,2180,0.5703299641609192,532.5200531482697,,46.49407665052737
1u_s16.0_bs1024_lr0.016,iter,2190,0.5696123838424683,533.7510750293732,,46.66027706951863
1u_s16.0_bs1024_lr0.016,iter,2200,0.5676186084747314,534.9768617153168,,44.03983179584707
1u_s16.0_bs1024_lr0.016,iter,2210,0.5572361946105957,536.2054998874664,,42.321364812322
1u_s16.0_bs1024_lr0.016,iter,2220,0.55916428565979,537.4575378894806,,42.98480193509554
1u_s16.0_bs1024_lr0.016,iter,2230,0.5750545859336853,538.6894896030426,,43.50187418420035
1u_s16.0_bs1024_lr0.016,iter,2240,0.5545245409011841,539.9159171581268,,44.087682200270834
1u_s16.0_bs1024_lr0.016,iter,2250,0.5511659383773804,570.0505299568176,,39.69936097600704
1u_s16.0_bs1024_lr0.016,iter,2260,0.5521597862243652,571.2726018428802,,40.64708387820794
1u_s16.0_bs1024_lr0.016,iter,2270,0.5501327514648438,572.4935448169708,,41.457914137862275
1u_s16.0_bs1024_lr0.016,iter,2280,0.5413398742675781,573.71488904953,,42.23758883868838
1u_s16.0_bs1024_lr0.016,iter,2290,0.5399724841117859,574.9402360916138,,42.915122429046484
1u_s16.0_bs1024_lr0.016,iter,2300,0.5521494746208191,576.1643335819244,,40.63652541083332
1u_s16.0_bs1024_lr0.016,iter,2310,0.5478772521018982,577.3885924816132,,39.976467404498834
1u_s16.0_bs1024_lr0.016,iter,2320,0.5332570672035217,578.6110644340515,,40.80775470414232
1u_s16.0_bs1024_lr0.016,iter,2330,0.5358323454856873,579.8329133987427,,41.62863678704578
1u_s16.0_bs1024_lr0.016,iter,2340,0.5325442552566528,581.0601606369019,,42.34842304880383
1u_s16.0_bs1024_lr0.016,iter,2350,0.5249009132385254,582.2850413322449,,44.851855803429174
1u_s16.0_bs1024_lr0.016,iter,2360,0.5301151275634766,583.5122621059418,,45.2153888749767
1u_s16.0_bs1024_lr0.016,iter,2370,0.5346863865852356,584.7386236190796,,45.58241797911606
1u_s16.0_bs1024_lr0.016,iter,2380,0.5258550047874451,585.9647812843323,,45.935007352470635
1u_s16.0_bs1024_lr0.016,iter,2390,0.5264312624931335,587.1946585178375,,46.23568132439742
1u_s16.0_bs1024_lr0.016,iter,2400,0.5184050798416138,588.4225900173187,,43.651463080929474
1u_s16.0_bs1024_lr0.016,iter,2410,0.5145029425621033,589.6529536247253,,44.08686527690081
1u_s16.0_bs1024_lr0.016,iter,2420,0.5114619731903076,590.8814206123352,,44.541703052022704
1u_s16.0_bs1024_lr0.016,iter,2430,0.5124951601028442,592.1096005439758,,44.93144253166616
1u_s16.0_bs1024_lr0.016,iter,2440,0.5071595907211304,593.3411428928375,,45.29630470703816
1u_s16.0_bs1024_lr0.016,iter,2450,0.5034359693527222,594.5695276260376,,45.64457149693544
1u_s16.0_bs1024_lr0.016,iter,2460,0.5008864402770996,595.7960245609283,,45.941464019102625
1u_s16.0_bs1024_lr0.016,iter,2470,0.4940290153026581,597.025178194046,,46.19451368121748
1u_s16.0_bs1024_lr0.016,iter,2480,0.501688539981842,598.2556340694427,,46.424091239052615
1u_s16.0_bs1024_lr0.016,iter,2490,0.49748995900154114,599.4875290393829,,46.606460750772406
1u_s16.0_bs1024_lr0.016,iter,2500,0.5016665458679199,629.865574836731,,41.96606444733415
1u_s16.0_bs1024_lr0.016,iter,2510,0.49027130007743835,631.0886816978455,,42.6085778140741
1u_s16.0_bs1024_lr0.016,iter,2520,0.4837699234485626,632.312264919281,,43.28823067095327
1u_s16.0_bs1024_lr0.016,iter,2530,0.48599880933761597,633.5354135036469,,43.88935995131583
1u_s16.0_bs1024_lr0.016,iter,2540,0.48870399594306946,634.7590239048004,,44.36501737753422
1u_s16.0_bs1024_lr0.016,iter,2550,0.49148908257484436,635.9812934398651,,44.785550180185176
1u_s16.0_bs1024_lr0.016,iter,2560,0.4875570237636566,637.2038009166718,,45.16254902874681
1u_s16.0_bs1024_lr0.016,iter,2570,0.48266249895095825,638.4296152591705,,45.546722155984696
1u_s16.0_bs1024_lr0.016,iter,2580,0.47746792435646057,639.654776096344,,45.883123100211584
1u_s16.0_bs1024_lr0.016,iter,2590,0.48163601756095886,640.8859612941742,,46.17016883153099
1u_s16.0_bs1024_lr0.016,iter,2600,0.47037243843078613,642.1124727725983,,43.630939980578844
1u_s16.0_bs1024_lr0.016,iter,2610,0.47318676114082336,643.3360064029694,,44.201134307518714
1u_s16.0_bs1024_lr0.016,iter,2620,0.47005000710487366,644.55908370018,,44.68500468411293
1u_s16.0_bs1024_lr0.016,iter,2630,0.47095614671707153,645.7779550552368,,45.155677961485864
1u_s16.0_bs1024_lr0.016,iter,2640,0.4752994775772095,647.0024564266205,,45.478387322580296
1u_s16.0_bs1024_lr0.016,iter,2650,0.4664214253425598,648.2311961650848,,45.86154112286469
1u_s16.0_bs1024_lr0.016,iter,2660,0.4600045084953308,649.4529812335968,,46.22044067859641
1u_s16.0_bs1024_lr0.016,iter,2670,0.46944066882133484,650.682116985321,,46.447143467719734
1u_s16.0_bs1024_lr0.016,iter,2680,0.4621015787124634,651.9111683368683,,45.40120486769582
1u_s16.0_bs1024_lr0.016,iter,2690,0.4598500728607178,653.1398801803589,,45.74883062478264
1u_s16.0_bs1024_lr0.016,iter,2700,0.45261719822883606,654.3652806282043,,43.255566716880416
1u_s16.0_bs1024_lr0.016,iter,2710,0.456454873085022,655.5907855033875,,43.836341568335776
1u_s16.0_bs1024_lr0.016,iter,2720,0.4467242956161499,656.8176870346069,,49.92376237083503
1u_s16.0_bs1024_lr0.016,iter,2730,0.4520130455493927,658.0476286411285,,49.721286450682236
1u_s16.0_bs1024_lr0.016,iter,2740,0.44786757230758667,659.2705090045929,,49.662893555089084
1u_s16.0_bs1024_lr0.016,iter,2750,0.44266045093536377,689.5097818374634,,44.7169511426281
1u_s16.0_bs1024_lr0.016,iter,2760,0.44396141171455383,690.7348124980927,,45.11072969640648
1u_s16.0_bs1024_lr0.016,iter,2770,0.4415755867958069,691.9578990936279,,45.502544420421174
1u_s16.0_bs1024_lr0.016,iter,2780,0.4378927946090698,693.1846952438354,,45.82805677904611
1u_s16.0_bs1024_lr0.016,iter,2790,0.43721824884414673,694.4761574268341,,46.16878734897689
1u_s16.0_bs1024_lr0.016,iter,2800,0.44359856843948364,695.7073836326599,,43.60428385645091
1u_s16.0_bs1024_lr0.016,iter,2810,0.4322175979614258,696.9344761371613,,44.0917939119069
1u_s16.0_bs1024_lr0.016,iter,2820,0.4353709816932678,698.1642324924469,,47.27154028968329
1u_s16.0_bs1024_lr0.016,iter,2830,0.4281746447086334,699.3892471790314,,47.31244024247532
1u_s16.0_bs1024_lr0.016,iter,2840,0.43141400814056396,700.6123049259186,,47.503772944793134
1u_s16.0_bs1024_lr0.016,iter,2850,0.42971524596214294,701.8381097316742,,47.62226077035562
1u_s16.0_bs1024_lr0.016,iter,2860,0.4257047474384308,703.0672750473022,,47.73344494019916
1u_s16.0_bs1024_lr0.016,iter,2870,0.4296582043170929,704.292289018631,,47.86347844590886
1u_s16.0_bs1024_lr0.016,iter,2880,0.43021920323371887,705.5176281929016,,47.973720343916916
1u_s16.0_bs1024_lr0.016,iter,2890,0.42531830072402954,706.7450714111328,,48.0684165992776
1u_s16.0_bs1024_lr0.016,iter,2900,0.41885101795196533,707.9689140319824,,45.322374968900895
1u_s16.0_bs1024_lr0.016,iter,2910,0.4175211191177368,709.197758436203,,45.6727969461805
1u_s16.0_bs1024_lr0.016,iter,2920,0.41545405983924866,710.4235687255859,,45.98915889700651
1u_s16.0_bs1024_lr0.016,iter,2930,0.41932010650634766,711.6502068042755,,46.28207204616473
1u_s16.0_bs1024_lr0.016,iter,2940,0.41568106412887573,712.8777966499329,,46.555330241196835
1u_s16.0_bs1024_lr0.016,iter,2950,0.4073702394962311,714.1052343845367,,46.74403542930577
1u_s16.0_bs1024_lr0.016,iter,2960,0.4102102220058441,715.3335325717926,,46.93505822122248
1u_s16.0_bs1024_lr0.016,iter,2970,0.41244205832481384,716.5570194721222,,47.141423504560066
1u_s16.0_bs1024_lr0.016,iter,2980,0.41141143441200256,717.7857308387756,,47.26857449506168
1u_s16.0_bs1024_lr0.016,iter,2990,0.4002484679222107,719.014928817749,,47.39060493292331
1u_s16.0_bs1024_lr0.016,iter,3000,0.4040831923484802,749.1076385974884,,42.67199204481787
1u_s16.0_bs1024_lr0.016,iter,3010,0.39980271458625793,750.3317036628723,,43.283242041367146
1u_s16.0_bs1024_lr0.016,iter,3020,0.3987828493118286,751.5562560558319,,43.85321487501828
1u_s16.0_bs1024_lr0.016,iter,3030,0.4007808566093445,752.7854797840118,,44.304355154462236
1u_s16.0_bs1024_lr0.016,iter,3040,0.399119108915329,754.014710187912,,44.74891650822595
1u_s16.0_bs1024_lr0.016,iter,3050,0.3941175639629364,755.244509935379,,45.09699821638476
1u_s16.0_bs1024_lr0.016,iter,3060,0.389599084854126,756.473742723465,,45.43939458751212
1u_s16.0_bs1024_lr0.016,iter,3070,0.39171847701072693,757.7020184993744,,45.73626112956256
1u_s16.0_bs1024_lr0.016,iter,3080,0.38784539699554443,758.9296476840973,,46.04327417722858
1u_s16.0_bs1024_lr0.016,iter,3090,0.38688480854034424,760.159422159195,,46.24300904096792
1u_s16.0_bs1024_lr0.016,iter,3100,0.3852517306804657,761.3882675170898,,43.71083238342323
1u_s16.0_bs1024_lr0.016,iter,3110,0.38281309604644775,762.6142842769623,,44.279537576381166
1u_s16.0_bs1024_lr0.016,iter,3120,0.38343486189842224,763.8640015125275,,44.72125486646562
1u_s16.0_bs1024_lr0.016,iter,3130,0.3802518844604492,765.0968265533447,,45.106097883685415
1u_s16.0_bs1024_lr0.016,iter,3140,0.37955600023269653,766.3250734806061,,45.40911242963279
1u_s16.0_bs1024_lr0.016,iter,3150,0.37978655099868774,767.5549929141998,,45.69612832867902
1u_s16.0_bs1024_lr0.016,iter,3160,0.3740968704223633,768.8667366504669,,45.93095620687642
1u_s16.0_bs1024_lr0.016,iter,3170,0.37634599208831787,770.0943863391876,,46.2260941122484
1u_s16.0_bs1024_lr0.016,iter,3180,0.3759494721889496,771.3251886367798,,46.455223159839086
1u_s16.0_bs1024_lr0.016,iter,3190,0.3713226616382599,772.5560667514801,,53.2815012258064
1u_s16.0_bs1024_lr0.016,iter,3200,0.3688500225543976,773.7853734493256,,50.02008172783834
1u_s16.0_bs1024_lr0.016,iter,3210,0.36934593319892883,775.017425775528,,49.84993744518283
1u_s16.0_bs1024_lr0.016,iter,3220,0.3660851716995239,776.2477633953094,,49.708159242779395
1u_s16.0_bs1024_lr0.016,iter,3230,0.3635651469230652,777.4828059673309,,49.97285983667374
1u_s16.0_bs1024_lr0.016,iter,3240,0.3663025200366974,778.7215142250061,,49.82393526879156
1u_s16.0_bs1024_lr0.016,iter,3250,0.36483311653137207,808.6599533557892,,44.86210016462334
1u_s16.0_bs1024_lr0.016,iter,3260,0.362771600484848,809.9782016277313,,45.22074780178755
1u_s16.0_bs1024_lr0.016,iter,3270,0.36366820335388184,811.2043752670288,,45.54104448260393
1u_s16.0_bs1024_lr0.016,iter,3280,0.36350515484809875,812.4318249225616,,45.87242312325261
1u_s16.0_bs1024_lr0.016,iter,3290,0.35649073123931885,813.6595058441162,,44.39195660839971
1u_s16.0_bs1024_lr0.016,iter,3300,0.3566162586212158,814.8875689506531,,42.027136237117254
1u_s16.0_bs1024_lr0.016,iter,3310,0.3531152307987213,816.1176173686981,,42.652126057306624
1u_s16.0_bs1024_lr0.016,iter,3320,0.3541189730167389,817.3437314033508,,43.21222276043532
1u_s16.0_bs1024_lr0.016,iter,3330,0.35091835260391235,818.5707161426544,,43.76694792147997
1u_s16.0_bs1024_lr0.016,iter,3340,0.35134220123291016,819.8014986515045,,44.2307780169792
1u_s16.0_bs1024_lr0.016,iter,3350,0.34858590364456177,821.0267963409424,,44.6950643449905
1u_s16.0_bs1024_lr0.016,iter,3360,0.34669461846351624,822.257865190506,,45.04927554974213
1u_s16.0_bs1024_lr0.016,iter,3370,0.3453461527824402,823.4872050285339,,45.40569766662864
1u_s16.0_bs1024_lr0.016,iter,3380,0.34349772334098816,824.7139732837677,,45.78642584645161
1u_s16.0_bs1024_lr0.016,iter,3390,0.3421938419342041,825.9430568218231,,46.03424742100482
1u_s16.0_bs1024_lr0.016,iter,3400,0.34383103251457214,827.1661028862,,43.50604665830517
1u_s16.0_bs1024_lr0.016,iter,3410,0.3396502137184143,828.3959360122681,,44.02296133412112
1u_s16.0_bs1024_lr0.016,iter,3420,0.341408908367157,829.6249809265137,,44.45666865671953
1u_s16.0_bs1024_lr0.016,iter,3430,0.3359126150608063,830.8555805683136,,44.85364520160749
1u_s16.0_bs1024_lr0.016,iter,3440,0.33846601843833923,832.0816123485565,,45.19943510983071
1u_s16.0_bs1024_lr0.016,iter,3450,0.33438757061958313,833.3074333667755,,45.574739360932625
1u_s16.0_bs1024_lr0.016,iter,3460,0.3351939022541046,834.5316534042358,,45.95512250236599
1u_s16.0_bs1024_lr0.016,iter,3470,0.3306378722190857,835.7604100704193,,46.227878209646256
1u_s16.0_bs1024_lr0.016,iter,3480,0.32799702882766724,836.9859747886658,,46.506699902169615
1u_s16.0_bs1024_lr0.016,iter,3490,0.3335818946361542,838.2457535266876,,46.7056606947523
1u_s16.0_bs1024_lr0.016,iter,3500,0.33183154463768005,868.2168869972229,,42.0556287532152
1u_s16.0_bs1024_lr0.016,iter,3510,0.32820558547973633,869.4409871101379,,42.719035279431324
1u_s16.0_bs1024_lr0.016,iter,3520,0.32509803771972656,870.6635222434998,,43.35193315558857
1u_s16.0_bs1024_lr0.016,iter,3530,0.3241114914417267,871.8861770629883,,43.94489477158143
1u_s16.0_bs1024_lr0.016,iter,3540,0.323745459318161,873.1161801815033,,44.37342516419258
1u_s16.0_bs1024_lr0.016,iter,3550,0.32293927669525146,874.3439972400665,,44.75470656493351
1u_s16.0_bs1024_lr0.016,iter,3560,0.321190744638443,875.5758876800537,,45.1536246086889
1u_s16.0_bs1024_lr0.016,iter,3570,0.3185935616493225,876.804612159729,,45.49744857481102
1u_s16.0_bs1024_lr0.016,iter,3580,0.3192696273326874,878.0334053039551,,45.798858618193805
1u_s16.0_bs1024_lr0.016,iter,3590,0.3160308301448822,879.2620053291321,,46.04336044430053
1u_s16.0_bs1024_lr0.016,iter,3600,0.31634721159935,880.485996723175,,43.53926840230456
1u_s16.0_bs1024_lr0.016,iter,3610,0.31553390622138977,881.7092735767365,,44.121512379450756
1u_s16.0_bs1024_lr0.016,iter,3620,0.31552064418792725,882.9394183158875,,44.53046550939392
1u_s16.0_bs1024_lr0.016,iter,3630,0.3142433166503906,884.2204506397247,,44.91072108120107
1u_s16.0_bs1024_lr0.016,iter,3640,0.3115994930267334,885.4461343288422,,45.32603825525844
1u_s16.0_bs1024_lr0.016,iter,3650,0.3102019429206848,886.6786093711853,,45.664442957791465
1u_s16.0_bs1024_lr0.016,iter,3660,0.30842435359954834,887.908200263977,,44.24101949376902
1u_s16.0_bs1024_lr0.016,iter,3670,0.30868497490882874,889.1354081630707,,44.633879966320514
1u_s16.0_bs1024_lr0.016,iter,3680,0.3080260157585144,890.3643641471863,,45.06435059861696
1u_s16.0_bs1024_lr0.016,iter,3690,0.3078278601169586,891.5895044803619,,45.442978694522104
1u_s16.0_bs1024_lr0.016,iter,3700,0.3018951714038849,892.8189308643341,,42.960238587262864
1u_s16.0_bs1024_lr0.016,iter,3710,0.30331775546073914,894.0437996387482,,43.51717723253075
1u_s16.0_bs1024_lr0.016,iter,3720,0.30225932598114014,895.2746291160583,,43.98577394353199
1u_s16.0_bs1024_lr0.016,iter,3730,0.3015401363372803,896.5044758319855,,44.404131134580844
1u_s16.0_bs1024_lr0.016,iter,3740,0.2992778420448303,897.7351930141449,,44.799001449702686
1u_s16.0_bs1024_lr0.016,iter,3750,0.3009398579597473,927.47305727005,,40.339802721392765
1u_s16.0_bs1024_lr0.016,iter,3760,0.2985442280769348,928.7009389400482,,39.65553105710363
1u_s16.0_bs1024_lr0.016,iter,3770,0.299045205116272,929.9243905544281,,40.55381442608073
1u_s16.0_bs1024_lr0.016,iter,3780,0.2935829162597656,931.1513476371765,,41.38369655286997
1u_s16.0_bs1024_lr0.016,iter,3790,0.2908102869987488,932.379035949707,,42.086582747352615
1u_s16.0_bs1024_lr0.016,iter,3800,0.29201406240463257,933.608508348465,,40.31424025502003
1u_s16.0_bs1024_lr0.016,iter,3810,0.29093360900878906,934.8395137786865,,41.10002919466203
1u_s16.0_bs1024_lr0.016,iter,3820,0.2905903458595276,936.0632619857788,,41.87438334254791
1u_s16.0_bs1024_lr0.016,iter,3830,0.2860003113746643,937.2955312728882,,42.503953825147036
1u_s16.0_bs1024_lr0.016,iter,3840,0.28901565074920654,938.5241076946259,,43.14064557694253
1u_s16.0_bs1024_lr0.016,iter,3850,0.28790491819381714,939.7521553039551,,43.69981081764151
1u_s16.0_bs1024_lr0.016,iter,3860,0.28526872396469116,940.9774985313416,,44.15951922519605
1u_s16.0_bs1024_lr0.016,iter,3870,0.28631043434143066,942.2069067955017,,44.62386355723467
1u_s16.0_bs1024_lr0.016,iter,3880,0.2841019928455353,943.4375128746033,,44.968069632968536
1u_s16.0_bs1024_lr0.016,iter,3890,0.2791663110256195,944.6630010604858,,45.35275930631132
1u_s16.0_bs1024_lr0.016,iter,3900,0.28032419085502625,945.8929712772369,,42.87648983525083
1u_s16.0_bs1024_lr0.016,iter,3910,0.2782127559185028,947.1188650131226,,43.489883566328345
1u_s16.0_bs1024_lr0.016,iter,3920,0.28117066621780396,948.343512058258,,44.03497413127138
1u_s16.0_bs1024_lr0.016,iter,3930,0.2780461609363556,949.5714912414551,,44.50911708355867
1u_s16.0_bs1024_lr0.016,iter,3940,0.27720552682876587,950.7983598709106,,44.8867850884543
1u_s16.0_bs1024_lr0.016,iter,3950,0.27416208386421204,952.027373790741,,45.27120342451049
1u_s16.0_bs1024_lr0.016,iter,3960,0.2740990221500397,953.2583327293396,,45.57375391546478
1u_s16.0_bs1024_lr0.016,iter,3970,0.2732020616531372,954.4890201091766,,45.86912442110522
1u_s16.0_bs1024_lr0.016,iter,3980,0.2714076638221741,955.7198460102081,,46.09809828947528
1u_s16.0_bs1024_lr0.016,iter,3990,0.2707751393318176,956.9514746665955,,46.32542382157299
1u_s16.0_bs1024_lr0.016,iter,4000,0.2727888822555542,986.0450160503387,,41.71411047312926
1u_s16.0_bs1024_lr0.016,iter,4010,0.2685917317867279,987.2727105617523,,42.409299895729134
1u_s16.0_bs1024_lr0.016,iter,4020,0.2648462653160095,988.5015063285828,,43.01345285047925
1u_s16.0_bs1024_lr0.016,iter,4030,0.26635074615478516,989.7267999649048,,43.60634932475466
1u_s16.0_bs1024_lr0.016,iter,4040,0.2663615643978119,990.9585328102112,,44.09445184752819
1u_s16.0_bs1024_lr0.016,iter,4050,0.2640126049518585,992.1879715919495,,44.60244324208748
1u_s16.0_bs1024_lr0.016,iter,4060,0.2654966115951538,993.4183039665222,,44.94856962386713
1u_s16.0_bs1024_lr0.016,iter,4070,0.26456841826438904,994.6448724269867,,45.303117730456584
1u_s16.0_bs1024_lr0.016,iter,4080,0.2648589015007019,995.8772568702698,,45.59304605829822
1u_s16.0_bs1024_lr0.016,iter,4090,0.26205146312713623,997.1071631908417,,45.902312712325944
1u_s16.0_bs1024_lr0.016,iter,4100,0.2631473243236542,998.337150812149,,43.380141835511424
1u_s16.0_bs1024_lr0.016,iter,4110,0.2598322629928589,999.5659170150757,,43.90100250367224
1u_s16.0_bs1024_lr0.016,iter,4120,0.25908762216567993,1000.7944071292877,,44.35394895565545
1u_s16.0_bs1024_lr0.016,iter,4130,0.2590716481208801,1002.0207049846649,,43.161027619964635
1u_s16.0_bs1024_lr0.016,iter,4140,0.25566747784614563,1003.2580184936523,,43.686255690694445
1u_s16.0_bs1024_lr0.016,iter,4150,0.2547147572040558,1004.4849135875702,,44.233355703171156
1u_s16.0_bs1024_lr0.016,iter,4160,0.2565634548664093,1005.7159016132355,,44.68966880740574
1u_s16.0_bs1024_lr0.016,iter,4170,0.25466805696487427,1006.9412248134613,,47.51807471921005
1u_s16.0_bs1024_lr0.016,iter,4180,0.2535029649734497,1008.1733601093292,,47.614685065275424
1u_s16.0_bs1024_lr0.016,iter,4190,0.25584864616394043,1009.4013340473175,,47.74564855468254
1u_s16.0_bs1024_lr0.016,iter,4200,0.251455157995224,1010.6331732273102,,45.059495054498306
1u_s16.0_bs1024_lr0.016,iter,4210,0.252480149269104,1011.8639712333679,,45.422875230126216
1u_s16.0_bs1024_lr0.016,iter,4220,0.25331810116767883,1013.0934367179871,,45.7495950303027
1u_s16.0_bs1024_lr0.016,iter,4230,0.2475225031375885,1014.3215074539185,,46.038103075866786
1u_s16.0_bs1024_lr0.016,iter,4240,0.2510943114757538,1015.5482020378113,,46.316532794555734
1u_s16.0_bs1024_lr0.016,iter,4250,0.24828848242759705,1044.4429440498352,,41.70620238049778
1u_s16.0_bs1024_lr0.016,iter,4260,0.24832461774349213,1045.675987958908,,42.37896653609995
1u_s16.0_bs1024_lr0.016,iter,4270,0.2465207874774933,1046.9024846553802,,44.79019047772271
1u_s16.0_bs1024_lr0.016,iter,4280,0.24715422093868256,1048.1342117786407,,45.17484708381873
1u_s16.0_bs1024_lr0.016,iter,4290,0.24688759446144104,1049.36070394516,,45.53944036159891
1u_s16.0_bs1024_lr0.016,iter,4300,0.24370838701725006,1050.588253736496,,43.05298734162429
1u_s16.0_bs1024_lr0.016,iter,4310,0.24225351214408875,1051.8190009593964,,43.56238804247146
1u_s16.0_bs1024_lr0.016,iter,4320,0.2406797707080841,1053.0488348007202,,44.08105107103053
1u_s16.0_bs1024_lr0.016,iter,4330,0.24311281740665436,1054.279237985611,,44.52512689088209
1u_s16.0_bs1024_lr0.016,iter,4340,0.24013778567314148,1055.5123841762543,,44.90330199263976
1u_s16.0_bs1024_lr0.016,iter,4350,0.24183814227581024,1056.7434313297272,,45.2774232692807
1u_s16.0_bs1024_lr0.016,iter,4360,0.2420251965522766,1057.9745907783508,,45.59128360776876
1u_s16.0_bs1024_lr0.016,iter,4370,0.24093808233737946,1059.2049016952515,,45.91733292281974
1u_s16.0_bs1024_lr0.016,iter,4380,0.2406238615512848,1060.4362268447876,,46.12730960223044
1u_s16.0_bs1024_lr0.016,iter,4390,0.24093948304653168,1061.661280632019,,46.44955125800037
1u_s16.0_bs1024_lr0.016,iter,4400,0.23851820826530457,1062.8953471183777,,43.86756380714766
1u_s16.0_bs1024_lr0.016,iter,4410,0.23837631940841675,1064.1190712451935,,44.36854411670742
1u_s16.0_bs1024_lr0.016,iter,4420,0.23709841072559357,1065.3502871990204,,44.77214900431236
1u_s16.0_bs1024_lr0.016,iter,4430,0.23780566453933716,1066.5800120830536,,45.19074732520993
1u_s16.0_bs1024_lr0.016,iter,4440,0.23502320051193237,1067.811524629593,,45.50810629728511
1u_s16.0_bs1024_lr0.016,iter,4450,0.2337530553340912,1069.03799700737,,45.77839074060294
1u_s16.0_bs1024_lr0.016,iter,4460,0.23301026225090027,1070.2680315971375,,46.08914832878745
1u_s16.0_bs1024_lr0.016,iter,4470,0.23473359644412994,1071.496055841446,,46.31197601596619
1u_s16.0_bs1024_lr0.016,iter,4480,0.2298642098903656,1072.7258648872375,,46.55297326646411
1u_s16.0_bs1024_lr0.016,iter,4490,0.23287533223628998,1073.9562346935272,,46.70056639074866
1u_s16.0_bs1024_lr0.016,iter,4500,0.232151061296463,1102.959225177765,,42.05175466986461
1u_s16.0_bs1024_lr0.016,iter,4510,0.23054145276546478,1104.189484834671,,42.706540020267944
1u_s16.0_bs1024_lr0.016,iter,4520,0.23015794157981873,1105.419120311737,,43.29785951565642
1u_s16.0_bs1024_lr0.016,iter,4530,0.2330976277589798,1106.6499302387238,,43.79842543172271
1u_s16.0_bs1024_lr0.016,iter,4540,0.23053842782974243,1107.878741979599,,44.283460225643914
1u_s16.0_bs1024_lr0.016,iter,4550,0.23061300814151764,1109.1103475093842,,44.694234014552904
1u_s16.0_bs1024_lr0.016,iter,4560,0.2304183691740036,1110.3398563861847,,45.05376330341263
1u_s16.0_bs1024_lr0.016,iter,4570,0.23043683171272278,1111.5743072032928,,45.386692214060595
1u_s16.0_bs1024_lr0.016,iter,4580,0.22917918860912323,1112.8039650917053,,45.713278935628956
1u_s16.0_bs1024_lr0.016,iter,4590,0.22737999260425568,1114.0366840362549,,45.93413700655178
1u_s16.0_bs1024_lr0.016,iter,4600,0.22973328828811646,1115.271511554718,,43.404964789807124
1u_s16.0_bs1024_lr0.016,iter,4610,0.22867833077907562,1116.5670585632324,,43.925043149657824
1u_s16.0_bs1024_lr0.016,iter,4620,0.2290279120206833,1117.7980675697327,,44.38527531463031
1u_s16.0_bs1024_lr0.016,iter,4630,0.2259778082370758,1119.026199579239,,44.821507068315334
1u_s16.0_bs1024_lr0.016,iter,4640,0.22563643753528595,1120.2587430477142,,46.98330079781672
1u_s16.0_bs1024_lr0.016,iter,4650,0.22780895233154297,1121.4943206310272,,47.1237440694636
1u_s16.0_bs1024_lr0.016,iter,4660,0.2266743928194046,1122.7194244861603,,47.310444009750185
1u_s16.0_bs1024_lr0.016,iter,4670,0.22320882976055145,1123.9514338970184,,47.41896895586638
1u_s16.0_bs1024_lr0.016,iter,4680,0.22413240373134613,1125.1785109043121,,47.523122115138825
1u_s16.0_bs1024_lr0.016,iter,4690,0.22552326321601868,1126.412767648697,,47.59573748837377
1u_s16.0_bs1024_lr0.016,iter,4700,0.2227191925048828,1127.6461732387543,,44.92992409081214
1u_s16.0_bs1024_lr0.016,iter,4710,0.22340799868106842,1128.8776404857635,,45.23613506077584
1u_s16.0_bs1024_lr0.016,iter,4720,0.22264805436134338,1130.1090772151947,,45.5915037822628
1u_s16.0_bs1024_lr0.016,iter,4730,0.2246769517660141,1131.3381016254425,,45.92275699279558
1u_s16.0_bs1024_lr0.016,iter,4740,0.22180496156215668,1132.5718133449554,,46.15285009387647
1u_s16.0_bs1024_lr0.016,iter,4750,0.2234157770872116,1161.6337823867798,,41.55876468827092
1u_s16.0_bs1024_lr0.016,iter,4760,0.2228487730026245,1162.8621201515198,,42.319686660345354
1u_s16.0_bs1024_lr0.016,iter,4770,0.22148314118385315,1164.0914747714996,,42.964378600614765
1u_s16.0_bs1024_lr0.016,iter,4780,0.22161191701889038,1165.3172688484192,,43.50873737039041
1u_s16.0_bs1024_lr0.016,iter,4790,0.22211119532585144,1166.5456819534302,,44.0073157243081
1u_s16.0_bs1024_lr0.016,iter,4800,0.2227034717798233,1167.775400876999,,41.67419654072635
1u_s16.0_bs1024_lr0.016,iter,4810,0.22052225470542908,1169.0047900676727,,42.372203221500996
1u_s16.0_bs1024_lr0.016,iter,4820,0.21813169121742249,1170.2337503433228,,42.967136235025194
1u_s16.0_bs1024_lr0.016,iter,4830,0.21721112728118896,1171.4595484733582,,43.54348147104486
1u_s16.0_bs1024_lr0.016,iter,4840,0.2212163507938385,1172.6929440498352,,44.00460230682113
1u_s16.0_bs1024_lr0.016,iter,4850,0.21865597367286682,1173.9216833114624,,44.506356960305766
1u_s16.0_bs1024_lr0.016,iter,4860,0.21875523030757904,1175.1528840065002,,44.892005308506505
1u_s16.0_bs1024_lr0.016,iter,4870,0.21826817095279694,1176.3808715343475,,45.26924424391977
1u_s16.0_bs1024_lr0.016,iter,4880,0.21930772066116333,1177.6118831634521,,45.55480470072443
1u_s16.0_bs1024_lr0.016,iter,4890,0.22189489006996155,1178.8381028175354,,45.90879596625589
1u_s16.0_bs1024_lr0.016,iter,4900,0.21847663819789886,1180.069143295288,,43.332350979999035
1u_s16.0_bs1024_lr0.016,iter,4910,0.22042840719223022,1181.298017501831,,43.89271593181921
1u_s16.0_bs1024_lr0.016,iter,4920,0.22181211411952972,1182.5304324626923,,44.32853019190721
1u_s16.0_bs1024_lr0.016,iter,4930,0.21904215216636658,1183.7584190368652,,44.81407127028862
1u_s16.0_bs1024_lr0.016,iter,4940,0.21996673941612244,1184.9911096096039,,45.21340809034662
1u_s16.0_bs1024_lr0.016,iter,4950,0.22155196964740753,1186.21684384346,,45.58040592019275
1u_s16.0_bs1024_lr0.016,iter,4960,0.21777845919132233,1187.4433944225311,,45.87212778707366
1u_s16.0_bs1024_lr0.016,iter,4970,0.22149699926376343,1188.6757378578186,,46.068492980142906
1u_s16.0_bs1024_lr0.016,iter,4980,0.21839496493339539,1189.9770364761353,,46.331627691324925
1u_s16.0_bs1024_lr0.016,iter,4990,0.219606414437294,1191.2030084133148,,46.627630131625075
1u_s16.0_bs1024_lr0.016,iter,5000,0.2177373170852661,1220.2246966362,,41.98609668060315
1u_s16.0_bs1024_lr0.016,train_step,0,4.287327766418457,28.59233784675598,,
1u_s16.0_bs1024_lr0.016,train_step,250,2.4041237831115723,89.15129065513611,,
1u_s16.0_bs1024_lr0.016,train_step,500,1.5688830614089966,149.8285937309265,,
1u_s16.0_bs1024_lr0.016,train_step,750,1.2581514120101929,209.50992441177368,,
1u_s16.0_bs1024_lr0.016,train_step,1000,0.9969854950904846,269.7792160511017,,
1u_s16.0_bs1024_lr0.016,train_step,1250,0.771861732006073,329.9764213562012,,
1u_s16.0_bs1024_lr0.016,train_step,1500,0.5810863375663757,389.3713791370392,,
1u_s16.0_bs1024_lr0.016,train_step,1750,0.43506380915641785,449.6391131877899,,
1u_s16.0_bs1024_lr0.016,train_step,2000,0.33213046193122864,510.19097781181335,,
1u_s16.0_bs1024_lr0.016,train_step,2250,0.2483128309249878,569.9255638122559,,
1u_s16.0_bs1024_lr0.016,train_step,2500,0.19980421662330627,629.7394387722015,,
1u_s16.0_bs1024_lr0.016,train_step,2750,0.1611168533563614,689.3860058784485,,
1u_s16.0_bs1024_lr0.016,train_step,3000,0.13582389056682587,748.9820716381073,,
1u_s16.0_bs1024_lr0.016,train_step,3250,0.1180746927857399,808.5347340106964,,
1u_s16.0_bs1024_lr0.016,train_step,3500,0.10668615996837616,868.0924487113953,,
1u_s16.0_bs1024_lr0.016,train_step,3750,0.09810914099216461,927.3490629196167,,
1u_s16.0_bs1024_lr0.016,train_step,4000,0.09303303062915802,985.91796708107,,
1u_s16.0_bs1024_lr0.016,train_step,4250,0.08898448199033737,1044.3188636302948,,
1u_s16.0_bs1024_lr0.016,train_step,4500,0.0864887610077858,1102.8353443145752,,
1u_s16.0_bs1024_lr0.016,train_step,4750,0.08517923206090927,1161.5077509880066,,
1u_s16.0_bs1024_lr0.016,train_step,5000,0.08438225090503693,1220.1005475521088,,
1u_s16.0_bs1024_lr0.016,val_step,0,4.281961917877197,28.59233784675598,,
1u_s16.0_bs1024_lr0.016,val_step,250,2.43819260597229,89.15129065513611,,
1u_s16.0_bs1024_lr0.016,val_step,500,1.757004976272583,149.8285937309265,,
1u_s16.0_bs1024_lr0.016,val_step,750,1.5469062328338623,209.50992441177368,,
1u_s16.0_bs1024_lr0.016,val_step,1000,1.5174498558044434,269.7792160511017,,
1u_s16.0_bs1024_lr0.016,val_step,1250,1.6428964138031006,329.9764213562012,,
1u_s16.0_bs1024_lr0.016,val_step,1500,1.8007503747940063,389.3713791370392,,
1u_s16.0_bs1024_lr0.016,val_step,1750,1.9475833177566528,449.6391131877899,,
1u_s16.0_bs1024_lr0.016,val_step,2000,2.0629897117614746,510.19097781181335,,
1u_s16.0_bs1024_lr0.016,val_step,2250,2.2209699153900146,569.9255638122559,,
1u_s16.0_bs1024_lr0.016,val_step,2500,2.3398499488830566,629.7394387722015,,
1u_s16.0_bs1024_lr0.016,val_step,2750,2.479682683944702,689.3860058784485,,
1u_s16.0_bs1024_lr0.016,val_step,3000,2.5788726806640625,748.9820716381073,,
1u_s16.0_bs1024_lr0.016,val_step,3250,2.6958730220794678,808.5347340106964,,
1u_s16.0_bs1024_lr0.016,val_step,3500,2.8114850521087646,868.0924487113953,,
1u_s16.0_bs1024_lr0.016,val_step,3750,2.9151105880737305,927.3490629196167,,
1u_s16.0_bs1024_lr0.016,val_step,4000,3.0239083766937256,985.91796708107,,
1u_s16.0_bs1024_lr0.016,val_step,4250,3.1271181106567383,1044.3188636302948,,
1u_s16.0_bs1024_lr0.016,val_step,4500,3.2166004180908203,1102.8353443145752,,
1u_s16.0_bs1024_lr0.016,val_step,4750,3.2603626251220703,1161.5077509880066,,
1u_s16.0_bs1024_lr0.016,val_step,5000,3.293668508529663,1220.1005475521088,,
1u_s2.0_bs128_lr0.002,iter,0,4.265192031860352,3.7436914443969727,,
1u_s2.0_bs128_lr0.002,iter,10,3.008878469467163,3.9539296627044678,,36.68426848209837
1u_s2.0_bs128_lr0.002,iter,20,2.657515525817871,4.132375478744507,,37.27412533230504
1u_s2.0_bs128_lr0.002,iter,30,2.5742673873901367,4.308878183364868,,37.89189420617053
1u_s2.0_bs128_lr0.002,iter,40,2.512775421142578,4.484505891799927,,38.53456803356515
1u_s2.0_bs128_lr0.002,iter,50,2.5023322105407715,4.659297227859497,,38.910356854994035
1u_s2.0_bs128_lr0.002,iter,60,2.4633595943450928,4.835472106933594,,39.47144717730366
1u_s2.0_bs128_lr0.002,iter,70,2.4836041927337646,5.011018514633179,,39.953904745125314
1u_s2.0_bs128_lr0.002,iter,80,2.452741861343384,5.185452461242676,,40.35447684595472
1u_s2.0_bs128_lr0.002,iter,90,2.4430792331695557,5.360604524612427,,40.75579908815003
1u_s2.0_bs128_lr0.002,iter,100,2.425475597381592,5.538566827774048,,40.34249981907286
1u_s2.0_bs128_lr0.002,iter,110,2.4112772941589355,5.71433162689209,,40.67498050803624
1u_s2.0_bs128_lr0.002,iter,120,2.363915205001831,5.888947248458862,,41.2099902225608
1u_s2.0_bs128_lr0.002,iter,130,2.3461034297943115,6.062577962875366,,41.77386275322305
1u_s2.0_bs128_lr0.002,iter,140,2.254533052444458,6.234959840774536,,42.17210248255959
1u_s2.0_bs128_lr0.002,iter,150,2.171902894973755,6.40729022026062,,42.67584970182811
1u_s2.0_bs128_lr0.002,iter,160,2.0793020725250244,6.579915285110474,,42.861405570222715
1u_s2.0_bs128_lr0.002,iter,170,2.0366873741149902,6.753334283828735,,43.14159979593113
1u_s2.0_bs128_lr0.002,iter,180,1.9800094366073608,6.943901062011719,,43.19734495938658
1u_s2.0_bs128_lr0.002,iter,190,1.9526902437210083,7.118264675140381,,43.35543923006202
1u_s2.0_bs128_lr0.002,iter,200,1.9415298700332642,7.293851375579834,,42.7452020738603
1u_s2.0_bs128_lr0.002,iter,210,1.902100682258606,7.467760324478149,,42.9111704787264
1u_s2.0_bs128_lr0.002,iter,220,1.8580589294433594,7.65934157371521,,42.48115470663645
1u_s2.0_bs128_lr0.002,iter,230,1.8079086542129517,7.856806039810181,,42.11225335002707
1u_s2.0_bs128_lr0.002,iter,240,1.7788338661193848,8.04868221282959,,42.385473661298754
1u_s2.0_bs128_lr0.002,iter,250,1.7665338516235352,12.205862522125244,,38.1655415343335
1u_s2.0_bs128_lr0.002,iter,260,1.7591618299484253,12.381505966186523,,38.74903404309418
1u_s2.0_bs128_lr0.002,iter,270,1.7081831693649292,12.555450916290283,,39.337445288767825
1u_s2.0_bs128_lr0.002,iter,280,1.732692837715149,12.728313446044922,,39.86414932980262
1u_s2.0_bs128_lr0.002,iter,290,1.7054955959320068,12.901474237442017,,40.31450432361314
1u_s2.0_bs128_lr0.002,iter,300,1.6640450954437256,13.080855369567871,,39.68098754652532
1u_s2.0_bs128_lr0.002,iter,310,1.6634423732757568,13.279290676116943,,39.499801089639554
1u_s2.0_bs128_lr0.002,iter,320,1.622355341911316,13.477233171463013,,39.3711307140741
1u_s2.0_bs128_lr0.002,iter,330,1.6386120319366455,13.65545105934143,,39.937458333099684
1u_s2.0_bs128_lr0.002,iter,340,1.6231017112731934,13.83016324043274,,40.38893726275601
1u_s2.0_bs128_lr0.002,iter,350,1.6037242412567139,14.004474639892578,,40.72686298958351
1u_s2.0_bs128_lr0.002,iter,360,1.59215247631073,14.177548170089722,,41.22211301706955
1u_s2.0_bs128_lr0.002,iter,370,1.5694749355316162,14.351704597473145,,41.57183674758475
1u_s2.0_bs128_lr0.002,iter,380,1.5665948390960693,14.523695945739746,,41.975125124332145
1u_s2.0_bs128_lr0.002,iter,390,1.5645283460617065,14.695850372314453,,42.23088033685318
1u_s2.0_bs128_lr0.002,iter,400,1.5359482765197754,14.881360054016113,,41.525650779137294
1u_s2.0_bs128_lr0.002,iter,410,1.5362138748168945,15.063836097717285,,41.758071320468616
1u_s2.0_bs128_lr0.002,iter,420,1.5128425359725952,15.243186473846436,,41.81626460673324
1u_s2.0_bs128_lr0.002,iter,430,1.4978899955749512,15.419961214065552,,41.96327209723513
1u_s2.0_bs128_lr0.002,iter,440,1.4999014139175415,15.594602823257446,,42.225484781421926
1u_s2.0_bs128_lr0.002,iter,450,1.503860354423523,15.770007610321045,,42.42020683847841
1u_s2.0_bs128_lr0.002,iter,460,1.4673845767974854,15.944173812866211,,42.55899278769291
1u_s2.0_bs128_lr0.002,iter,470,1.4557912349700928,16.117839574813843,,42.71574953447897
1u_s2.0_bs128_lr0.002,iter,480,1.4599859714508057,16.293224811553955,,42.75846976794467
1u_s2.0_bs128_lr0.002,iter,490,1.4539062976837158,16.467915296554565,,42.90545600962183
1u_s2.0_bs128_lr0.002,iter,500,1.4211479425430298,20.738157749176025,,38.63302517293088
1u_s2.0_bs128_lr0.002,iter,510,1.4296035766601562,20.917306184768677,,39.06510563625182
1u_s2.0_bs128_lr0.002,iter,520,1.4055591821670532,21.110445976257324,,39.42100152641702
1u_s2.0_bs128_lr0.002,iter,530,1.4339522123336792,21.286914110183716,,39.83358673017353
1u_s2.0_bs128_lr0.002,iter,540,1.447251558303833,21.463074445724487,,40.14620137915923
1u_s2.0_bs128_lr0.002,iter,550,1.4311672449111938,21.638087272644043,,40.59534205697267
1u_s2.0_bs128_lr0.002,iter,560,1.3867751359939575,21.813952922821045,,40.956952034275126
1u_s2.0_bs128_lr0.002,iter,570,1.3937039375305176,21.987624645233154,,41.27098702217801
1u_s2.0_bs128_lr0.002,iter,580,1.3839668035507202,22.16463303565979,,41.488103500456695
1u_s2.0_bs128_lr0.002,iter,590,1.3952258825302124,22.341920137405396,,41.65251675855597
1u_s2.0_bs128_lr0.002,iter,600,1.3759759664535522,22.528803825378418,,40.980200693582866
1u_s2.0_bs128_lr0.002,iter,610,1.3681180477142334,22.712757110595703,,41.21015529825174
1u_s2.0_bs128_lr0.002,iter,620,1.3590588569641113,22.890856504440308,,41.40426877367608
1u_s2.0_bs128_lr0.002,iter,630,1.349913477897644,23.069124460220337,,41.534809621208574
1u_s2.0_bs128_lr0.002,iter,640,1.3387739658355713,23.247426748275757,,41.615558494126915
1u_s2.0_bs128_lr0.002,iter,650,1.369356632232666,23.424694776535034,,41.76229196262339
1u_s2.0_bs128_lr0.002,iter,660,1.3706313371658325,23.602367162704468,,41.97098687216541
1u_s2.0_bs128_lr0.002,iter,670,1.3608916997909546,23.77944326400757,,42.089612972079046
1u_s2.0_bs128_lr0.002,iter,680,1.3281457424163818,23.964550018310547,,41.65891272432375
1u_s2.0_bs128_lr0.002,iter,690,1.3191659450531006,24.157360315322876,,41.833556832265515
1u_s2.0_bs128_lr0.002,iter,700,1.333598017692566,24.336211919784546,,41.17870211286282
1u_s2.0_bs128_lr0.002,iter,710,1.337896466255188,24.512072324752808,,41.41885650781236
1u_s2.0_bs128_lr0.002,iter,720,1.3231607675552368,24.68542504310608,,41.68042672633116
1u_s2.0_bs128_lr0.002,iter,730,1.315596580505371,24.859201431274414,,41.907110523375295
1u_s2.0_bs128_lr0.002,iter,740,1.3034889698028564,25.034966230392456,,42.20219659055592
1u_s2.0_bs128_lr0.002,iter,750,1.2713717222213745,29.293453693389893,,38.00013162336312
1u_s2.0_bs128_lr0.002,iter,760,1.3005489110946655,29.498661041259766,,37.97764894409282
1u_s2.0_bs128_lr0.002,iter,770,1.3176072835922241,29.686800479888916,,38.64440992854011
1u_s2.0_bs128_lr0.002,iter,780,1.3008216619491577,29.864412546157837,,39.103992160274395
1u_s2.0_bs128_lr0.002,iter,790,1.2822004556655884,30.03896474838257,,39.461819654275956
1u_s2.0_bs128_lr0.002,iter,800,1.2852438688278198,30.21824336051941,,38.952047962287125
1u_s2.0_bs128_lr0.002,iter,810,1.2720481157302856,30.39462184906006,,39.348628574701095
1u_s2.0_bs128_lr0.002,iter,820,1.2945460081100464,30.56982660293579,,39.88065219253378
1u_s2.0_bs128_lr0.002,iter,830,1.2837789058685303,30.745744705200195,,40.15569101957298
1u_s2.0_bs128_lr0.002,iter,840,1.2743571996688843,30.92226219177246,,40.482466256389074
1u_s2.0_bs128_lr0.002,iter,850,1.265947937965393,31.09772300720215,,40.76075657875165
1u_s2.0_bs128_lr0.002,iter,860,1.2631250619888306,31.27348494529724,,40.98467287171445
1u_s2.0_bs128_lr0.002,iter,870,1.268773078918457,31.449429988861084,,41.19318891051289
1u_s2.0_bs128_lr0.002,iter,880,1.25608229637146,31.625555992126465,,41.40574333748959
1u_s2.0_bs128_lr0.002,iter,890,1.271268606185913,31.803262948989868,,41.49264147983291
1u_s2.0_bs128_lr0.002,iter,900,1.2585240602493286,31.983107328414917,,41.09488433347303
1u_s2.0_bs128_lr0.002,iter,910,1.2281378507614136,32.158329486846924,,41.365097663923734
1u_s2.0_bs128_lr0.002,iter,920,1.2338837385177612,32.33460354804993,,41.546160654444826
1u_s2.0_bs128_lr0.002,iter,930,1.236425518989563,32.510862588882446,,41.7992227886177
1u_s2.0_bs128_lr0.002,iter,940,1.2556705474853516,32.68738627433777,,41.93711182966619
1u_s2.0_bs128_lr0.002,iter,950,1.2249971628189087,32.876322984695435,,41.29479260818684
1u_s2.0_bs128_lr0.002,iter,960,1.2383450269699097,33.0589702129364,,41.47972763145737
1u_s2.0_bs128_lr0.002,iter,970,1.1927732229232788,33.23430371284485,,41.68637955844223
1u_s2.0_bs128_lr0.002,iter,980,1.210462212562561,33.40949869155884,,41.84200410356313
1u_s2.0_bs128_lr0.002,iter,990,1.2217035293579102,33.5839421749115,,42.092307649657045
1u_s2.0_bs128_lr0.002,iter,1000,1.2058693170547485,37.54988384246826,,37.90264167725622
1u_s2.0_bs128_lr0.002,iter,1010,1.2072194814682007,37.72749710083008,,38.39012538327345
1u_s2.0_bs128_lr0.002,iter,1020,1.2005045413970947,37.90725302696228,,38.78230492457065
1u_s2.0_bs128_lr0.002,iter,1030,1.2115176916122437,38.08730864524841,,38.57922980626427
1u_s2.0_bs128_lr0.002,iter,1040,1.2162373065948486,38.280367612838745,,39.132592828576975
1u_s2.0_bs128_lr0.002,iter,1050,1.1766817569732666,38.45696425437927,,39.48895948319044
1u_s2.0_bs128_lr0.002,iter,1060,1.201722502708435,38.63268852233887,,39.969791368926494
1u_s2.0_bs128_lr0.002,iter,1070,1.1841354370117188,38.808512449264526,,40.37819198345397
1u_s2.0_bs128_lr0.002,iter,1080,1.189315676689148,38.9843544960022,,40.69099723543029
1u_s2.0_bs128_lr0.002,iter,1090,1.2005747556686401,39.15974473953247,,41.1431865099673
1u_s2.0_bs128_lr0.002,iter,1100,1.1907473802566528,39.33575677871704,,40.80731159417508
1u_s2.0_bs128_lr0.002,iter,1110,1.183226466178894,39.510833978652954,,41.131649768912006
1u_s2.0_bs128_lr0.002,iter,1120,1.1803900003433228,39.68752598762512,,41.37104783431369
1u_s2.0_bs128_lr0.002,iter,1130,1.1593691110610962,39.86353278160095,,41.514209727804385
1u_s2.0_bs128_lr0.002,iter,1140,1.1583201885223389,40.040459394454956,,41.733854952983194
1u_s2.0_bs128_lr0.002,iter,1150,1.1866705417633057,40.236846923828125,,41.38912768362574
1u_s2.0_bs128_lr0.002,iter,1160,1.1636086702346802,40.43755030632019,,41.012694932623525
1u_s2.0_bs128_lr0.002,iter,1170,1.1743558645248413,40.63399934768677,,41.30337321137876
1u_s2.0_bs128_lr0.002,iter,1180,1.1758930683135986,40.80988311767578,,41.533127322669834
1u_s2.0_bs128_lr0.002,iter,1190,1.1589863300323486,40.98569130897522,,41.83879969592579
1u_s2.0_bs128_lr0.002,iter,1200,1.150876760482788,41.163259506225586,,41.18613127280644
1u_s2.0_bs128_lr0.002,iter,1210,1.1751971244812012,41.339723110198975,,41.386462999786495
1u_s2.0_bs128_lr0.002,iter,1220,1.1365959644317627,41.51557970046997,,41.588713751278014
1u_s2.0_bs128_lr0.002,iter,1230,1.1449816226959229,41.691110134124756,,41.77526540705764
1u_s2.0_bs128_lr0.002,iter,1240,1.1491349935531616,41.865485191345215,,41.8976716652385
1u_s2.0_bs128_lr0.002,iter,1250,1.1370654106140137,45.653090476989746,,37.72842570992453
1u_s2.0_bs128_lr0.002,iter,1260,1.1389604806900024,45.84746551513672,,37.914388008385004
1u_s2.0_bs128_lr0.002,iter,1270,1.1310228109359741,46.032700061798096,,38.122019290351204
1u_s2.0_bs128_lr0.002,iter,1280,1.1447480916976929,46.221991539001465,,38.80677911996984
1u_s2.0_bs128_lr0.002,iter,1290,1.1243497133255005,46.39703989028931,,39.3005930543414
1u_s2.0_bs128_lr0.002,iter,1300,1.118348240852356,46.57336950302124,,38.87133245514173
1u_s2.0_bs128_lr0.002,iter,1310,1.1440136432647705,46.75008201599121,,39.391380244273506
1u_s2.0_bs128_lr0.002,iter,1320,1.1224725246429443,46.923718214035034,,39.97876911698993
1u_s2.0_bs128_lr0.002,iter,1330,1.1087886095046997,47.09711575508118,,40.27450513481476
1u_s2.0_bs128_lr0.002,iter,1340,1.132137417793274,47.27083086967468,,40.784423105616405
1u_s2.0_bs128_lr0.002,iter,1350,1.1007179021835327,47.445252656936646,,41.23349114966461
1u_s2.0_bs128_lr0.002,iter,1360,1.1126433610916138,47.618170499801636,,41.6146860006058
1u_s2.0_bs128_lr0.002,iter,1370,1.1237927675247192,47.79192900657654,,41.959514739005016
1u_s2.0_bs128_lr0.002,iter,1380,1.1222304105758667,47.9655978679657,,42.3624144308163
1u_s2.0_bs128_lr0.002,iter,1390,1.1182540655136108,48.13839602470398,,42.589296451128696
1u_s2.0_bs128_lr0.002,iter,1400,1.0854052305221558,48.31737732887268,,41.824825329014864
1u_s2.0_bs128_lr0.002,iter,1410,1.1021490097045898,48.49301338195801,,42.072698479451866
1u_s2.0_bs128_lr0.002,iter,1420,1.0777428150177002,48.66790556907654,,42.243535456570605
1u_s2.0_bs128_lr0.002,iter,1430,1.0778520107269287,48.86088681221008,,42.49194881199766
1u_s2.0_bs128_lr0.002,iter,1440,1.0880577564239502,49.03463959693909,,42.661897963742405
1u_s2.0_bs128_lr0.002,iter,1450,1.0975044965744019,49.208123445510864,,42.891699693780104
1u_s2.0_bs128_lr0.002,iter,1460,1.09001624584198,49.38352704048157,,43.04289217744938
1u_s2.0_bs128_lr0.002,iter,1470,1.0706417560577393,49.55731225013733,,43.103260506652944
1u_s2.0_bs128_lr0.002,iter,1480,1.0712875127792358,49.73061490058899,,43.21864826470748
1u_s2.0_bs128_lr0.002,iter,1490,1.0700372457504272,49.90537405014038,,43.33701973924763
1u_s2.0_bs128_lr0.002,iter,1500,1.0712897777557373,53.66903233528137,,39.02398582111776
1u_s2.0_bs128_lr0.002,iter,1510,1.0534255504608154,53.843173027038574,,39.4585092203344
1u_s2.0_bs128_lr0.002,iter,1520,1.056458830833435,54.03482246398926,,38.67190790040993
1u_s2.0_bs128_lr0.002,iter,1530,1.0769758224487305,54.21077632904053,,39.09821208835424
1u_s2.0_bs128_lr0.002,iter,1540,1.0648772716522217,54.385061740875244,,39.531398880884105
1u_s2.0_bs128_lr0.002,iter,1550,1.065773606300354,54.55914640426636,,40.04214730083671
1u_s2.0_bs128_lr0.002,iter,1560,1.0603147745132446,54.733070611953735,,40.48170384045725
1u_s2.0_bs128_lr0.002,iter,1570,1.0319371223449707,54.907222032547,,40.908925972336505
1u_s2.0_bs128_lr0.002,iter,1580,1.054523229598999,55.08312487602234,,41.2879220478079
1u_s2.0_bs128_lr0.002,iter,1590,1.0593926906585693,55.256919860839844,,41.62034234098995
1u_s2.0_bs128_lr0.002,iter,1600,1.0487334728240967,55.43428874015808,,41.04655444358698
1u_s2.0_bs128_lr0.002,iter,1610,1.037781000137329,55.61097526550293,,41.30814169907831
1u_s2.0_bs128_lr0.002,iter,1620,1.0294902324676514,55.78657627105713,,41.50704073085294
1u_s2.0_bs128_lr0.002,iter,1630,1.0550885200500488,55.96157383918762,,41.65697938749804
1u_s2.0_bs128_lr0.002,iter,1640,1.0284773111343384,56.137166261672974,,41.99705912712835
1u_s2.0_bs128_lr0.002,iter,1650,1.0156702995300293,56.31189560890198,,42.24365290975789
1u_s2.0_bs128_lr0.002,iter,1660,1.0303783416748047,56.487579584121704,,42.43169448602372
1u_s2.0_bs128_lr0.002,iter,1670,1.0246950387954712,56.6608681678772,,42.70263168602072
1u_s2.0_bs128_lr0.002,iter,1680,1.021334171295166,56.83295249938965,,42.969407705781585
1u_s2.0_bs128_lr0.002,iter,1690,1.0256251096725464,57.00642967224121,,42.990457194662795
1u_s2.0_bs128_lr0.002,iter,1700,1.0171446800231934,57.18178915977478,,42.028224691839675
1u_s2.0_bs128_lr0.002,iter,1710,1.018777847290039,57.354313373565674,,42.223777205168886
1u_s2.0_bs128_lr0.002,iter,1720,1.0362956523895264,57.528361797332764,,42.425547289872775
1u_s2.0_bs128_lr0.002,iter,1730,1.0134799480438232,57.70095658302307,,42.53604052114374
1u_s2.0_bs128_lr0.002,iter,1740,1.0106102228164673,57.874279737472534,,42.816514143561776
1u_s2.0_bs128_lr0.002,iter,1750,1.0059083700180054,61.65623068809509,,38.55540368706916
1u_s2.0_bs128_lr0.002,iter,1760,1.022540807723999,61.84086585044861,,39.17968151803639
1u_s2.0_bs128_lr0.002,iter,1770,1.0033448934555054,62.01752591133118,,39.60574742707916
1u_s2.0_bs128_lr0.002,iter,1780,0.9971238374710083,62.19044089317322,,40.131227319726214
1u_s2.0_bs128_lr0.002,iter,1790,0.9784978032112122,62.363869428634644,,40.48733782299303
1u_s2.0_bs128_lr0.002,iter,1800,1.006730556488037,62.54012703895569,,39.82138722827707
1u_s2.0_bs128_lr0.002,iter,1810,0.9913232326507568,62.71541380882263,,40.15986491661603
1u_s2.0_bs128_lr0.002,iter,1820,0.9980926513671875,62.894031286239624,,40.35631056988279
1u_s2.0_bs128_lr0.002,iter,1830,0.9732322692871094,63.076152086257935,,40.37147086755354
1u_s2.0_bs128_lr0.002,iter,1840,1.0075492858886719,63.258628845214844,,40.4491586352327
1u_s2.0_bs128_lr0.002,iter,1850,1.0035474300384521,63.436737298965454,,40.689673466558126
1u_s2.0_bs128_lr0.002,iter,1860,0.9951778650283813,63.61598825454712,,40.83546705031592
1u_s2.0_bs128_lr0.002,iter,1870,0.9690843224525452,63.795846700668335,,40.88350693302706
1u_s2.0_bs128_lr0.002,iter,1880,0.9972129464149475,63.97468876838684,,41.08770783865133
1u_s2.0_bs128_lr0.002,iter,1890,0.9824848175048828,64.15379881858826,,41.22098187852835
1u_s2.0_bs128_lr0.002,iter,1900,0.984295666217804,64.33601140975952,,40.70517972282124
1u_s2.0_bs128_lr0.002,iter,1910,0.9759212136268616,64.51422929763794,,40.947587792377874
1u_s2.0_bs128_lr0.002,iter,1920,0.9620298743247986,64.71034288406372,,41.18134308080375
1u_s2.0_bs128_lr0.002,iter,1930,0.9722501039505005,64.88455438613892,,41.5003565864
1u_s2.0_bs128_lr0.002,iter,1940,0.9498485922813416,65.05667185783386,,41.882952157745564
1u_s2.0_bs128_lr0.002,iter,1950,0.9634634256362915,65.23000049591064,,42.18916159180872
1u_s2.0_bs128_lr0.002,iter,1960,0.9502016305923462,65.40380764007568,,42.50985439745683
1u_s2.0_bs128_lr0.002,iter,1970,0.9381858110427856,65.57830667495728,,42.798082382855114
1u_s2.0_bs128_lr0.002,iter,1980,0.9694502353668213,65.75261092185974,,42.978468129933376
1u_s2.0_bs128_lr0.002,iter,1990,0.9765821695327759,65.92620158195496,,43.08668414036538
1u_s2.0_bs128_lr0.002,iter,2000,0.9430749416351318,69.69364857673645,,38.79863646447757
1u_s2.0_bs128_lr0.002,iter,2010,0.94549959897995,69.88005757331848,,38.400658405926656
1u_s2.0_bs128_lr0.002,iter,2020,0.9527423977851868,70.05853867530823,,38.99490779539547
1u_s2.0_bs128_lr0.002,iter,2030,0.9561206102371216,70.23233819007874,,39.762382017009514
1u_s2.0_bs128_lr0.002,iter,2040,0.9358487725257874,70.40481448173523,,40.19898672806605
1u_s2.0_bs128_lr0.002,iter,2050,0.9255496263504028,70.57889699935913,,40.57622557523165
1u_s2.0_bs128_lr0.002,iter,2060,0.9342923164367676,70.7529616355896,,41.0584097782311
1u_s2.0_bs128_lr0.002,iter,2070,0.9139053821563721,70.92666172981262,,41.428409900144004
1u_s2.0_bs128_lr0.002,iter,2080,0.9405064582824707,71.10095977783203,,41.879148566576816
1u_s2.0_bs128_lr0.002,iter,2090,0.9403460621833801,71.27526712417603,,42.212064968521204
1u_s2.0_bs128_lr0.002,iter,2100,0.9217120409011841,71.4520468711853,,41.481726610444895
1u_s2.0_bs128_lr0.002,iter,2110,0.935663104057312,71.62493658065796,,41.839526486264525
1u_s2.0_bs128_lr0.002,iter,2120,0.9255629777908325,71.79773235321045,,42.13899033647288
1u_s2.0_bs128_lr0.002,iter,2130,0.9025574326515198,71.97194910049438,,42.43717795451252
1u_s2.0_bs128_lr0.002,iter,2140,0.9166097640991211,72.144287109375,,42.6839616011487
1u_s2.0_bs128_lr0.002,iter,2150,0.911716639995575,72.31630778312683,,42.918227674108316
1u_s2.0_bs128_lr0.002,iter,2160,0.8855504989624023,72.48944306373596,,43.165684250335595
1u_s2.0_bs128_lr0.002,iter,2170,0.8992466926574707,72.6645040512085,,43.3274578248187
1u_s2.0_bs128_lr0.002,iter,2180,0.9067369103431702,72.83762335777283,,43.4209272063451
1u_s2.0_bs128_lr0.002,iter,2190,0.9154622554779053,73.01258134841919,,43.59600716241026
1u_s2.0_bs128_lr0.002,iter,2200,0.8972232341766357,73.19180727005005,,42.72719661505005
1u_s2.0_bs128_lr0.002,iter,2210,0.8955861926078796,73.36815071105957,,42.84920342322229
1u_s2.0_bs128_lr0.002,iter,2220,0.9065408706665039,73.54300212860107,,43.01945496958842
1u_s2.0_bs128_lr0.002,iter,2230,0.8860763311386108,73.72141289710999,,43.2038860443613
1u_s2.0_bs128_lr0.002,iter,2240,0.8681759834289551,73.89351868629456,,43.38635426210766
1u_s2.0_bs128_lr0.002,iter,2250,0.8992063403129578,77.72197413444519,,39.06801456902957
1u_s2.0_bs128_lr0.002,iter,2260,0.8919223546981812,77.8944959640503,,39.73068530582693
1u_s2.0_bs128_lr0.002,iter,2270,0.8897009491920471,78.06793975830078,,40.28742352667187
1u_s2.0_bs128_lr0.002,iter,2280,0.8933915495872498,78.24038577079773,,40.76153799618717
1u_s2.0_bs128_lr0.002,iter,2290,0.853216290473938,78.41395378112793,,41.26389212646935
1u_s2.0_bs128_lr0.002,iter,2300,0.8897246718406677,78.59080052375793,,40.40374444864231
1u_s2.0_bs128_lr0.002,iter,2310,0.8636629581451416,78.76445388793945,,40.81917697562829
1u_s2.0_bs128_lr0.002,iter,2320,0.8629673719406128,78.93825793266296,,41.17837879388979
1u_s2.0_bs128_lr0.002,iter,2330,0.8885639309883118,79.11296486854553,,41.62134567232537
1u_s2.0_bs128_lr0.002,iter,2340,0.880088746547699,79.2858030796051,,41.91425599887252
1u_s2.0_bs128_lr0.002,iter,2350,0.8673252463340759,79.45854640007019,,42.216882716353986
1u_s2.0_bs128_lr0.002,iter,2360,0.8576080799102783,79.6318588256836,,42.36198611963601
1u_s2.0_bs128_lr0.002,iter,2370,0.8587181568145752,79.80569005012512,,42.511142243807875
1u_s2.0_bs128_lr0.002,iter,2380,0.8532455563545227,79.97982406616211,,42.82109897726086
1u_s2.0_bs128_lr0.002,iter,2390,0.8459353446960449,80.15257143974304,,43.002622410234835
1u_s2.0_bs128_lr0.002,iter,2400,0.8603824377059937,80.33067607879639,,42.36009815301916
1u_s2.0_bs128_lr0.002,iter,2410,0.8434380292892456,80.50585341453552,,42.53195300311849
1u_s2.0_bs128_lr0.002,iter,2420,0.8542289137840271,80.70116519927979,,42.52841529970503
1u_s2.0_bs128_lr0.002,iter,2430,0.8440881371498108,80.87562966346741,,42.64120665915162
1u_s2.0_bs128_lr0.002,iter,2440,0.8391022086143494,81.05107378959656,,42.71858596382264
1u_s2.0_bs128_lr0.002,iter,2450,0.8320657014846802,81.22546148300171,,42.792512884454354
1u_s2.0_bs128_lr0.002,iter,2460,0.8438712358474731,81.3998818397522,,42.89369987738261
1u_s2.0_bs128_lr0.002,iter,2470,0.8279633522033691,81.57362008094788,,42.9222008544231
1u_s2.0_bs128_lr0.002,iter,2480,0.8565627336502075,81.74791860580444,,43.038653635121804
1u_s2.0_bs128_lr0.002,iter,2490,0.8174062967300415,81.92200756072998,,43.14402083497734
1u_s2.0_bs128_lr0.002,iter,2500,0.8380981087684631,85.68461632728577,,38.85028124810552
1u_s2.0_bs128_lr0.002,iter,2510,0.8252722024917603,85.85692882537842,,39.5783571372601
1u_s2.0_bs128_lr0.002,iter,2520,0.8315661549568176,86.03044128417969,,40.033177449089436
1u_s2.0_bs128_lr0.002,iter,2530,0.824310302734375,86.2041187286377,,40.378728796537665
1u_s2.0_bs128_lr0.002,iter,2540,0.8120577335357666,86.37876033782959,,40.70015686079587
1u_s2.0_bs128_lr0.002,iter,2550,0.8452937602996826,86.5536003112793,,40.93712450068616
1u_s2.0_bs128_lr0.002,iter,2560,0.8080819845199585,86.72880125045776,,41.19785475208673
1u_s2.0_bs128_lr0.002,iter,2570,0.8380489349365234,86.90323638916016,,41.48351111700129
1u_s2.0_bs128_lr0.002,iter,2580,0.8280256390571594,87.07793688774109,,41.70769368110605
1u_s2.0_bs128_lr0.002,iter,2590,0.8106374144554138,87.25135159492493,,41.98594527690367
1u_s2.0_bs128_lr0.002,iter,2600,0.8028515577316284,87.42758846282959,,41.53301365178205
1u_s2.0_bs128_lr0.002,iter,2610,0.8213500380516052,87.60159206390381,,41.81793112944222
1u_s2.0_bs128_lr0.002,iter,2620,0.8197093605995178,87.77610898017883,,42.08009881837272
1u_s2.0_bs128_lr0.002,iter,2630,0.7908605933189392,87.94827556610107,,42.316049738410165
1u_s2.0_bs128_lr0.002,iter,2640,0.7960038185119629,88.1234781742096,,42.566446956712426
1u_s2.0_bs128_lr0.002,iter,2650,0.796696662902832,88.29769206047058,,42.73338657626384
1u_s2.0_bs128_lr0.002,iter,2660,0.804204523563385,88.4718713760376,,42.94385029240224
1u_s2.0_bs128_lr0.002,iter,2670,0.7908490300178528,88.64711880683899,,43.008401462886795
1u_s2.0_bs128_lr0.002,iter,2680,0.7940565943717957,88.82118391990662,,43.10859920354146
1u_s2.0_bs128_lr0.002,iter,2690,0.7926180362701416,88.99497628211975,,43.292114685885615
1u_s2.0_bs128_lr0.002,iter,2700,0.7800015211105347,89.17347645759583,,42.4393286336089
1u_s2.0_bs128_lr0.002,iter,2710,0.7965855598449707,89.34625267982483,,42.60493933792987
1u_s2.0_bs128_lr0.002,iter,2720,0.7983261346817017,89.51975417137146,,42.82188932326632
1u_s2.0_bs128_lr0.002,iter,2730,0.7913137078285217,89.69425702095032,,43.020674556718944
1u_s2.0_bs128_lr0.002,iter,2740,0.7851009368896484,89.86725687980652,,43.13975128404678
1u_s2.0_bs128_lr0.002,iter,2750,0.7663509845733643,93.6242663860321,,38.846464532127314
1u_s2.0_bs128_lr0.002,iter,2760,0.787057101726532,93.79695534706116,,39.36149314693057
1u_s2.0_bs128_lr0.002,iter,2770,0.771561324596405,93.971848487854,,39.822357644251525
1u_s2.0_bs128_lr0.002,iter,2780,0.775314211845398,94.1459858417511,,40.16049941793645
1u_s2.0_bs128_lr0.002,iter,2790,0.7787278890609741,94.32133936882019,,40.604516180130354
1u_s2.0_bs128_lr0.002,iter,2800,0.7644295692443848,94.49763560295105,,40.20978109977097
1u_s2.0_bs128_lr0.002,iter,2810,0.7844586968421936,94.67035150527954,,40.674085166322264
1u_s2.0_bs128_lr0.002,iter,2820,0.7684582471847534,94.84462380409241,,41.11349376811015
1u_s2.0_bs128_lr0.002,iter,2830,0.7818127870559692,95.01758074760437,,41.51136705261281
1u_s2.0_bs128_lr0.002,iter,2840,0.773534893989563,95.19182777404785,,41.79366506662341
1u_s2.0_bs128_lr0.002,iter,2850,0.765052080154419,95.3659782409668,,42.0959794431983
1u_s2.0_bs128_lr0.002,iter,2860,0.7466201186180115,95.53822898864746,,42.36909073281313
1u_s2.0_bs128_lr0.002,iter,2870,0.746006429195404,95.71142244338989,,42.61174305883911
1u_s2.0_bs128_lr0.002,iter,2880,0.7436547875404358,95.88517570495605,,42.833728038732694
1u_s2.0_bs128_lr0.002,iter,2890,0.731743335723877,96.05867409706116,,43.05951284773668
1u_s2.0_bs128_lr0.002,iter,2900,0.7387409210205078,96.23783993721008,,42.413440904027134
1u_s2.0_bs128_lr0.002,iter,2910,0.7482503652572632,96.41462635993958,,42.47593713529463
1u_s2.0_bs128_lr0.002,iter,2920,0.741430401802063,96.59197759628296,,42.597149186877594
1u_s2.0_bs128_lr0.002,iter,2930,0.7337063550949097,96.76645421981812,,42.75258342538949
1u_s2.0_bs128_lr0.002,iter,2940,0.7452965378761292,96.94075131416321,,42.91384312080705
1u_s2.0_bs128_lr0.002,iter,2950,0.7227048277854919,97.11469721794128,,43.058284299839414
1u_s2.0_bs128_lr0.002,iter,2960,0.7426450848579407,97.28769636154175,,43.22087487807905
1u_s2.0_bs128_lr0.002,iter,2970,0.7436162829399109,97.46158695220947,,43.26948687266364
1u_s2.0_bs128_lr0.002,iter,2980,0.7291795611381531,97.6336841583252,,43.55679986769576
1u_s2.0_bs128_lr0.002,iter,2990,0.7297765016555786,97.80710506439209,,43.76285647475392
1u_s2.0_bs128_lr0.002,iter,3000,0.7218247056007385,101.57240796089172,,39.407203668690144
1u_s2.0_bs128_lr0.002,iter,3010,0.7113669514656067,101.7487154006958,,39.86913288184118
1u_s2.0_bs128_lr0.002,iter,3020,0.7196933031082153,101.9290280342102,,40.24956038170636
1u_s2.0_bs128_lr0.002,iter,3030,0.7299849987030029,102.10469007492065,,40.556777848203076
1u_s2.0_bs128_lr0.002,iter,3040,0.7127697467803955,102.28062224388123,,40.888239740883705
1u_s2.0_bs128_lr0.002,iter,3050,0.7196932435035706,102.45499539375305,,41.184893555704136
1u_s2.0_bs128_lr0.002,iter,3060,0.7128666043281555,102.62833523750305,,41.51428562312683
1u_s2.0_bs128_lr0.002,iter,3070,0.7141786217689514,102.80252504348755,,41.772214020642956
1u_s2.0_bs128_lr0.002,iter,3080,0.7183824777603149,102.97779560089111,,42.016011739157186
1u_s2.0_bs128_lr0.002,iter,3090,0.6961215734481812,103.15223002433777,,42.379144926885
1u_s2.0_bs128_lr0.002,iter,3100,0.6997762322425842,103.32881450653076,,41.562482950310766
1u_s2.0_bs128_lr0.002,iter,3110,0.6897115111351013,103.5012149810791,,42.0077938550657
1u_s2.0_bs128_lr0.002,iter,3120,0.7084969878196716,103.67343235015869,,42.26288495968406
1u_s2.0_bs128_lr0.002,iter,3130,0.6816055178642273,103.84658336639404,,42.50265325586116
1u_s2.0_bs128_lr0.002,iter,3140,0.6895280480384827,104.02052140235901,,42.70115561241139
1u_s2.0_bs128_lr0.002,iter,3150,0.7016487717628479,104.19401669502258,,43.06562104134393
1u_s2.0_bs128_lr0.002,iter,3160,0.7193413972854614,104.36894536018372,,43.277472254578456
1u_s2.0_bs128_lr0.002,iter,3170,0.7032086253166199,104.54289960861206,,43.48663251249817
1u_s2.0_bs128_lr0.002,iter,3180,0.6795473694801331,104.71519899368286,,43.63286169711012
1u_s2.0_bs128_lr0.002,iter,3190,0.6942840814590454,104.88913869857788,,43.693723332619896
1u_s2.0_bs128_lr0.002,iter,3200,0.6866902112960815,105.0649642944336,,42.661841148329835
1u_s2.0_bs128_lr0.002,iter,3210,0.6975700855255127,105.239577293396,,42.84987663681228
1u_s2.0_bs128_lr0.002,iter,3220,0.6892147660255432,105.41484022140503,,43.00172187659962
1u_s2.0_bs128_lr0.002,iter,3230,0.689398467540741,105.58824896812439,,43.17022422156005
1u_s2.0_bs128_lr0.002,iter,3240,0.6909368634223938,105.76029539108276,,43.44941569897857
1u_s2.0_bs128_lr0.002,iter,3250,0.672314465045929,109.53030753135681,,39.12505234374138
1u_s2.0_bs128_lr0.002,iter,3260,0.6766520142555237,109.72294497489929,,39.148174256192014
1u_s2.0_bs128_lr0.002,iter,3270,0.6826146841049194,109.911381483078,,39.305414813458405
1u_s2.0_bs128_lr0.002,iter,3280,0.670293927192688,110.11105513572693,,39.316008530850006
1u_s2.0_bs128_lr0.002,iter,3290,0.674802839756012,110.30684208869934,,39.29497309439745
1u_s2.0_bs128_lr0.002,iter,3300,0.6742132902145386,110.50474071502686,,38.86102849997485
1u_s2.0_bs128_lr0.002,iter,3310,0.681731104850769,110.70115256309509,,38.6151561768589
1u_s2.0_bs128_lr0.002,iter,3320,0.6593888401985168,110.89974665641785,,38.54220520758966
1u_s2.0_bs128_lr0.002,iter,3330,0.6742294430732727,111.09703230857849,,38.571150494849284
1u_s2.0_bs128_lr0.002,iter,3340,0.6524232625961304,111.29420876502991,,38.52923518761096
1u_s2.0_bs128_lr0.002,iter,3350,0.6547364592552185,111.49284625053406,,38.360390056543615
1u_s2.0_bs128_lr0.002,iter,3360,0.6526588201522827,111.69056749343872,,38.35930363078649
1u_s2.0_bs128_lr0.002,iter,3370,0.6608263850212097,111.88812351226807,,38.4085662336544
1u_s2.0_bs128_lr0.002,iter,3380,0.653089165687561,112.0840175151825,,38.476172440951835
1u_s2.0_bs128_lr0.002,iter,3390,0.6697218418121338,112.27861142158508,,38.483180990797656
1u_s2.0_bs128_lr0.002,iter,3400,0.6561827063560486,112.47555017471313,,38.06946073239589
1u_s2.0_bs128_lr0.002,iter,3410,0.6445479989051819,112.67130208015442,,38.21511215140819
1u_s2.0_bs128_lr0.002,iter,3420,0.6379179954528809,112.86782884597778,,38.31043862463217
1u_s2.0_bs128_lr0.002,iter,3430,0.6548281908035278,113.06216287612915,,38.44593598954654
1u_s2.0_bs128_lr0.002,iter,3440,0.6405616998672485,113.25567197799683,,38.490789605611475
1u_s2.0_bs128_lr0.002,iter,3450,0.6585080623626709,113.44324541091919,,38.66243708484174
1u_s2.0_bs128_lr0.002,iter,3460,0.6488722562789917,113.63698744773865,,38.80069412430156
1u_s2.0_bs128_lr0.002,iter,3470,0.6584016680717468,113.82571649551392,,38.83442175795189
1u_s2.0_bs128_lr0.002,iter,3480,0.6359046697616577,114.01908683776855,,38.736561867490096
1u_s2.0_bs128_lr0.002,iter,3490,0.6358782052993774,114.20926022529602,,38.91322463378568
1u_s2.0_bs128_lr0.002,iter,3500,0.6365358829498291,118.05719780921936,,35.042191336436204
1u_s2.0_bs128_lr0.002,iter,3510,0.6429904699325562,118.25256967544556,,35.357227543900116
1u_s2.0_bs128_lr0.002,iter,3520,0.6574262976646423,118.44813442230225,,35.72075276718417
1u_s2.0_bs128_lr0.002,iter,3530,0.6391943693161011,118.64353370666504,,36.09453904647348
1u_s2.0_bs128_lr0.002,iter,3540,0.6190748810768127,118.84082698822021,,36.39976446857525
1u_s2.0_bs128_lr0.002,iter,3550,0.6310131549835205,119.03781604766846,,36.6438706152819
1u_s2.0_bs128_lr0.002,iter,3560,0.6329357624053955,119.23518419265747,,36.8449776535047
1u_s2.0_bs128_lr0.002,iter,3570,0.6343521475791931,119.43112254142761,,37.0021724449325
1u_s2.0_bs128_lr0.002,iter,3580,0.6141281723976135,119.62869215011597,,37.19639366999887
1u_s2.0_bs128_lr0.002,iter,3590,0.6162174940109253,119.8263201713562,,37.33390104570636
1u_s2.0_bs128_lr0.002,iter,3600,0.6193428039550781,120.024094581604,,37.19300499212199
1u_s2.0_bs128_lr0.002,iter,3610,0.6231191158294678,120.21334671974182,,37.5528300835121
1u_s2.0_bs128_lr0.002,iter,3620,0.6314069628715515,120.40639185905457,,37.75234495570271
1u_s2.0_bs128_lr0.002,iter,3630,0.6046844720840454,120.59748768806458,,37.81098119497274
1u_s2.0_bs128_lr0.002,iter,3640,0.6139429211616516,120.78749227523804,,38.07988715531822
1u_s2.0_bs128_lr0.002,iter,3650,0.610418975353241,120.98162364959717,,38.22154925140444
1u_s2.0_bs128_lr0.002,iter,3660,0.5995209813117981,121.17150020599365,,38.417536485898204
1u_s2.0_bs128_lr0.002,iter,3670,0.6130485534667969,121.36596703529358,,38.50774649483337
1u_s2.0_bs128_lr0.002,iter,3680,0.6201931834220886,121.55529475212097,,38.66511837013992
1u_s2.0_bs128_lr0.002,iter,3690,0.6001887321472168,121.74995994567871,,38.791240426549834
1u_s2.0_bs128_lr0.002,iter,3700,0.6231389045715332,121.94085550308228,,38.375714230718174
1u_s2.0_bs128_lr0.002,iter,3710,0.6216416358947754,122.13427996635437,,38.55705990244641
1u_s2.0_bs128_lr0.002,iter,3720,0.6110436320304871,122.32532382011414,,38.55521931243681
1u_s2.0_bs128_lr0.002,iter,3730,0.6143214106559753,122.51741170883179,,38.662065260340064
1u_s2.0_bs128_lr0.002,iter,3740,0.6057904958724976,122.71180057525635,,38.69442585848306
1u_s2.0_bs128_lr0.002,iter,3750,0.605186939239502,126.55978035926819,,34.84525552342975
1u_s2.0_bs128_lr0.002,iter,3760,0.5996074080467224,126.75630593299866,,35.19126494427694
1u_s2.0_bs128_lr0.002,iter,3770,0.5852733254432678,126.9516236782074,,35.65952638334072
1u_s2.0_bs128_lr0.002,iter,3780,0.5914342403411865,127.14221835136414,,35.958972242301726
1u_s2.0_bs128_lr0.002,iter,3790,0.5945993661880493,127.33494138717651,,36.321729478909994
1u_s2.0_bs128_lr0.002,iter,3800,0.5889014601707458,127.52947735786438,,36.15703500906864
1u_s2.0_bs128_lr0.002,iter,3810,0.5824720859527588,127.7209701538086,,36.5606620239491
1u_s2.0_bs128_lr0.002,iter,3820,0.5835015177726746,127.91524267196655,,36.82349598557044
1u_s2.0_bs128_lr0.002,iter,3830,0.5829470157623291,128.10496139526367,,37.17203534172755
1u_s2.0_bs128_lr0.002,iter,3840,0.5861336588859558,128.2994418144226,,37.401689830993355
1u_s2.0_bs128_lr0.002,iter,3850,0.5989850163459778,128.48836064338684,,37.69818792198538
1u_s2.0_bs128_lr0.002,iter,3860,0.5850178599357605,128.68309378623962,,37.84319554198878
1u_s2.0_bs128_lr0.002,iter,3870,0.5953211188316345,128.87247896194458,,38.02995247840483
1u_s2.0_bs128_lr0.002,iter,3880,0.5940762758255005,129.06709504127502,,38.1836073347689
1u_s2.0_bs128_lr0.002,iter,3890,0.5879471898078918,129.26025342941284,,38.28783516507611
1u_s2.0_bs128_lr0.002,iter,3900,0.5832067131996155,129.454110622406,,37.99269829310335
1u_s2.0_bs128_lr0.002,iter,3910,0.5674057006835938,129.6494414806366,,38.14442721094603
1u_s2.0_bs128_lr0.002,iter,3920,0.5861941576004028,129.83916401863098,,38.28068361627033
1u_s2.0_bs128_lr0.002,iter,3930,0.5684096217155457,130.03368544578552,,38.395739117826565
1u_s2.0_bs128_lr0.002,iter,3940,0.5873311758041382,130.2236180305481,,38.63024000509328
1u_s2.0_bs128_lr0.002,iter,3950,0.5878580808639526,130.42016100883484,,38.69789410880869
1u_s2.0_bs128_lr0.002,iter,3960,0.5642952919006348,130.61011052131653,,38.79323706653782
1u_s2.0_bs128_lr0.002,iter,3970,0.577040433883667,130.8035168647766,,38.92586678018212
1u_s2.0_bs128_lr0.002,iter,3980,0.5828919410705566,130.99431085586548,,39.0616755307056
1u_s2.0_bs128_lr0.002,iter,3990,0.5693991184234619,131.18946862220764,,39.08890651392969
1u_s2.0_bs128_lr0.002,iter,4000,0.5696244239807129,135.09693264961243,,35.199971588975934
1u_s2.0_bs128_lr0.002,iter,4010,0.5744982361793518,135.27109551429749,,36.27558015926757
1u_s2.0_bs128_lr0.002,iter,4020,0.5729365944862366,135.44464015960693,,37.235264990998814
1u_s2.0_bs128_lr0.002,iter,4030,0.5654672384262085,135.61711144447327,,38.05187495021673
1u_s2.0_bs128_lr0.002,iter,4040,0.5653831958770752,135.7893204689026,,38.828886864164566
1u_s2.0_bs128_lr0.002,iter,4050,0.5570769906044006,135.9612898826599,,39.50547240148146
1u_s2.0_bs128_lr0.002,iter,4060,0.5629285573959351,136.13493704795837,,40.13484186290495
1u_s2.0_bs128_lr0.002,iter,4070,0.560006320476532,136.3087477684021,,40.66057110175842
1u_s2.0_bs128_lr0.002,iter,4080,0.5631211400032043,136.48356461524963,,41.16619162576952
1u_s2.0_bs128_lr0.002,iter,4090,0.5643929243087769,136.65653467178345,,41.597636060012846
1u_s2.0_bs128_lr0.002,iter,4100,0.5689812302589417,136.83315753936768,,40.631367702093534
1u_s2.0_bs128_lr0.002,iter,4110,0.567297637462616,137.00674533843994,,41.10250592038475
1u_s2.0_bs128_lr0.002,iter,4120,0.5606002807617188,137.18088006973267,,41.50518885537029
1u_s2.0_bs128_lr0.002,iter,4130,0.5645070672035217,137.35369896888733,,41.923541049015654
1u_s2.0_bs128_lr0.002,iter,4140,0.5511842966079712,137.52782678604126,,42.26014047626895
1u_s2.0_bs128_lr0.002,iter,4150,0.5567960739135742,137.70012784004211,,42.60419989505526
1u_s2.0_bs128_lr0.002,iter,4160,0.5580769181251526,137.87353420257568,,42.89243915382552
1u_s2.0_bs128_lr0.002,iter,4170,0.5554735064506531,138.04865097999573,,43.16986358349708
1u_s2.0_bs128_lr0.002,iter,4180,0.5544926524162292,138.22249293327332,,43.38524556436183
1u_s2.0_bs128_lr0.002,iter,4190,0.559814453125,138.396342754364,,43.58106177156531
1u_s2.0_bs128_lr0.002,iter,4200,0.5472124814987183,138.57274055480957,,42.52850449229867
1u_s2.0_bs128_lr0.002,iter,4210,0.5476490259170532,138.74504017829895,,42.786373336577384
1u_s2.0_bs128_lr0.002,iter,4220,0.5595525503158569,138.9174928665161,,43.058580642034805
1u_s2.0_bs128_lr0.002,iter,4230,0.5708960294723511,139.09177088737488,,43.30005836802705
1u_s2.0_bs128_lr0.002,iter,4240,0.5469549894332886,139.2658452987671,,43.525606198531264
1u_s2.0_bs128_lr0.002,iter,4250,0.5506100058555603,143.03018879890442,,39.19368399192694
1u_s2.0_bs128_lr0.002,iter,4260,0.5499035120010376,143.20257759094238,,39.78887862000632
1u_s2.0_bs128_lr0.002,iter,4270,0.5350343585014343,143.37782430648804,,40.27107591645554
1u_s2.0_bs128_lr0.002,iter,4280,0.5576765537261963,143.5509865283966,,40.754817807200695
1u_s2.0_bs128_lr0.002,iter,4290,0.5544269680976868,143.7245111465454,,41.14647785093097
1u_s2.0_bs128_lr0.002,iter,4300,0.5574289560317993,143.900705575943,,40.604491736416485
1u_s2.0_bs128_lr0.002,iter,4310,0.5541430711746216,144.0750172138214,,40.98661383739485
1u_s2.0_bs128_lr0.002,iter,4320,0.5522243976593018,144.2477900981903,,41.33159737756057
1u_s2.0_bs128_lr0.002,iter,4330,0.5463424921035767,144.421138048172,,41.714761849572675
1u_s2.0_bs128_lr0.002,iter,4340,0.550385594367981,144.59451961517334,,42.04782963052306
1u_s2.0_bs128_lr0.002,iter,4350,0.5432703495025635,144.76946592330933,,42.347266084481056
1u_s2.0_bs128_lr0.002,iter,4360,0.538637101650238,144.9423267841339,,42.527189781551826
1u_s2.0_bs128_lr0.002,iter,4370,0.5365731120109558,145.11578488349915,,42.76303776849183
1u_s2.0_bs128_lr0.002,iter,4380,0.546475350856781,145.29010796546936,,42.999406907782564
1u_s2.0_bs128_lr0.002,iter,4390,0.5322486162185669,145.46308517456055,,43.21722648066275
1u_s2.0_bs128_lr0.002,iter,4400,0.547482967376709,145.6403124332428,,42.052679305620984
1u_s2.0_bs128_lr0.002,iter,4410,0.5387104153633118,145.81332063674927,,42.34748069283813
1u_s2.0_bs128_lr0.002,iter,4420,0.5327678918838501,145.9857919216156,,42.54315110161002
1u_s2.0_bs128_lr0.002,iter,4430,0.5483109951019287,146.15846586227417,,42.829631989041395
1u_s2.0_bs128_lr0.002,iter,4440,0.5314555168151855,146.33288288116455,,43.08680524845506
1u_s2.0_bs128_lr0.002,iter,4450,0.5325166583061218,146.5070686340332,,43.26578950304854
1u_s2.0_bs128_lr0.002,iter,4460,0.5340871810913086,146.67993330955505,,43.42842215828539
1u_s2.0_bs128_lr0.002,iter,4470,0.5310089588165283,146.8553283214569,,43.56231847964752
1u_s2.0_bs128_lr0.002,iter,4480,0.5273715257644653,147.0279266834259,,43.758853500061285
1u_s2.0_bs128_lr0.002,iter,4490,0.5350005626678467,147.20015382766724,,43.78053870270377
1u_s2.0_bs128_lr0.002,iter,4500,0.5280652642250061,150.96621584892273,,39.423122038422534
1u_s2.0_bs128_lr0.002,iter,4510,0.5278012156486511,151.13971781730652,,39.839016729009664
1u_s2.0_bs128_lr0.002,iter,4520,0.5413755178451538,151.31523299217224,,40.31842970609176
1u_s2.0_bs128_lr0.002,iter,4530,0.529338538646698,151.4899663925171,,40.60141791147287
1u_s2.0_bs128_lr0.002,iter,4540,0.519842267036438,151.66505408287048,,40.99600355850629
1u_s2.0_bs128_lr0.002,iter,4550,0.5410556793212891,151.8394637107849,,41.30843638517946
1u_s2.0_bs128_lr0.002,iter,4560,0.5338114500045776,152.0135531425476,,41.661716733610845
1u_s2.0_bs128_lr0.002,iter,4570,0.5333213806152344,152.18770098686218,,41.886690751448114
1u_s2.0_bs128_lr0.002,iter,4580,0.5229626297950745,152.36148929595947,,42.092809934753404
1u_s2.0_bs128_lr0.002,iter,4590,0.5220118165016174,152.5361077785492,,42.28178014619532
1u_s2.0_bs128_lr0.002,iter,4600,0.52762770652771,152.71285367012024,,41.75394798033531
1u_s2.0_bs128_lr0.002,iter,4610,0.5281914472579956,152.88668012619019,,42.05093610545732
1u_s2.0_bs128_lr0.002,iter,4620,0.5230350494384766,153.05972981452942,,42.240198268434945
1u_s2.0_bs128_lr0.002,iter,4630,0.5343120694160461,153.23292589187622,,42.422551822322
1u_s2.0_bs128_lr0.002,iter,4640,0.527683675289154,153.40688014030457,,42.54270037590357
1u_s2.0_bs128_lr0.002,iter,4650,0.5276855826377869,153.5813639163971,,42.77841575684983
1u_s2.0_bs128_lr0.002,iter,4660,0.5220152735710144,153.75555562973022,,42.9261626688084
1u_s2.0_bs128_lr0.002,iter,4670,0.5258512496948242,153.93031668663025,,43.02395197081154
1u_s2.0_bs128_lr0.002,iter,4680,0.5171313881874084,154.1045367717743,,43.15272892726186
1u_s2.0_bs128_lr0.002,iter,4690,0.5313453674316406,154.2787322998047,,43.271771264597156
1u_s2.0_bs128_lr0.002,iter,4700,0.521296501159668,154.45660614967346,,42.53762502326163
1u_s2.0_bs128_lr0.002,iter,4710,0.5284134745597839,154.63232421875,,42.658538035718315
1u_s2.0_bs128_lr0.002,iter,4720,0.5186910033226013,154.80708956718445,,42.76326148969013
1u_s2.0_bs128_lr0.002,iter,4730,0.5181226134300232,154.98152780532837,,42.88611504745493
1u_s2.0_bs128_lr0.002,iter,4740,0.5177633166313171,155.15517735481262,,42.96563773802049
1u_s2.0_bs128_lr0.002,iter,4750,0.5242738127708435,158.94515442848206,,38.68957962791395
1u_s2.0_bs128_lr0.002,iter,4760,0.5083545446395874,159.12014269828796,,39.23945333808849
1u_s2.0_bs128_lr0.002,iter,4770,0.5122038125991821,159.29516887664795,,39.699940064681975
1u_s2.0_bs128_lr0.002,iter,4780,0.5170162916183472,159.47061800956726,,40.1441599609741
1u_s2.0_bs128_lr0.002,iter,4790,0.5165838599205017,159.64479732513428,,40.52793328360842
1u_s2.0_bs128_lr0.002,iter,4800,0.5188050270080566,159.8229968547821,,40.161868915349764
1u_s2.0_bs128_lr0.002,iter,4810,0.5249928832054138,159.99834561347961,,40.62704164421112
1u_s2.0_bs128_lr0.002,iter,4820,0.5033193230628967,160.17266154289246,,40.96085652957078
1u_s2.0_bs128_lr0.002,iter,4830,0.5067803263664246,160.34767174720764,,41.2749988082445
1u_s2.0_bs128_lr0.002,iter,4840,0.5194587111473083,160.52230286598206,,41.53870630674185
1u_s2.0_bs128_lr0.002,iter,4850,0.5161179304122925,160.69760179519653,,41.81487741251892
1u_s2.0_bs128_lr0.002,iter,4860,0.5053568482398987,160.87345433235168,,42.03238364627672
1u_s2.0_bs128_lr0.002,iter,4870,0.5094170570373535,161.0487916469574,,42.2629573198661
1u_s2.0_bs128_lr0.002,iter,4880,0.5160476565361023,161.22279572486877,,42.489929312833745
1u_s2.0_bs128_lr0.002,iter,4890,0.5102329850196838,161.3969624042511,,42.64706131293465
1u_s2.0_bs128_lr0.002,iter,4900,0.5141981244087219,161.57597970962524,,42.08607709834652
1u_s2.0_bs128_lr0.002,iter,4910,0.5117481350898743,161.75226354599,,42.34327095553567
1u_s2.0_bs128_lr0.002,iter,4920,0.5172508955001831,161.92775583267212,,42.49540631973883
1u_s2.0_bs128_lr0.002,iter,4930,0.5208779573440552,162.10222244262695,,42.64046858510866
1u_s2.0_bs128_lr0.002,iter,4940,0.5166221857070923,162.27730917930603,,42.79412926917035
1u_s2.0_bs128_lr0.002,iter,4950,0.5061866044998169,162.45323514938354,,42.80903711712677
1u_s2.0_bs128_lr0.002,iter,4960,0.5123960375785828,162.62930274009705,,42.883243473019796
1u_s2.0_bs128_lr0.002,iter,4970,0.5211943984031677,162.80471873283386,,43.03553390434382
1u_s2.0_bs128_lr0.002,iter,4980,0.507355272769928,162.97942543029785,,43.18068488010878
1u_s2.0_bs128_lr0.002,iter,4990,0.5034441351890564,163.1544532775879,,43.24612616494616
1u_s2.0_bs128_lr0.002,iter,5000,0.5124302506446838,166.94944429397583,,38.942006268719744
1u_s2.0_bs128_lr0.002,train_step,0,4.287351608276367,3.6447904109954834,,
1u_s2.0_bs128_lr0.002,train_step,250,1.6788315773010254,11.819863080978394,,
1u_s2.0_bs128_lr0.002,train_step,500,1.3559179306030273,20.240355730056763,,
1u_s2.0_bs128_lr0.002,train_step,750,1.2180464267730713,28.775033235549927,,
1u_s2.0_bs128_lr0.002,train_step,1000,1.1239150762557983,37.346755504608154,,
1u_s2.0_bs128_lr0.002,train_step,1250,1.041097640991211,45.63032102584839,,
1u_s2.0_bs128_lr0.002,train_step,1500,0.9597086906433105,53.646151065826416,,
1u_s2.0_bs128_lr0.002,train_step,1750,0.8759127855300903,61.6337730884552,,
1u_s2.0_bs128_lr0.002,train_step,2000,0.796947717666626,69.67075753211975,,
1u_s2.0_bs128_lr0.002,train_step,2250,0.7100555896759033,77.69945907592773,,
1u_s2.0_bs128_lr0.002,train_step,2500,0.6348405480384827,85.66205406188965,,
1u_s2.0_bs128_lr0.002,train_step,2750,0.5576311349868774,93.60164761543274,,
1u_s2.0_bs128_lr0.002,train_step,3000,0.4890672266483307,101.54986810684204,,
1u_s2.0_bs128_lr0.002,train_step,3250,0.43241772055625916,109.50712585449219,,
1u_s2.0_bs128_lr0.002,train_step,3500,0.38303330540657043,118.03387188911438,,
1u_s2.0_bs128_lr0.002,train_step,3750,0.3432149589061737,126.53551363945007,,
1u_s2.0_bs128_lr0.002,train_step,4000,0.3092133700847626,135.07350301742554,,
1u_s2.0_bs128_lr0.002,train_step,4250,0.28427648544311523,143.0068895816803,,
1u_s2.0_bs128_lr0.002,train_step,4500,0.26788562536239624,150.94308066368103,,
1u_s2.0_bs128_lr0.002,train_step,4750,0.25434067845344543,158.92191886901855,,
1u_s2.0_bs128_lr0.002,train_step,5000,0.24535983800888062,166.92563199996948,,
1u_s2.0_bs128_lr0.002,val_step,0,4.28228759765625,3.6447904109954834,,
1u_s2.0_bs128_lr0.002,val_step,250,1.8621811866760254,11.819863080978394,,
1u_s2.0_bs128_lr0.002,val_step,500,1.5845953226089478,20.240355730056763,,
1u_s2.0_bs128_lr0.002,val_step,750,1.4978692531585693,28.775033235549927,,
1u_s2.0_bs128_lr0.002,val_step,1000,1.4705575704574585,37.346755504608154,,
1u_s2.0_bs128_lr0.002,val_step,1250,1.4780282974243164,45.63032102584839,,
1u_s2.0_bs128_lr0.002,val_step,1500,1.494570016860962,53.646151065826416,,
1u_s2.0_bs128_lr0.002,val_step,1750,1.5430792570114136,61.6337730884552,,
1u_s2.0_bs128_lr0.002,val_step,2000,1.5839341878890991,69.67075753211975,,
1u_s2.0_bs128_lr0.002,val_step,2250,1.6295987367630005,77.69945907592773,,
1u_s2.0_bs128_lr0.002,val_step,2500,1.6993237733840942,85.66205406188965,,
1u_s2.0_bs128_lr0.002,val_step,2750,1.7685236930847168,93.60164761543274,,
1u_s2.0_bs128_lr0.002,val_step,3000,1.8383488655090332,101.54986810684204,,
1u_s2.0_bs128_lr0.002,val_step,3250,1.90077543258667,109.50712585449219,,
1u_s2.0_bs128_lr0.002,val_step,3500,1.9501994848251343,118.03387188911438,,
1u_s2.0_bs128_lr0.002,val_step,3750,2.0081281661987305,126.53551363945007,,
1u_s2.0_bs128_lr0.002,val_step,4000,2.0688369274139404,135.07350301742554,,
1u_s2.0_bs128_lr0.002,val_step,4250,2.1102373600006104,143.0068895816803,,
1u_s2.0_bs128_lr0.002,val_step,4500,2.1450955867767334,150.94308066368103,,
1u_s2.0_bs128_lr0.002,val_step,4750,2.1622703075408936,158.92191886901855,,
1u_s2.0_bs128_lr0.002,val_step,5000,2.1856606006622314,166.92563199996948,,
1u_s4.0_bs256_lr0.004,iter,0,4.265227317810059,8.329394102096558,,
1u_s4.0_bs256_lr0.004,iter,10,2.956752061843872,8.699980735778809,,40.1656737938596
1u_s4.0_bs256_lr0.004,iter,20,2.6261701583862305,9.020299434661865,,40.79947708339567
1u_s4.0_bs256_lr0.004,iter,30,2.536179304122925,9.34179162979126,,41.44626935512966
1u_s4.0_bs256_lr0.004,iter,40,2.5151875019073486,9.666757583618164,,41.90947617994136
1u_s4.0_bs256_lr0.004,iter,50,2.4900286197662354,9.989609718322754,,42.42750218908006
1u_s4.0_bs256_lr0.004,iter,60,2.4700191020965576,10.315920352935791,,43.04359849883996
1u_s4.0_bs256_lr0.004,iter,70,2.4571197032928467,10.63907790184021,,43.56492974233084
1u_s4.0_bs256_lr0.004,iter,80,2.4432849884033203,10.967418193817139,,44.1064939453744
1u_s4.0_bs256_lr0.004,iter,90,2.502417802810669,11.293578147888184,,45.584623196144825
1u_s4.0_bs256_lr0.004,iter,100,2.451058864593506,11.624948740005493,,43.56359838927328
1u_s4.0_bs256_lr0.004,iter,110,2.4030330181121826,11.9495108127594,,44.63005570261062
1u_s4.0_bs256_lr0.004,iter,120,2.307659149169922,12.276553630828857,,45.68916504944635
1u_s4.0_bs256_lr0.004,iter,130,2.188215732574463,12.601241827011108,,46.75779345093795
1u_s4.0_bs256_lr0.004,iter,140,2.113368511199951,12.925346374511719,,47.65046308297502
1u_s4.0_bs256_lr0.004,iter,150,2.0384397506713867,13.249095678329468,,48.424313261378934
1u_s4.0_bs256_lr0.004,iter,160,1.995118498802185,13.57592511177063,,49.09328658801832
1u_s4.0_bs256_lr0.004,iter,170,1.9498182535171509,13.901069164276123,,49.70246565991569
1u_s4.0_bs256_lr0.004,iter,180,1.8997187614440918,14.225864887237549,,50.07518124769852
1u_s4.0_bs256_lr0.004,iter,190,1.8805105686187744,14.54917597770691,,50.39950644714639
1u_s4.0_bs256_lr0.004,iter,200,1.8398326635360718,14.882646083831787,,47.4675758109444
1u_s4.0_bs256_lr0.004,iter,210,1.7956719398498535,15.208071947097778,,48.222134952816994
1u_s4.0_bs256_lr0.004,iter,220,1.7763913869857788,15.53373670578003,,48.679799077924194
1u_s4.0_bs256_lr0.004,iter,230,1.767051339149475,15.859176397323608,,49.59571930303084
1u_s4.0_bs256_lr0.004,iter,240,1.7285469770431519,16.183010578155518,,50.82283531387045
1u_s4.0_bs256_lr0.004,iter,250,1.7176892757415771,25.05943250656128,,45.757831821384436
1u_s4.0_bs256_lr0.004,iter,260,1.701463222503662,25.381486177444458,,47.213603804464114
1u_s4.0_bs256_lr0.004,iter,270,1.681723713874817,25.706723928451538,,47.93697495594646
1u_s4.0_bs256_lr0.004,iter,280,1.6570795774459839,26.030516862869263,,48.60747315797027
1u_s4.0_bs256_lr0.004,iter,290,1.6475520133972168,26.35720133781433,,49.12642439531142
1u_s4.0_bs256_lr0.004,iter,300,1.6180483102798462,26.686810970306396,,46.00768374883814
1u_s4.0_bs256_lr0.004,iter,310,1.6036654710769653,27.011038541793823,,46.67344918717484
1u_s4.0_bs256_lr0.004,iter,320,1.6168084144592285,27.336716413497925,,46.65830907549215
1u_s4.0_bs256_lr0.004,iter,330,1.5978525876998901,27.661405324935913,,46.7188607926086
1u_s4.0_bs256_lr0.004,iter,340,1.5702722072601318,27.986346006393433,,46.701326952934146
1u_s4.0_bs256_lr0.004,iter,350,1.5618295669555664,28.311214923858643,,46.768285207656476
1u_s4.0_bs256_lr0.004,iter,360,1.5808311700820923,28.636168241500854,,46.909486418263484
1u_s4.0_bs256_lr0.004,iter,370,1.5807890892028809,28.96130681037903,,47.10316198837234
1u_s4.0_bs256_lr0.004,iter,380,1.538650631904602,29.28750729560852,,47.518273180776774
1u_s4.0_bs256_lr0.004,iter,390,1.5473045110702515,29.614215850830078,,47.7156492808563
1u_s4.0_bs256_lr0.004,iter,400,1.5485705137252808,29.946920156478882,,45.21917544164239
1u_s4.0_bs256_lr0.004,iter,410,1.5237613916397095,30.275988578796387,,46.0908806274645
1u_s4.0_bs256_lr0.004,iter,420,1.5162945985794067,30.599871158599854,,47.47248423990877
1u_s4.0_bs256_lr0.004,iter,430,1.5042648315429688,30.92276120185852,,47.456017670704824
1u_s4.0_bs256_lr0.004,iter,440,1.4879003763198853,31.248860597610474,,47.458335929187065
1u_s4.0_bs256_lr0.004,iter,450,1.4842009544372559,31.57509422302246,,48.854575469940265
1u_s4.0_bs256_lr0.004,iter,460,1.4425150156021118,31.899649620056152,,48.584571929727595
1u_s4.0_bs256_lr0.004,iter,470,1.4573031663894653,32.22241520881653,,48.81250968065212
1u_s4.0_bs256_lr0.004,iter,480,1.441797137260437,32.54609131813049,,48.62330324766345
1u_s4.0_bs256_lr0.004,iter,490,1.4152672290802002,32.86973190307617,,48.5479757159943
1u_s4.0_bs256_lr0.004,iter,500,1.4294958114624023,42.153945207595825,,43.70969403013184
1u_s4.0_bs256_lr0.004,iter,510,1.421552300453186,42.47682046890259,,44.420695360480664
1u_s4.0_bs256_lr0.004,iter,520,1.3843114376068115,42.80894899368286,,44.78657677089352
1u_s4.0_bs256_lr0.004,iter,530,1.3913127183914185,43.13574266433716,,45.80613926376185
1u_s4.0_bs256_lr0.004,iter,540,1.3523635864257812,43.46040201187134,,46.36823958825788
1u_s4.0_bs256_lr0.004,iter,550,1.3655685186386108,43.785367488861084,,46.73777112473154
1u_s4.0_bs256_lr0.004,iter,560,1.359741449356079,44.10935091972351,,47.44531334707682
1u_s4.0_bs256_lr0.004,iter,570,1.3497892618179321,44.4356107711792,,47.88194088659861
1u_s4.0_bs256_lr0.004,iter,580,1.3257125616073608,44.76018714904785,,49.00496514326041
1u_s4.0_bs256_lr0.004,iter,590,1.3236664533615112,45.08424115180969,,49.12884982053194
1u_s4.0_bs256_lr0.004,iter,600,1.3234970569610596,45.41729402542114,,46.70292109810889
1u_s4.0_bs256_lr0.004,iter,610,1.3118805885314941,45.741536140441895,,47.42578641787716
1u_s4.0_bs256_lr0.004,iter,620,1.325530767440796,46.06627941131592,,48.67447357478155
1u_s4.0_bs256_lr0.004,iter,630,1.3139697313308716,46.392601013183594,,49.25712150233232
1u_s4.0_bs256_lr0.004,iter,640,1.3079553842544556,46.71953558921814,,49.92091831329116
1u_s4.0_bs256_lr0.004,iter,650,1.2781708240509033,47.04523706436157,,50.48189259344401
1u_s4.0_bs256_lr0.004,iter,660,1.287699580192566,47.369056701660156,,50.53803912041308
1u_s4.0_bs256_lr0.004,iter,670,1.2942664623260498,47.693989992141724,,51.09325248662084
1u_s4.0_bs256_lr0.004,iter,680,1.2824065685272217,48.01913499832153,,51.76889780931818
1u_s4.0_bs256_lr0.004,iter,690,1.2723289728164673,48.34449028968811,,51.62419482216356
1u_s4.0_bs256_lr0.004,iter,700,1.2517938613891602,48.674662828445435,,48.26630783858918
1u_s4.0_bs256_lr0.004,iter,710,1.2616024017333984,48.99867391586304,,48.133306823295634
1u_s4.0_bs256_lr0.004,iter,720,1.2527246475219727,49.32460594177246,,49.179227001022
1u_s4.0_bs256_lr0.004,iter,730,1.2608052492141724,49.72162747383118,,50.09834403654124
1u_s4.0_bs256_lr0.004,iter,740,1.241924524307251,50.04713582992554,,49.73110994155676
1u_s4.0_bs256_lr0.004,iter,750,1.2454853057861328,59.155908823013306,,44.774830371093024
1u_s4.0_bs256_lr0.004,iter,760,1.2296925783157349,59.47917079925537,,45.36194408993638
1u_s4.0_bs256_lr0.004,iter,770,1.2284765243530273,59.80438446998596,,45.80395965048007
1u_s4.0_bs256_lr0.004,iter,780,1.2113213539123535,60.132240533828735,,45.59649497273788
1u_s4.0_bs256_lr0.004,iter,790,1.2374849319458008,60.46176815032959,,45.93478752803919
1u_s4.0_bs256_lr0.004,iter,800,1.2119301557540894,60.793994665145874,,44.515041151602944
1u_s4.0_bs256_lr0.004,iter,810,1.2063651084899902,61.12254047393799,,44.92960718164458
1u_s4.0_bs256_lr0.004,iter,820,1.2014859914779663,61.46292495727539,,45.58605364746523
1u_s4.0_bs256_lr0.004,iter,830,1.1979925632476807,61.78840923309326,,45.74157069637433
1u_s4.0_bs256_lr0.004,iter,840,1.199185848236084,62.115697622299194,,45.74602215444348
1u_s4.0_bs256_lr0.004,iter,850,1.1938762664794922,62.447778940200806,,46.14879756451289
1u_s4.0_bs256_lr0.004,iter,860,1.1831656694412231,62.775071144104004,,46.91222789662658
1u_s4.0_bs256_lr0.004,iter,870,1.1799486875534058,63.099928855895996,,46.92024462291118
1u_s4.0_bs256_lr0.004,iter,880,1.1815019845962524,63.51013231277466,,43.459155118305404
1u_s4.0_bs256_lr0.004,iter,890,1.1617602109909058,63.83699321746826,,44.82208588812378
1u_s4.0_bs256_lr0.004,iter,900,1.1602426767349243,64.16598773002625,,42.26924823636052
1u_s4.0_bs256_lr0.004,iter,910,1.16610848903656,64.49027824401855,,43.54339809189104
1u_s4.0_bs256_lr0.004,iter,920,1.1562001705169678,64.81589365005493,,43.624411706738485
1u_s4.0_bs256_lr0.004,iter,930,1.1459873914718628,65.14570760726929,,44.36426500465903
1u_s4.0_bs256_lr0.004,iter,940,1.147728681564331,65.47314620018005,,44.53390687600767
1u_s4.0_bs256_lr0.004,iter,950,1.1460787057876587,65.79822587966919,,45.20506128332651
1u_s4.0_bs256_lr0.004,iter,960,1.125130534172058,66.12346458435059,,46.486006818098815
1u_s4.0_bs256_lr0.004,iter,970,1.1234469413757324,66.44784379005432,,47.191258473954456
1u_s4.0_bs256_lr0.004,iter,980,1.1108167171478271,66.77381372451782,,48.15508291803882
1u_s4.0_bs256_lr0.004,iter,990,1.126285433769226,67.10058188438416,,48.95428439482863
1u_s4.0_bs256_lr0.004,iter,1000,1.1211044788360596,75.64346623420715,,44.07685012567096
1u_s4.0_bs256_lr0.004,iter,1010,1.1191226243972778,75.96551179885864,,45.107644376133564
1u_s4.0_bs256_lr0.004,iter,1020,1.1060800552368164,76.29100561141968,,45.857652358572786
1u_s4.0_bs256_lr0.004,iter,1030,1.0943832397460938,76.61737775802612,,46.6508450722137
1u_s4.0_bs256_lr0.004,iter,1040,1.1074111461639404,77.01327729225159,,46.95388229492643
1u_s4.0_bs256_lr0.004,iter,1050,1.1098777055740356,77.33874225616455,,46.97539083132779
1u_s4.0_bs256_lr0.004,iter,1060,1.0853354930877686,77.66556000709534,,46.95029305677837
1u_s4.0_bs256_lr0.004,iter,1070,1.0946322679519653,77.99982643127441,,46.90539228347974
1u_s4.0_bs256_lr0.004,iter,1080,1.103054165840149,78.33056378364563,,46.93057565818775
1u_s4.0_bs256_lr0.004,iter,1090,1.0860832929611206,78.66097927093506,,46.81985184910899
1u_s4.0_bs256_lr0.004,iter,1100,1.0793535709381104,79.00308966636658,,45.77915733300352
1u_s4.0_bs256_lr0.004,iter,1110,1.0789865255355835,79.33397722244263,,46.058993223836005
1u_s4.0_bs256_lr0.004,iter,1120,1.084704875946045,79.65940165519714,,46.34410009592054
1u_s4.0_bs256_lr0.004,iter,1130,1.0584810972213745,79.98591351509094,,47.058503633484726
1u_s4.0_bs256_lr0.004,iter,1140,1.0598207712173462,80.31285429000854,,47.81002784578707
1u_s4.0_bs256_lr0.004,iter,1150,1.054481029510498,80.63978743553162,,48.96240423382615
1u_s4.0_bs256_lr0.004,iter,1160,1.0431106090545654,80.96652436256409,,49.304455050594086
1u_s4.0_bs256_lr0.004,iter,1170,1.059333324432373,81.29316473007202,,49.66501398685775
1u_s4.0_bs256_lr0.004,iter,1180,1.0525459051132202,81.61821246147156,,49.6186582643789
1u_s4.0_bs256_lr0.004,iter,1190,1.0359402894973755,81.94709038734436,,49.92035534272861
1u_s4.0_bs256_lr0.004,iter,1200,1.0435752868652344,82.27844285964966,,47.45275469966821
1u_s4.0_bs256_lr0.004,iter,1210,1.0189093351364136,82.8692729473114,,44.05833238441701
1u_s4.0_bs256_lr0.004,iter,1220,1.0180827379226685,83.4503493309021,,44.579391812399194
1u_s4.0_bs256_lr0.004,iter,1230,1.023392677307129,83.77514171600342,,45.033171216036024
1u_s4.0_bs256_lr0.004,iter,1240,1.0334309339523315,84.09981298446655,,45.35152551545828
1u_s4.0_bs256_lr0.004,iter,1250,1.0144810676574707,92.73586559295654,,40.834212674287464
1u_s4.0_bs256_lr0.004,iter,1260,1.0279897451400757,93.06206893920898,,41.4536366944082
1u_s4.0_bs256_lr0.004,iter,1270,1.001151204109192,93.3878583908081,,42.50476382963329
1u_s4.0_bs256_lr0.004,iter,1280,1.005123257637024,93.71449851989746,,42.918606104914595
1u_s4.0_bs256_lr0.004,iter,1290,0.9947087168693542,94.04434752464294,,43.1847902595759
1u_s4.0_bs256_lr0.004,iter,1300,1.0004774332046509,94.38491177558899,,42.5861429004805
1u_s4.0_bs256_lr0.004,iter,1310,0.9974242448806763,94.72251439094543,,42.97271615233648
1u_s4.0_bs256_lr0.004,iter,1320,0.9819221496582031,95.05238437652588,,43.93515469346191
1u_s4.0_bs256_lr0.004,iter,1330,0.9766805171966553,95.37653350830078,,45.03773253521701
1u_s4.0_bs256_lr0.004,iter,1340,0.9788411259651184,95.69921922683716,,45.28252846229665
1u_s4.0_bs256_lr0.004,iter,1350,0.9692500829696655,96.02541995048523,,45.98612261512573
1u_s4.0_bs256_lr0.004,iter,1360,0.9608822464942932,96.35274744033813,,47.04137055117246
1u_s4.0_bs256_lr0.004,iter,1370,0.9656969904899597,96.67941951751709,,47.55023375259089
1u_s4.0_bs256_lr0.004,iter,1380,0.9801714420318604,97.00523281097412,,47.895589992122645
1u_s4.0_bs256_lr0.004,iter,1390,0.9549766778945923,97.33431553840637,,47.86573550750205
1u_s4.0_bs256_lr0.004,iter,1400,0.9587043523788452,97.67540431022644,,46.85436564382477
1u_s4.0_bs256_lr0.004,iter,1410,0.9619047045707703,98.00605010986328,,48.095389744976366
1u_s4.0_bs256_lr0.004,iter,1420,0.9572867751121521,98.32998657226562,,48.389311506370454
1u_s4.0_bs256_lr0.004,iter,1430,0.9455704092979431,98.6540641784668,,49.026302308735886
1u_s4.0_bs256_lr0.004,iter,1440,0.94025719165802,98.97981119155884,,49.91233870531054
1u_s4.0_bs256_lr0.004,iter,1450,0.9350538849830627,99.30554127693176,,50.77245853905249
1u_s4.0_bs256_lr0.004,iter,1460,0.9463818669319153,99.6326367855072,,50.85537339174089
1u_s4.0_bs256_lr0.004,iter,1470,0.9432551264762878,99.95417833328247,,50.593702575437916
1u_s4.0_bs256_lr0.004,iter,1480,0.9340391755104065,100.28004121780396,,50.36976534491562
1u_s4.0_bs256_lr0.004,iter,1490,0.9167442917823792,100.60618567466736,,50.204205368761244
1u_s4.0_bs256_lr0.004,iter,1500,0.9139410257339478,109.0068359375,,45.202154416591156
1u_s4.0_bs256_lr0.004,iter,1510,0.9019140601158142,109.33445525169373,,46.152541986627654
1u_s4.0_bs256_lr0.004,iter,1520,0.9023899435997009,109.65714836120605,,47.01522501152655
1u_s4.0_bs256_lr0.004,iter,1530,0.9169955849647522,109.98170852661133,,48.05674260742527
1u_s4.0_bs256_lr0.004,iter,1540,0.9032946228981018,110.30405831336975,,49.00018210210419
1u_s4.0_bs256_lr0.004,iter,1550,0.8892776370048523,110.62820339202881,,49.09400209875818
1u_s4.0_bs256_lr0.004,iter,1560,0.8980284929275513,110.95223212242126,,49.11149455530625
1u_s4.0_bs256_lr0.004,iter,1570,0.8908648490905762,111.27564144134521,,50.06481756968236
1u_s4.0_bs256_lr0.004,iter,1580,0.8857504725456238,111.59784841537476,,49.763623438046444
1u_s4.0_bs256_lr0.004,iter,1590,0.8947516083717346,111.92040395736694,,49.91495864312325
1u_s4.0_bs256_lr0.004,iter,1600,0.8764021992683411,112.25261688232422,,47.53119150103326
1u_s4.0_bs256_lr0.004,iter,1610,0.8769891262054443,112.57647681236267,,47.77254890093815
1u_s4.0_bs256_lr0.004,iter,1620,0.8731328845024109,112.90042567253113,,48.627556702874024
1u_s4.0_bs256_lr0.004,iter,1630,0.8509036898612976,113.22730994224548,,49.145564560822244
1u_s4.0_bs256_lr0.004,iter,1640,0.8656556606292725,113.55450892448425,,49.39812079165548
1u_s4.0_bs256_lr0.004,iter,1650,0.8508812189102173,113.8921639919281,,48.884335854954344
1u_s4.0_bs256_lr0.004,iter,1660,0.8477287888526917,114.227059841156,,48.62064338491884
1u_s4.0_bs256_lr0.004,iter,1670,0.8456002473831177,114.57082152366638,,48.20010874571953
1u_s4.0_bs256_lr0.004,iter,1680,0.8382405042648315,114.91661500930786,,47.88685001051527
1u_s4.0_bs256_lr0.004,iter,1690,0.8542463779449463,115.25864171981812,,47.49039049311495
1u_s4.0_bs256_lr0.004,iter,1700,0.8504421710968018,115.59956741333008,,46.38763306225146
1u_s4.0_bs256_lr0.004,iter,1710,0.8349229097366333,115.92858791351318,,46.57582768925768
1u_s4.0_bs256_lr0.004,iter,1720,0.8273940086364746,116.25716018676758,,46.64630758540931
1u_s4.0_bs256_lr0.004,iter,1730,0.8382099270820618,116.58482933044434,,46.665495378808316
1u_s4.0_bs256_lr0.004,iter,1740,0.8307713270187378,116.91424417495728,,46.601419722180864
1u_s4.0_bs256_lr0.004,iter,1750,0.8357697129249573,125.61854577064514,,41.959021191423254
1u_s4.0_bs256_lr0.004,iter,1760,0.8239546418190002,125.94390368461609,,43.535163886740875
1u_s4.0_bs256_lr0.004,iter,1770,0.8198779225349426,126.2677173614502,,44.64407665535818
1u_s4.0_bs256_lr0.004,iter,1780,0.8086236119270325,126.59184622764587,,46.44127385525233
1u_s4.0_bs256_lr0.004,iter,1790,0.7950252890586853,126.9170892238617,,46.42140865999514
1u_s4.0_bs256_lr0.004,iter,1800,0.7931565642356873,127.25145769119263,,43.516934546174184
1u_s4.0_bs256_lr0.004,iter,1810,0.7929744720458984,127.57587003707886,,43.67205820997688
1u_s4.0_bs256_lr0.004,iter,1820,0.7942900657653809,127.90301203727722,,44.17152862900136
1u_s4.0_bs256_lr0.004,iter,1830,0.8058093190193176,128.2328338623047,,45.41694193124794
1u_s4.0_bs256_lr0.004,iter,1840,0.7902281880378723,128.5582296848297,,46.163074694668474
1u_s4.0_bs256_lr0.004,iter,1850,0.8036158084869385,128.8826506137848,,46.626838326237106
1u_s4.0_bs256_lr0.004,iter,1860,0.7870702743530273,129.2077980041504,,47.33530225088647
1u_s4.0_bs256_lr0.004,iter,1870,0.7834262251853943,129.53253698349,,48.12935544694169
1u_s4.0_bs256_lr0.004,iter,1880,0.7734133005142212,129.85960507392883,,48.74130756844149
1u_s4.0_bs256_lr0.004,iter,1890,0.7751457691192627,130.18555188179016,,49.024995977022556
1u_s4.0_bs256_lr0.004,iter,1900,0.7692530751228333,130.5175244808197,,45.8134716480212
1u_s4.0_bs256_lr0.004,iter,1910,0.7645329833030701,130.84283566474915,,46.669988769121865
1u_s4.0_bs256_lr0.004,iter,1920,0.7528994679450989,131.1669044494629,,47.38834226128861
1u_s4.0_bs256_lr0.004,iter,1930,0.7645384073257446,131.49359345436096,,47.96706538440934
1u_s4.0_bs256_lr0.004,iter,1940,0.7592071294784546,131.81876301765442,,47.860185852251384
1u_s4.0_bs256_lr0.004,iter,1950,0.7541247606277466,132.1493661403656,,47.69320194728195
1u_s4.0_bs256_lr0.004,iter,1960,0.7512393593788147,132.47822380065918,,48.231777300695
1u_s4.0_bs256_lr0.004,iter,1970,0.7560791373252869,132.8044192790985,,48.73412947346586
1u_s4.0_bs256_lr0.004,iter,1980,0.7451944351196289,133.1303689479828,,49.03878555309248
1u_s4.0_bs256_lr0.004,iter,1990,0.7459713816642761,133.45650959014893,,49.244749979576596
1u_s4.0_bs256_lr0.004,iter,2000,0.7401447296142578,142.10391855239868,,44.3380931757795
1u_s4.0_bs256_lr0.004,iter,2010,0.7362363934516907,142.43431067466736,,44.57710933892844
1u_s4.0_bs256_lr0.004,iter,2020,0.7261868715286255,142.7584731578827,,45.67231654261112
1u_s4.0_bs256_lr0.004,iter,2030,0.7438820004463196,143.08335399627686,,45.80810707168769
1u_s4.0_bs256_lr0.004,iter,2040,0.7308719754219055,143.40750551223755,,45.86982771975345
1u_s4.0_bs256_lr0.004,iter,2050,0.7301641702651978,143.7324743270874,,45.984063418235834
1u_s4.0_bs256_lr0.004,iter,2060,0.7276017665863037,144.05589938163757,,46.0733037982506
1u_s4.0_bs256_lr0.004,iter,2070,0.715749979019165,144.38191556930542,,46.109125428322436
1u_s4.0_bs256_lr0.004,iter,2080,0.7327772378921509,144.70573449134827,,46.207896021302034
1u_s4.0_bs256_lr0.004,iter,2090,0.7115854024887085,145.03240585327148,,46.25003347044749
1u_s4.0_bs256_lr0.004,iter,2100,0.7074263095855713,145.36216688156128,,43.34273011533717
1u_s4.0_bs256_lr0.004,iter,2110,0.710045337677002,145.6846911907196,,43.71519717521126
1u_s4.0_bs256_lr0.004,iter,2120,0.7037534713745117,146.01057267189026,,44.345346629340085
1u_s4.0_bs256_lr0.004,iter,2130,0.6935992240905762,146.33668875694275,,45.687603747558434
1u_s4.0_bs256_lr0.004,iter,2140,0.6994511485099792,146.66277480125427,,45.824024756787416
1u_s4.0_bs256_lr0.004,iter,2150,0.691541314125061,146.9862039089203,,46.14536567069285
1u_s4.0_bs256_lr0.004,iter,2160,0.7127605080604553,147.3119399547577,,46.204388179349856
1u_s4.0_bs256_lr0.004,iter,2170,0.6975398659706116,147.6374635696411,,46.260060346100026
1u_s4.0_bs256_lr0.004,iter,2180,0.6938428282737732,147.96274137496948,,46.23493620380907
1u_s4.0_bs256_lr0.004,iter,2190,0.7022521495819092,148.37469458580017,,46.85223688427006
1u_s4.0_bs256_lr0.004,iter,2200,0.6766406297683716,148.70656299591064,,44.395973158778716
1u_s4.0_bs256_lr0.004,iter,2210,0.6790707111358643,149.0333948135376,,44.791472286445334
1u_s4.0_bs256_lr0.004,iter,2220,0.6742522716522217,149.36007523536682,,45.22315622906699
1u_s4.0_bs256_lr0.004,iter,2230,0.6704798340797424,149.68561959266663,,45.63298076777137
1u_s4.0_bs256_lr0.004,iter,2240,0.65522301197052,150.01307606697083,,46.54790793144507
1u_s4.0_bs256_lr0.004,iter,2250,0.6622148752212524,158.64764714241028,,41.91094228817672
1u_s4.0_bs256_lr0.004,iter,2260,0.6683938503265381,158.97104215621948,,42.872693189833306
1u_s4.0_bs256_lr0.004,iter,2270,0.6748751401901245,159.29525589942932,,44.01988464629877
1u_s4.0_bs256_lr0.004,iter,2280,0.6600490212440491,159.62004852294922,,45.12551352815133
1u_s4.0_bs256_lr0.004,iter,2290,0.6573088765144348,159.94486165046692,,45.84962990105912
1u_s4.0_bs256_lr0.004,iter,2300,0.659455418586731,160.2771759033203,,44.45363348766042
1u_s4.0_bs256_lr0.004,iter,2310,0.6490204930305481,160.60865664482117,,44.85694178302647
1u_s4.0_bs256_lr0.004,iter,2320,0.6609229445457458,160.93376064300537,,44.988440102135364
1u_s4.0_bs256_lr0.004,iter,2330,0.6549898982048035,161.26118898391724,,45.60253164246184
1u_s4.0_bs256_lr0.004,iter,2340,0.6510575413703918,161.58435916900635,,46.217818292974435
1u_s4.0_bs256_lr0.004,iter,2350,0.6407461166381836,162.00869703292847,,47.26594667295268
1u_s4.0_bs256_lr0.004,iter,2360,0.6409810185432434,162.33462500572205,,47.66326707487031
1u_s4.0_bs256_lr0.004,iter,2370,0.6477833986282349,162.65901041030884,,48.65505614305361
1u_s4.0_bs256_lr0.004,iter,2380,0.6328057050704956,162.9832684993744,,49.25159788154654
1u_s4.0_bs256_lr0.004,iter,2390,0.6408037543296814,163.30822658538818,,49.567320264365
1u_s4.0_bs256_lr0.004,iter,2400,0.6234059929847717,163.64171433448792,,46.471079728754965
1u_s4.0_bs256_lr0.004,iter,2410,0.6252756118774414,163.9698464870453,,47.77723979222355
1u_s4.0_bs256_lr0.004,iter,2420,0.6260198354721069,164.29492902755737,,48.645920460524884
1u_s4.0_bs256_lr0.004,iter,2430,0.6272360682487488,164.6184959411621,,49.102416107276945
1u_s4.0_bs256_lr0.004,iter,2440,0.6122534275054932,164.94301676750183,,48.982258319096985
1u_s4.0_bs256_lr0.004,iter,2450,0.6141140460968018,165.2697651386261,,47.67588667632097
1u_s4.0_bs256_lr0.004,iter,2460,0.6225259304046631,165.59542632102966,,48.399177817606684
1u_s4.0_bs256_lr0.004,iter,2470,0.6076314449310303,165.92104029655457,,48.95791313098956
1u_s4.0_bs256_lr0.004,iter,2480,0.598235547542572,166.24722456932068,,49.72407256475719
1u_s4.0_bs256_lr0.004,iter,2490,0.6080507636070251,166.57341885566711,,50.631360862144895
1u_s4.0_bs256_lr0.004,iter,2500,0.6130585670471191,175.20536518096924,,45.586004703025736
1u_s4.0_bs256_lr0.004,iter,2510,0.6050585508346558,175.5327718257904,,45.81980143133508
1u_s4.0_bs256_lr0.004,iter,2520,0.5992372035980225,175.85880851745605,,46.0971210252016
1u_s4.0_bs256_lr0.004,iter,2530,0.5905077457427979,176.18431854248047,,46.388768644233544
1u_s4.0_bs256_lr0.004,iter,2540,0.5888909697532654,176.51413941383362,,46.75560589205809
1u_s4.0_bs256_lr0.004,iter,2550,0.5982801914215088,176.8378357887268,,47.50356813455343
1u_s4.0_bs256_lr0.004,iter,2560,0.5956698656082153,177.16349816322327,,48.52984296498314
1u_s4.0_bs256_lr0.004,iter,2570,0.5918515920639038,177.48953866958618,,48.92773328224054
1u_s4.0_bs256_lr0.004,iter,2580,0.5877985954284668,177.8145489692688,,49.26838366808896
1u_s4.0_bs256_lr0.004,iter,2590,0.593995988368988,178.137197971344,,50.02532227886465
1u_s4.0_bs256_lr0.004,iter,2600,0.5748996138572693,178.47008323669434,,46.78213509275421
1u_s4.0_bs256_lr0.004,iter,2610,0.5860922932624817,178.79463815689087,,47.34370558955144
1u_s4.0_bs256_lr0.004,iter,2620,0.5826457738876343,179.1198649406433,,48.186825794514434
1u_s4.0_bs256_lr0.004,iter,2630,0.5813275575637817,179.44712495803833,,48.975148217614894
1u_s4.0_bs256_lr0.004,iter,2640,0.568873941898346,179.77275323867798,,49.91570881178803
1u_s4.0_bs256_lr0.004,iter,2650,0.5770444869995117,180.09991025924683,,50.227575635393215
1u_s4.0_bs256_lr0.004,iter,2660,0.5701027512550354,180.4272985458374,,50.677049210704126
1u_s4.0_bs256_lr0.004,iter,2670,0.559639573097229,180.75340700149536,,50.48532024948559
1u_s4.0_bs256_lr0.004,iter,2680,0.5692586898803711,181.07975220680237,,50.60215049113865
1u_s4.0_bs256_lr0.004,iter,2690,0.5567522644996643,181.40497398376465,,50.520581512397236
1u_s4.0_bs256_lr0.004,iter,2700,0.5557923316955566,181.73992943763733,,48.679850200341825
1u_s4.0_bs256_lr0.004,iter,2710,0.558653712272644,182.06565833091736,,48.312679655318455
1u_s4.0_bs256_lr0.004,iter,2720,0.5531934499740601,182.39411211013794,,49.39688102008437
1u_s4.0_bs256_lr0.004,iter,2730,0.545223593711853,182.71947836875916,,49.49863214394387
1u_s4.0_bs256_lr0.004,iter,2740,0.553792417049408,183.04429244995117,,49.30167035098707
1u_s4.0_bs256_lr0.004,iter,2750,0.5365894436836243,191.56867623329163,,44.389495170316124
1u_s4.0_bs256_lr0.004,iter,2760,0.543531596660614,191.8922414779663,,45.064694177630095
1u_s4.0_bs256_lr0.004,iter,2770,0.5416741371154785,192.21687650680542,,45.60621802363272
1u_s4.0_bs256_lr0.004,iter,2780,0.541527509689331,192.54224395751953,,46.17018332341162
1u_s4.0_bs256_lr0.004,iter,2790,0.5334296822547913,192.86944794654846,,46.82591751092916
1u_s4.0_bs256_lr0.004,iter,2800,0.5378856062889099,193.20174193382263,,44.82780409306736
1u_s4.0_bs256_lr0.004,iter,2810,0.5336847305297852,193.52871108055115,,45.45678863302003
1u_s4.0_bs256_lr0.004,iter,2820,0.522534966468811,193.8541078567505,,46.16723795109275
1u_s4.0_bs256_lr0.004,iter,2830,0.5220053195953369,194.18102955818176,,47.46693520140559
1u_s4.0_bs256_lr0.004,iter,2840,0.5332035422325134,194.50395154953003,,48.23670418558467
1u_s4.0_bs256_lr0.004,iter,2850,0.5405481457710266,194.82958388328552,,48.690326314548
1u_s4.0_bs256_lr0.004,iter,2860,0.5175154209136963,195.15412092208862,,49.46219590607813
1u_s4.0_bs256_lr0.004,iter,2870,0.5095738172531128,195.47759580612183,,49.61211507269096
1u_s4.0_bs256_lr0.004,iter,2880,0.5266683101654053,195.80509424209595,,49.759660856951875
1u_s4.0_bs256_lr0.004,iter,2890,0.5185918807983398,196.13258695602417,,49.778730005400696
1u_s4.0_bs256_lr0.004,iter,2900,0.5174486041069031,196.46362900733948,,47.53868608402087
1u_s4.0_bs256_lr0.004,iter,2910,0.5189194083213806,196.7938871383667,,47.727642550054874
1u_s4.0_bs256_lr0.004,iter,2920,0.5122960805892944,197.1215856075287,,47.980834831673505
1u_s4.0_bs256_lr0.004,iter,2930,0.5154902935028076,197.4480059146881,,47.85638030243608
1u_s4.0_bs256_lr0.004,iter,2940,0.5114930868148804,197.78721451759338,,47.537277690079286
1u_s4.0_bs256_lr0.004,iter,2950,0.5025878548622131,198.12008094787598,,48.069409646821995
1u_s4.0_bs256_lr0.004,iter,2960,0.4942822754383087,198.44569087028503,,48.88535955166361
1u_s4.0_bs256_lr0.004,iter,2970,0.5059107542037964,198.7724084854126,,48.27138329020552
1u_s4.0_bs256_lr0.004,iter,2980,0.5052246451377869,199.11847352981567,,48.05415138365885
1u_s4.0_bs256_lr0.004,iter,2990,0.4987237751483917,199.45571208000183,,47.89106075251108
1u_s4.0_bs256_lr0.004,iter,3000,0.49827301502227783,208.09627270698547,,43.11978707669121
1u_s4.0_bs256_lr0.004,iter,3010,0.4989778697490692,208.42469263076782,,43.97125080723779
1u_s4.0_bs256_lr0.004,iter,3020,0.5027350187301636,208.75105261802673,,44.692251819587284
1u_s4.0_bs256_lr0.004,iter,3030,0.48959648609161377,209.07641315460205,,45.89355399678144
1u_s4.0_bs256_lr0.004,iter,3040,0.4898199439048767,209.39992260932922,,46.273860584976646
1u_s4.0_bs256_lr0.004,iter,3050,0.49371063709259033,209.72166180610657,,47.42700536601081
1u_s4.0_bs256_lr0.004,iter,3060,0.47929495573043823,210.04728603363037,,47.35367503342457
1u_s4.0_bs256_lr0.004,iter,3070,0.48468083143234253,210.37244963645935,,47.25846124545329
1u_s4.0_bs256_lr0.004,iter,3080,0.48088619112968445,210.6969301700592,,48.09818880611466
1u_s4.0_bs256_lr0.004,iter,3090,0.4870477020740509,211.022230386734,,48.18999865481007
1u_s4.0_bs256_lr0.004,iter,3100,0.4791438579559326,211.3568253517151,,46.37298982772812
1u_s4.0_bs256_lr0.004,iter,3110,0.48120424151420593,211.68096041679382,,47.21290815877304
1u_s4.0_bs256_lr0.004,iter,3120,0.4799636900424957,212.00423669815063,,48.118911614094245
1u_s4.0_bs256_lr0.004,iter,3130,0.4811294376850128,212.3286018371582,,48.34703713908609
1u_s4.0_bs256_lr0.004,iter,3140,0.4604797959327698,212.65363931655884,,48.36800986104078
1u_s4.0_bs256_lr0.004,iter,3150,0.47069263458251953,212.97927284240723,,48.62091667580074
1u_s4.0_bs256_lr0.004,iter,3160,0.47684457898139954,213.30713081359863,,48.882740077433574
1u_s4.0_bs256_lr0.004,iter,3170,0.46185603737831116,213.634281873703,,49.49031779639616
1u_s4.0_bs256_lr0.004,iter,3180,0.46473929286003113,213.96039605140686,,49.97787348677183
1u_s4.0_bs256_lr0.004,iter,3190,0.4641094207763672,214.28641414642334,,50.017463094232475
1u_s4.0_bs256_lr0.004,iter,3200,0.46422111988067627,214.61695647239685,,47.42493589398863
1u_s4.0_bs256_lr0.004,iter,3210,0.45620793104171753,214.94308495521545,,47.78332130788229
1u_s4.0_bs256_lr0.004,iter,3220,0.45293647050857544,215.27087879180908,,48.40877544687363
1u_s4.0_bs256_lr0.004,iter,3230,0.4585149884223938,215.59597611427307,,48.65918082233065
1u_s4.0_bs256_lr0.004,iter,3240,0.44949260354042053,215.92226219177246,,48.669695109555676
1u_s4.0_bs256_lr0.004,iter,3250,0.46034935116767883,224.43742752075195,,43.82082049628755
1u_s4.0_bs256_lr0.004,iter,3260,0.44809165596961975,224.76311922073364,,44.540283453428074
1u_s4.0_bs256_lr0.004,iter,3270,0.44335809350013733,225.0916337966919,,44.62780981277407
1u_s4.0_bs256_lr0.004,iter,3280,0.4487452507019043,225.4178445339203,,45.84575859518855
1u_s4.0_bs256_lr0.004,iter,3290,0.4485001862049103,225.74353051185608,,46.42979062273763
1u_s4.0_bs256_lr0.004,iter,3300,0.4506596326828003,226.07771348953247,,44.79057674852165
1u_s4.0_bs256_lr0.004,iter,3310,0.43318817019462585,226.40219640731812,,45.31334831666093
1u_s4.0_bs256_lr0.004,iter,3320,0.441456139087677,226.72981905937195,,45.554071053958594
1u_s4.0_bs256_lr0.004,iter,3330,0.43990808725357056,227.05740070343018,,45.96205240597201
1u_s4.0_bs256_lr0.004,iter,3340,0.43613725900650024,227.38327860832214,,46.971394170660865
1u_s4.0_bs256_lr0.004,iter,3350,0.4362848401069641,227.70991134643555,,47.00532302083252
1u_s4.0_bs256_lr0.004,iter,3360,0.44298210740089417,228.0367546081543,,47.39727635966559
1u_s4.0_bs256_lr0.004,iter,3370,0.4399310052394867,228.36107921600342,,47.50021089052729
1u_s4.0_bs256_lr0.004,iter,3380,0.4340069890022278,228.68761825561523,,48.007820933592875
1u_s4.0_bs256_lr0.004,iter,3390,0.43346089124679565,229.0128834247589,,48.57021500601687
1u_s4.0_bs256_lr0.004,iter,3400,0.4296979606151581,229.3469696044922,,46.23597807297648
1u_s4.0_bs256_lr0.004,iter,3410,0.42566144466400146,229.67353439331055,,46.70163229284063
1u_s4.0_bs256_lr0.004,iter,3420,0.4341270625591278,229.99924850463867,,47.14632890912313
1u_s4.0_bs256_lr0.004,iter,3430,0.429533451795578,230.3237919807434,,47.431405147078834
1u_s4.0_bs256_lr0.004,iter,3440,0.4265906810760498,230.65035152435303,,47.39142834192105
1u_s4.0_bs256_lr0.004,iter,3450,0.4319782257080078,230.97607588768005,,47.735289245955855
1u_s4.0_bs256_lr0.004,iter,3460,0.4111693501472473,231.3007640838623,,48.32714588539409
1u_s4.0_bs256_lr0.004,iter,3470,0.41903480887413025,231.62829971313477,,48.62318052580571
1u_s4.0_bs256_lr0.004,iter,3480,0.4131847023963928,231.95560359954834,,48.28529275507648
1u_s4.0_bs256_lr0.004,iter,3490,0.4167783260345459,232.42408227920532,,47.84778579971976
1u_s4.0_bs256_lr0.004,iter,3500,0.41473016142845154,241.05988240242004,,43.08091130403259
1u_s4.0_bs256_lr0.004,iter,3510,0.41609710454940796,241.38520789146423,,43.77625069373023
1u_s4.0_bs256_lr0.004,iter,3520,0.4163511395454407,241.71303153038025,,44.40538206753516
1u_s4.0_bs256_lr0.004,iter,3530,0.4156142473220825,242.03879189491272,,44.6228027005701
1u_s4.0_bs256_lr0.004,iter,3540,0.4139827489852905,242.36479258537292,,44.90473125754539
1u_s4.0_bs256_lr0.004,iter,3550,0.4060990512371063,242.6914346218109,,45.29031015397732
1u_s4.0_bs256_lr0.004,iter,3560,0.4091891646385193,243.015798330307,,45.269948947997996
1u_s4.0_bs256_lr0.004,iter,3570,0.40486231446266174,243.3435308933258,,45.808330495569066
1u_s4.0_bs256_lr0.004,iter,3580,0.40104249119758606,243.67070078849792,,46.24381543810466
1u_s4.0_bs256_lr0.004,iter,3590,0.4098305106163025,243.9972369670868,,46.468820154733464
1u_s4.0_bs256_lr0.004,iter,3600,0.4043780565261841,244.3295292854309,,44.51473030743951
1u_s4.0_bs256_lr0.004,iter,3610,0.40497010946273804,244.65490531921387,,45.54393188406785
1u_s4.0_bs256_lr0.004,iter,3620,0.4059183597564697,244.98052167892456,,45.807234261920534
1u_s4.0_bs256_lr0.004,iter,3630,0.3984573185443878,245.30666828155518,,46.12065680682925
1u_s4.0_bs256_lr0.004,iter,3640,0.3938092589378357,245.63351202011108,,46.31976121183675
1u_s4.0_bs256_lr0.004,iter,3650,0.3922499418258667,246.03184747695923,,47.383212866032544
1u_s4.0_bs256_lr0.004,iter,3660,0.3905094265937805,246.35999727249146,,47.66572177197567
1u_s4.0_bs256_lr0.004,iter,3670,0.4028344750404358,246.68691682815552,,47.54640900041085
1u_s4.0_bs256_lr0.004,iter,3680,0.39207473397254944,247.01528000831604,,48.773746625870714
1u_s4.0_bs256_lr0.004,iter,3690,0.3882157802581787,247.34029459953308,,49.41142317200428
1u_s4.0_bs256_lr0.004,iter,3700,0.3920576870441437,247.67043232917786,,46.531959294013056
1u_s4.0_bs256_lr0.004,iter,3710,0.3897257149219513,247.99493503570557,,47.37558155634951
1u_s4.0_bs256_lr0.004,iter,3720,0.3898502588272095,248.32065725326538,,47.77676402809445
1u_s4.0_bs256_lr0.004,iter,3730,0.3838202655315399,248.64542269706726,,48.184243014110535
1u_s4.0_bs256_lr0.004,iter,3740,0.3878198266029358,248.96921515464783,,49.03454642678272
1u_s4.0_bs256_lr0.004,iter,3750,0.38328489661216736,257.6605293750763,,44.14872567919475
1u_s4.0_bs256_lr0.004,iter,3760,0.3867882788181305,257.9858868122101,,44.65477336351296
1u_s4.0_bs256_lr0.004,iter,3770,0.3845696449279785,258.31225872039795,,45.42451660234153
1u_s4.0_bs256_lr0.004,iter,3780,0.37674954533576965,258.63847279548645,,46.087772528558716
1u_s4.0_bs256_lr0.004,iter,3790,0.37990179657936096,258.96529388427734,,46.52202056319953
1u_s4.0_bs256_lr0.004,iter,3800,0.3884941339492798,259.4008674621582,,44.60379221388302
1u_s4.0_bs256_lr0.004,iter,3810,0.38798636198043823,259.7265570163727,,44.808845534506744
1u_s4.0_bs256_lr0.004,iter,3820,0.380339115858078,260.05351758003235,,45.060963439810116
1u_s4.0_bs256_lr0.004,iter,3830,0.3745025098323822,260.3798785209656,,45.50654017637063
1u_s4.0_bs256_lr0.004,iter,3840,0.3720438480377197,260.7058243751526,,45.891336037269625
1u_s4.0_bs256_lr0.004,iter,3850,0.3741075396537781,261.0307466983795,,46.64256300660612
1u_s4.0_bs256_lr0.004,iter,3860,0.3693006932735443,261.3546280860901,,47.48068867472215
1u_s4.0_bs256_lr0.004,iter,3870,0.3748049736022949,261.68025398254395,,48.07375602518586
1u_s4.0_bs256_lr0.004,iter,3880,0.3744752109050751,262.0048768520355,,48.753260275257105
1u_s4.0_bs256_lr0.004,iter,3890,0.3758736550807953,262.33077692985535,,49.423266969883386
1u_s4.0_bs256_lr0.004,iter,3900,0.36156538128852844,262.65995955467224,,46.21441029775233
1u_s4.0_bs256_lr0.004,iter,3910,0.36037105321884155,262.98280811309814,,46.790756235771696
1u_s4.0_bs256_lr0.004,iter,3920,0.3662005364894867,263.30690264701843,,46.91612132325983
1u_s4.0_bs256_lr0.004,iter,3930,0.36307594180107117,263.632123708725,,46.93781414931294
1u_s4.0_bs256_lr0.004,iter,3940,0.3735429048538208,263.96011662483215,,47.24310218194094
1u_s4.0_bs256_lr0.004,iter,3950,0.3700571358203888,264.28640151023865,,48.038517811269145
1u_s4.0_bs256_lr0.004,iter,3960,0.36215904355049133,264.61032700538635,,47.95794194123517
1u_s4.0_bs256_lr0.004,iter,3970,0.3601943552494049,264.9389715194702,,48.97130837159619
1u_s4.0_bs256_lr0.004,iter,3980,0.36726894974708557,265.2635598182678,,48.74455936091075
1u_s4.0_bs256_lr0.004,iter,3990,0.36447054147720337,265.5896396636963,,48.81601778936787
1u_s4.0_bs256_lr0.004,iter,4000,0.35754209756851196,274.27702808380127,,43.952097913157004
1u_s4.0_bs256_lr0.004,iter,4010,0.35994377732276917,274.6027331352234,,44.66656404432903
1u_s4.0_bs256_lr0.004,iter,4020,0.3557118773460388,274.92889308929443,,45.51226853184487
1u_s4.0_bs256_lr0.004,iter,4030,0.3572383522987366,275.2534725666046,,45.46964645559176
1u_s4.0_bs256_lr0.004,iter,4040,0.35813307762145996,275.5847280025482,,45.60664073475257
1u_s4.0_bs256_lr0.004,iter,4050,0.35299697518348694,275.91039419174194,,46.24973431730488
1u_s4.0_bs256_lr0.004,iter,4060,0.35040152072906494,276.2351222038269,,47.23664815354383
1u_s4.0_bs256_lr0.004,iter,4070,0.35258615016937256,276.5592620372772,,47.768139479820135
1u_s4.0_bs256_lr0.004,iter,4080,0.3460499346256256,276.88039112091064,,48.438618955482326
1u_s4.0_bs256_lr0.004,iter,4090,0.3507545292377472,277.2098159790039,,48.11581717668908
1u_s4.0_bs256_lr0.004,iter,4100,0.3423650860786438,277.55277132987976,,47.26735690747163
1u_s4.0_bs256_lr0.004,iter,4110,0.3474104404449463,277.8823916912079,,47.16560183198323
1u_s4.0_bs256_lr0.004,iter,4120,0.34851527214050293,278.2119565010071,,47.50205352854992
1u_s4.0_bs256_lr0.004,iter,4130,0.34710097312927246,278.54912281036377,,47.479589038455295
1u_s4.0_bs256_lr0.004,iter,4140,0.3430391550064087,278.87601947784424,,48.05725077202726
1u_s4.0_bs256_lr0.004,iter,4150,0.3473215699195862,279.20243787765503,,48.60043077169684
1u_s4.0_bs256_lr0.004,iter,4160,0.3550087511539459,279.52929043769836,,48.990689025367814
1u_s4.0_bs256_lr0.004,iter,4170,0.3450416028499603,279.8543417453766,,49.414792011392336
1u_s4.0_bs256_lr0.004,iter,4180,0.34867948293685913,280.18089485168457,,50.05723011568758
1u_s4.0_bs256_lr0.004,iter,4190,0.3456161618232727,280.50655913352966,,50.32595009354331
1u_s4.0_bs256_lr0.004,iter,4200,0.3400731086730957,280.83888244628906,,47.813861274047945
1u_s4.0_bs256_lr0.004,iter,4210,0.34434112906455994,281.16394543647766,,48.006605330476376
1u_s4.0_bs256_lr0.004,iter,4220,0.3391195833683014,281.48985743522644,,49.07333442242901
1u_s4.0_bs256_lr0.004,iter,4230,0.34136247634887695,281.81487345695496,,49.575913143467986
1u_s4.0_bs256_lr0.004,iter,4240,0.3429446220397949,282.14236998558044,,50.0943876808453
1u_s4.0_bs256_lr0.004,iter,4250,0.33543306589126587,290.66395258903503,,45.102987216909604
1u_s4.0_bs256_lr0.004,iter,4260,0.33626028895378113,290.98902559280396,,45.389056684297415
1u_s4.0_bs256_lr0.004,iter,4270,0.33672142028808594,291.3196630477905,,45.13505300057293
1u_s4.0_bs256_lr0.004,iter,4280,0.33885428309440613,291.66277956962585,,44.96996305149693
1u_s4.0_bs256_lr0.004,iter,4290,0.34000760316848755,291.9927177429199,,45.50219831196832
1u_s4.0_bs256_lr0.004,iter,4300,0.3382726013660431,292.3241355419159,,43.71306032834777
1u_s4.0_bs256_lr0.004,iter,4310,0.33261963725090027,292.6476023197174,,44.55727700660071
1u_s4.0_bs256_lr0.004,iter,4320,0.3343942165374756,292.9728493690491,,45.67208224629784
1u_s4.0_bs256_lr0.004,iter,4330,0.337907075881958,293.2986023426056,,46.397849525766134
1u_s4.0_bs256_lr0.004,iter,4340,0.33333760499954224,293.6242916584015,,47.08840767291009
1u_s4.0_bs256_lr0.004,iter,4350,0.3297020494937897,293.9492015838623,,47.58380107639559
1u_s4.0_bs256_lr0.004,iter,4360,0.32576504349708557,294.27530121803284,,48.11481381393483
1u_s4.0_bs256_lr0.004,iter,4370,0.3352970480918884,294.59993290901184,,49.3287835497575
1u_s4.0_bs256_lr0.004,iter,4380,0.33896157145500183,294.9261860847473,,49.09059238089597
1u_s4.0_bs256_lr0.004,iter,4390,0.3271966576576233,295.24931263923645,,48.86394842955609
1u_s4.0_bs256_lr0.004,iter,4400,0.3355907201766968,295.58014273643494,,45.67579120827081
1u_s4.0_bs256_lr0.004,iter,4410,0.3309575617313385,295.907039642334,,45.84232563011966
1u_s4.0_bs256_lr0.004,iter,4420,0.3345997929573059,296.2312262058258,,45.96671202006002
1u_s4.0_bs256_lr0.004,iter,4430,0.32734543085098267,296.55789279937744,,46.03672711539601
1u_s4.0_bs256_lr0.004,iter,4440,0.3320986032485962,296.88303232192993,,46.07786230444952
1u_s4.0_bs256_lr0.004,iter,4450,0.32889291644096375,297.20927476882935,,46.15136935385637
1u_s4.0_bs256_lr0.004,iter,4460,0.32930588722229004,297.53378343582153,,46.585041038553655
1u_s4.0_bs256_lr0.004,iter,4470,0.3270629346370697,297.8630609512329,,47.21610879763184
1u_s4.0_bs256_lr0.004,iter,4480,0.3224921226501465,298.1894745826721,,47.062701277492536
1u_s4.0_bs256_lr0.004,iter,4490,0.32416099309921265,298.5155050754547,,47.09470692900724
1u_s4.0_bs256_lr0.004,iter,4500,0.3194636106491089,307.09453320503235,,42.403208385015006
1u_s4.0_bs256_lr0.004,iter,4510,0.33013302087783813,307.41941261291504,,43.31840981077647
1u_s4.0_bs256_lr0.004,iter,4520,0.33341920375823975,307.74483156204224,,44.07114353986644
1u_s4.0_bs256_lr0.004,iter,4530,0.32622236013412476,308.0696289539337,,44.6439046788781
1u_s4.0_bs256_lr0.004,iter,4540,0.3235490024089813,308.3986601829529,,45.2070470808185
1u_s4.0_bs256_lr0.004,iter,4550,0.31873586773872375,308.7245829105377,,45.574862580774685
1u_s4.0_bs256_lr0.004,iter,4560,0.3289642930030823,309.0479996204376,,46.07357591316427
1u_s4.0_bs256_lr0.004,iter,4570,0.3219546377658844,309.37497544288635,,46.33399349365249
1u_s4.0_bs256_lr0.004,iter,4580,0.3177500367164612,309.70008397102356,,46.41155493465768
1u_s4.0_bs256_lr0.004,iter,4590,0.3251902461051941,310.02816939353943,,46.605159348113744
1u_s4.0_bs256_lr0.004,iter,4600,0.31883758306503296,310.36492395401,,45.3548847958427
1u_s4.0_bs256_lr0.004,iter,4610,0.32191386818885803,310.6922929286957,,45.45102438172582
1u_s4.0_bs256_lr0.004,iter,4620,0.31850355863571167,311.0275168418884,,45.60216087086285
1u_s4.0_bs256_lr0.004,iter,4630,0.3175143301486969,311.35796546936035,,45.911008990550464
1u_s4.0_bs256_lr0.004,iter,4640,0.32202357053756714,311.6869583129883,,46.06703494631218
1u_s4.0_bs256_lr0.004,iter,4650,0.32156747579574585,312.01876997947693,,46.22805816449662
1u_s4.0_bs256_lr0.004,iter,4660,0.3190368115901947,312.3455708026886,,46.29934027239392
1u_s4.0_bs256_lr0.004,iter,4670,0.3192768096923828,312.67720007896423,,47.128877813018434
1u_s4.0_bs256_lr0.004,iter,4680,0.3191305696964264,313.0024838447571,,47.63612905896738
1u_s4.0_bs256_lr0.004,iter,4690,0.32465824484825134,313.32853388786316,,48.8371441955903
1u_s4.0_bs256_lr0.004,iter,4700,0.31580471992492676,313.6588544845581,,46.329058701054656
1u_s4.0_bs256_lr0.004,iter,4710,0.31458595395088196,313.98371028900146,,47.21544009447046
1u_s4.0_bs256_lr0.004,iter,4720,0.3198784589767456,314.31047439575195,,47.56354454152088
1u_s4.0_bs256_lr0.004,iter,4730,0.3202727437019348,314.6350862979889,,48.066634744830495
1u_s4.0_bs256_lr0.004,iter,4740,0.3176249861717224,314.9603199958801,,47.99308123055798
1u_s4.0_bs256_lr0.004,iter,4750,0.32266172766685486,323.5927622318268,,43.2116142383213
1u_s4.0_bs256_lr0.004,iter,4760,0.3128395974636078,323.9161467552185,,43.75720482698014
1u_s4.0_bs256_lr0.004,iter,4770,0.3142821788787842,324.24408197402954,,44.687983196370475
1u_s4.0_bs256_lr0.004,iter,4780,0.3149312138557434,324.5698010921478,,45.54258340669467
1u_s4.0_bs256_lr0.004,iter,4790,0.3176250755786896,324.89171957969666,,46.02752923311124
1u_s4.0_bs256_lr0.004,iter,4800,0.3157350420951843,325.22355103492737,,43.80086572601777
1u_s4.0_bs256_lr0.004,iter,4810,0.31524837017059326,325.54889822006226,,44.552264770552675
1u_s4.0_bs256_lr0.004,iter,4820,0.31639528274536133,325.8735258579254,,45.6580077894414
1u_s4.0_bs256_lr0.004,iter,4830,0.3127293586730957,326.19853115081787,,46.3964096709577
1u_s4.0_bs256_lr0.004,iter,4840,0.3157723844051361,326.523389339447,,46.99782662393744
1u_s4.0_bs256_lr0.004,iter,4850,0.31600090861320496,326.84842109680176,,47.58958581983854
1u_s4.0_bs256_lr0.004,iter,4860,0.31098902225494385,327.17383646965027,,48.19721031950501
1u_s4.0_bs256_lr0.004,iter,4870,0.31331491470336914,327.4988634586334,,48.78613772605888
1u_s4.0_bs256_lr0.004,iter,4880,0.30679577589035034,327.8247218132019,,49.37841421130306
1u_s4.0_bs256_lr0.004,iter,4890,0.3175487220287323,328.15055871009827,,49.71296955976868
1u_s4.0_bs256_lr0.004,iter,4900,0.3156980872154236,328.4833016395569,,46.902802293167724
1u_s4.0_bs256_lr0.004,iter,4910,0.31767669320106506,328.80740451812744,,47.61075560354188
1u_s4.0_bs256_lr0.004,iter,4920,0.3177085816860199,329.13215589523315,,48.3124433231993
1u_s4.0_bs256_lr0.004,iter,4930,0.3123220205307007,329.4568910598755,,48.79830407073926
1u_s4.0_bs256_lr0.004,iter,4940,0.310693621635437,329.8341462612152,,49.02873434151881
1u_s4.0_bs256_lr0.004,iter,4950,0.3104974925518036,330.1591417789459,,48.83824212718352
1u_s4.0_bs256_lr0.004,iter,4960,0.3098825514316559,330.4829270839691,,48.56415437644654
1u_s4.0_bs256_lr0.004,iter,4970,0.31783396005630493,330.8096218109131,,49.12651373761723
1u_s4.0_bs256_lr0.004,iter,4980,0.31369495391845703,331.13425517082214,,49.52658441977814
1u_s4.0_bs256_lr0.004,iter,4990,0.31131479144096375,331.4612030982971,,50.8014119049077
1u_s4.0_bs256_lr0.004,iter,5000,0.3148622214794159,339.90758442878723,,45.73943258820269
1u_s4.0_bs256_lr0.004,train_step,0,4.287296772003174,8.214309215545654,,
1u_s4.0_bs256_lr0.004,train_step,250,1.6156203746795654,24.84110999107361,,
1u_s4.0_bs256_lr0.004,train_step,500,1.3170807361602783,41.61360955238342,,
1u_s4.0_bs256_lr0.004,train_step,750,1.1375348567962646,58.527583599090576,,
1u_s4.0_bs256_lr0.004,train_step,1000,1.0048540830612183,75.60080170631409,,
1u_s4.0_bs256_lr0.004,train_step,1250,0.8681593537330627,92.69287371635437,,
1u_s4.0_bs256_lr0.004,train_step,1500,0.7364439368247986,108.96517539024353,,
1u_s4.0_bs256_lr0.004,train_step,1750,0.6161662936210632,125.57704567909241,,
1u_s4.0_bs256_lr0.004,train_step,2000,0.500954806804657,142.06082391738892,,
1u_s4.0_bs256_lr0.004,train_step,2250,0.40854620933532715,158.606507062912,,
1u_s4.0_bs256_lr0.004,train_step,2500,0.32982802391052246,175.16406202316284,,
1u_s4.0_bs256_lr0.004,train_step,2750,0.26934951543807983,191.5277156829834,,
1u_s4.0_bs256_lr0.004,train_step,3000,0.22045612335205078,208.05455040931702,,
1u_s4.0_bs256_lr0.004,train_step,3250,0.18782773613929749,224.3949475288391,,
1u_s4.0_bs256_lr0.004,train_step,3500,0.1607085019350052,241.0184724330902,,
1u_s4.0_bs256_lr0.004,train_step,3750,0.1422860473394394,257.61798906326294,,
1u_s4.0_bs256_lr0.004,train_step,4000,0.12805122137069702,274.23379015922546,,
1u_s4.0_bs256_lr0.004,train_step,4250,0.11978359520435333,290.6234631538391,,
1u_s4.0_bs256_lr0.004,train_step,4500,0.11318632960319519,307.0532703399658,,
1u_s4.0_bs256_lr0.004,train_step,4750,0.10990834981203079,323.5510821342468,,
1u_s4.0_bs256_lr0.004,train_step,5000,0.10794296115636826,339.8678994178772,,
1u_s4.0_bs256_lr0.004,val_step,0,4.282150745391846,8.214309215545654,,
1u_s4.0_bs256_lr0.004,val_step,250,1.7915337085723877,24.84110999107361,,
1u_s4.0_bs256_lr0.004,val_step,500,1.5667176246643066,41.61360955238342,,
1u_s4.0_bs256_lr0.004,val_step,750,1.4780738353729248,58.527583599090576,,
1u_s4.0_bs256_lr0.004,val_step,1000,1.483454942703247,75.60080170631409,,
1u_s4.0_bs256_lr0.004,val_step,1250,1.5531857013702393,92.69287371635437,,
1u_s4.0_bs256_lr0.004,val_step,1500,1.6291589736938477,108.96517539024353,,
1u_s4.0_bs256_lr0.004,val_step,1750,1.71588134765625,125.57704567909241,,
1u_s4.0_bs256_lr0.004,val_step,2000,1.8299758434295654,142.06082391738892,,
1u_s4.0_bs256_lr0.004,val_step,2250,1.9496240615844727,158.606507062912,,
1u_s4.0_bs256_lr0.004,val_step,2500,2.0686893463134766,175.16406202316284,,
1u_s4.0_bs256_lr0.004,val_step,2750,2.1716153621673584,191.5277156829834,,
1u_s4.0_bs256_lr0.004,val_step,3000,2.2760534286499023,208.05455040931702,,
1u_s4.0_bs256_lr0.004,val_step,3250,2.361652135848999,224.3949475288391,,
1u_s4.0_bs256_lr0.004,val_step,3500,2.458695650100708,241.0184724330902,,
1u_s4.0_bs256_lr0.004,val_step,3750,2.541893243789673,257.61798906326294,,
1u_s4.0_bs256_lr0.004,val_step,4000,2.6133697032928467,274.23379015922546,,
1u_s4.0_bs256_lr0.004,val_step,4250,2.667954206466675,290.6234631538391,,
1u_s4.0_bs256_lr0.004,val_step,4500,2.7278242111206055,307.0532703399658,,
1u_s4.0_bs256_lr0.004,val_step,4750,2.753324508666992,323.5510821342468,,
1u_s4.0_bs256_lr0.004,val_step,5000,2.7701611518859863,339.8678994178772,,
1u_s8.0_bs512_lr0.008,iter,0,4.267369270324707,14.74772596359253,,
1u_s8.0_bs512_lr0.008,iter,10,3.025695323944092,15.399399995803833,,45.984959728465384
1u_s8.0_bs512_lr0.008,iter,20,2.6514976024627686,16.010766983032227,,46.35176415762295
1u_s8.0_bs512_lr0.008,iter,30,2.550956964492798,16.62971782684326,,46.62992764899874
1u_s8.0_bs512_lr0.008,iter,40,2.5189294815063477,17.24931764602661,,46.83804778548992
1u_s8.0_bs512_lr0.008,iter,50,2.504246234893799,17.86917757987976,,46.98205829730495
1u_s8.0_bs512_lr0.008,iter,60,2.749634265899658,18.49161648750305,,47.1867113227496
1u_s8.0_bs512_lr0.008,iter,70,2.744338035583496,19.11019229888916,,47.341393452177684
1u_s8.0_bs512_lr0.008,iter,80,2.5954267978668213,19.73397946357727,,47.521308507574034
1u_s8.0_bs512_lr0.008,iter,90,2.5348944664001465,20.355263471603394,,47.62641975231708
1u_s8.0_bs512_lr0.008,iter,100,2.5154147148132324,20.982890605926514,,44.743157137310135
1u_s8.0_bs512_lr0.008,iter,110,2.487550973892212,21.604644298553467,,42.19568206733359
1u_s8.0_bs512_lr0.008,iter,120,2.4733808040618896,22.22997498512268,,42.8675792829163
1u_s8.0_bs512_lr0.008,iter,130,2.465714454650879,22.852596521377563,,43.493562792038695
1u_s8.0_bs512_lr0.008,iter,140,2.437260866165161,23.47747278213501,,44.0208290781808
1u_s8.0_bs512_lr0.008,iter,150,2.4702916145324707,24.096229553222656,,44.49099798054531
1u_s8.0_bs512_lr0.008,iter,160,2.451040029525757,24.71202802658081,,44.95475544137611
1u_s8.0_bs512_lr0.008,iter,170,2.430068254470825,25.3395254611969,,45.203308716650895
1u_s8.0_bs512_lr0.008,iter,180,2.3887617588043213,25.968501806259155,,45.437976017738805
1u_s8.0_bs512_lr0.008,iter,190,2.390841007232666,26.590715885162354,,45.758223027500506
1u_s8.0_bs512_lr0.008,iter,200,2.382122039794922,27.218024969100952,,43.04508740728178
1u_s8.0_bs512_lr0.008,iter,210,2.2682576179504395,27.840064764022827,,43.521687218088736
1u_s8.0_bs512_lr0.008,iter,220,2.202857494354248,28.46155595779419,,43.937117949971736
1u_s8.0_bs512_lr0.008,iter,230,2.13993763923645,29.081493616104126,,44.38616210532395
1u_s8.0_bs512_lr0.008,iter,240,2.1042184829711914,29.70529556274414,,44.75353786708937
1u_s8.0_bs512_lr0.008,iter,250,2.057889938354492,46.061057329177856,,40.296945631893095
1u_s8.0_bs512_lr0.008,iter,260,2.0372915267944336,46.801257371902466,,40.93496525132957
1u_s8.0_bs512_lr0.008,iter,270,1.9909982681274414,47.42731690406799,,41.733642293756255
1u_s8.0_bs512_lr0.008,iter,280,1.9545342922210693,48.04848599433899,,42.38682606487882
1u_s8.0_bs512_lr0.008,iter,290,2.0464162826538086,48.669896841049194,,43.04884999830806
1u_s8.0_bs512_lr0.008,iter,300,1.978459358215332,49.29829740524292,,40.621473290496944
1u_s8.0_bs512_lr0.008,iter,310,1.8945173025131226,49.918190717697144,,41.37005177167209
1u_s8.0_bs512_lr0.008,iter,320,1.8726482391357422,50.54302000999451,,42.06939611400611
1u_s8.0_bs512_lr0.008,iter,330,1.8225831985473633,51.166688442230225,,42.74166720577132
1u_s8.0_bs512_lr0.008,iter,340,1.8206136226654053,51.78869009017944,,43.30327014255683
1u_s8.0_bs512_lr0.008,iter,350,1.8353545665740967,52.410422801971436,,43.82877042716189
1u_s8.0_bs512_lr0.008,iter,360,1.775808334350586,53.034655809402466,,44.35620383183449
1u_s8.0_bs512_lr0.008,iter,370,1.778889775276184,53.64945411682129,,44.87433609141785
1u_s8.0_bs512_lr0.008,iter,380,1.733609676361084,54.274694204330444,,45.2796120798415
1u_s8.0_bs512_lr0.008,iter,390,1.7231560945510864,54.900259494781494,,45.42826907435611
1u_s8.0_bs512_lr0.008,iter,400,1.7124292850494385,55.527732372283936,,42.79857618625058
1u_s8.0_bs512_lr0.008,iter,410,1.6760286092758179,56.14891004562378,,43.39602596103095
1u_s8.0_bs512_lr0.008,iter,420,1.6866378784179688,56.76891303062439,,43.9034972874217
1u_s8.0_bs512_lr0.008,iter,430,1.6555246114730835,57.38923001289368,,44.41013044916008
1u_s8.0_bs512_lr0.008,iter,440,1.6355319023132324,58.010061264038086,,44.859817494714925
1u_s8.0_bs512_lr0.008,iter,450,1.6276015043258667,58.62807583808899,,45.30821434703379
1u_s8.0_bs512_lr0.008,iter,460,1.6037989854812622,59.249467611312866,,45.64069966450105
1u_s8.0_bs512_lr0.008,iter,470,1.5949112176895142,59.87412977218628,,45.92703182830766
1u_s8.0_bs512_lr0.008,iter,480,1.567758560180664,60.498560667037964,,46.09664376038737
1u_s8.0_bs512_lr0.008,iter,490,1.5759180784225464,61.116477966308594,,46.3363280281518
1u_s8.0_bs512_lr0.008,iter,500,1.5627479553222656,76.98575758934021,,41.72212271718305
1u_s8.0_bs512_lr0.008,iter,510,1.5389540195465088,77.608895778656,,42.36879436499459
1u_s8.0_bs512_lr0.008,iter,520,1.573198676109314,78.22932553291321,,42.972514776457786
1u_s8.0_bs512_lr0.008,iter,530,1.5242210626602173,78.8503987789154,,43.54527576104609
1u_s8.0_bs512_lr0.008,iter,540,1.5273725986480713,79.46758270263672,,44.02945599545567
1u_s8.0_bs512_lr0.008,iter,550,1.5153554677963257,80.09471988677979,,44.526890410290264
1u_s8.0_bs512_lr0.008,iter,560,1.4967373609542847,80.71806478500366,,44.868068538181305
1u_s8.0_bs512_lr0.008,iter,570,1.4788084030151367,81.34258151054382,,45.22083103145438
1u_s8.0_bs512_lr0.008,iter,580,1.4836680889129639,81.96774554252625,,45.43882003315949
1u_s8.0_bs512_lr0.008,iter,590,1.4443997144699097,82.58999824523926,,45.79556773630781
1u_s8.0_bs512_lr0.008,iter,600,1.4781184196472168,83.21282935142517,,43.145751145923505
1u_s8.0_bs512_lr0.008,iter,610,1.4353585243225098,83.82930016517639,,43.71095801712895
1u_s8.0_bs512_lr0.008,iter,620,1.4134724140167236,84.44911623001099,,44.16330072264767
1u_s8.0_bs512_lr0.008,iter,630,1.4214296340942383,85.07370185852051,,44.54892035995424
1u_s8.0_bs512_lr0.008,iter,640,1.4131909608840942,85.6936821937561,,44.91970079229714
1u_s8.0_bs512_lr0.008,iter,650,1.3859783411026,86.313716173172,,45.328706189043274
1u_s8.0_bs512_lr0.008,iter,660,1.3650163412094116,86.93859195709229,,45.51574157169067
1u_s8.0_bs512_lr0.008,iter,670,1.3472685813903809,87.56236910820007,,45.76478964585694
1u_s8.0_bs512_lr0.008,iter,680,1.3372422456741333,88.18779420852661,,46.03758409355291
1u_s8.0_bs512_lr0.008,iter,690,1.3334689140319824,88.80921578407288,,46.29133196638618
1u_s8.0_bs512_lr0.008,iter,700,1.3223916292190552,89.43365383148193,,43.569478549366295
1u_s8.0_bs512_lr0.008,iter,710,1.3109580278396606,90.06034088134766,,43.94630368821317
1u_s8.0_bs512_lr0.008,iter,720,1.298423409461975,90.69646906852722,,46.721622566331376
1u_s8.0_bs512_lr0.008,iter,730,1.3235328197479248,91.3182373046875,,46.808422051755855
1u_s8.0_bs512_lr0.008,iter,740,1.2956608533859253,91.9430103302002,,46.974822889756524
1u_s8.0_bs512_lr0.008,iter,750,1.2767791748046875,107.92622494697571,,42.29654477587539
1u_s8.0_bs512_lr0.008,iter,760,1.2626912593841553,108.54764819145203,,42.906928000469016
1u_s8.0_bs512_lr0.008,iter,770,1.2485439777374268,109.16651391983032,,43.45370742888266
1u_s8.0_bs512_lr0.008,iter,780,1.2621122598648071,109.78745079040527,,43.99036701534652
1u_s8.0_bs512_lr0.008,iter,790,1.2516818046569824,110.40749740600586,,44.50983082532042
1u_s8.0_bs512_lr0.008,iter,800,1.2449164390563965,111.0332522392273,,41.94248827195564
1u_s8.0_bs512_lr0.008,iter,810,1.2285319566726685,111.65372848510742,,42.592721660447786
1u_s8.0_bs512_lr0.008,iter,820,1.2264128923416138,112.27259111404419,,43.158861227324635
1u_s8.0_bs512_lr0.008,iter,830,1.2148622274398804,112.88879990577698,,43.832628230231904
1u_s8.0_bs512_lr0.008,iter,840,1.2150369882583618,113.50913906097412,,44.35262803198099
1u_s8.0_bs512_lr0.008,iter,850,1.204667568206787,114.1325831413269,,44.779480527062354
1u_s8.0_bs512_lr0.008,iter,860,1.1983113288879395,114.75217986106873,,45.106157806863486
1u_s8.0_bs512_lr0.008,iter,870,1.1822161674499512,115.37625622749329,,45.38388311285114
1u_s8.0_bs512_lr0.008,iter,880,1.1753360033035278,116.00244569778442,,45.764943567802206
1u_s8.0_bs512_lr0.008,iter,890,1.18081796169281,116.62520813941956,,46.07878585275709
1u_s8.0_bs512_lr0.008,iter,900,1.1592848300933838,117.25550031661987,,43.32500632172902
1u_s8.0_bs512_lr0.008,iter,910,1.1490273475646973,117.87141537666321,,43.88119792292238
1u_s8.0_bs512_lr0.008,iter,920,1.1441600322723389,118.48968696594238,,44.45652569828087
1u_s8.0_bs512_lr0.008,iter,930,1.143205165863037,119.1120822429657,,44.87976668845954
1u_s8.0_bs512_lr0.008,iter,940,1.1496703624725342,119.75261878967285,,42.113292964053514
1u_s8.0_bs512_lr0.008,iter,950,1.1231637001037598,120.37224984169006,,42.764911030962274
1u_s8.0_bs512_lr0.008,iter,960,1.1058142185211182,120.99367475509644,,43.32020912799843
1u_s8.0_bs512_lr0.008,iter,970,1.118476390838623,121.61571073532104,,43.75411575156885
1u_s8.0_bs512_lr0.008,iter,980,1.1200746297836304,122.23955273628235,,44.19549030577363
1u_s8.0_bs512_lr0.008,iter,990,1.1029664278030396,122.86583137512207,,44.60166961907554
1u_s8.0_bs512_lr0.008,iter,1000,1.1022282838821411,138.54422402381897,,40.16110183681859
1u_s8.0_bs512_lr0.008,iter,1010,1.0905358791351318,139.16485285758972,,41.05135205562717
1u_s8.0_bs512_lr0.008,iter,1020,1.0950325727462769,139.78556108474731,,41.80636658060471
1u_s8.0_bs512_lr0.008,iter,1030,1.0846420526504517,140.4074821472168,,42.45447746834412
1u_s8.0_bs512_lr0.008,iter,1040,1.0661028623580933,141.02600860595703,,43.130569810189314
1u_s8.0_bs512_lr0.008,iter,1050,1.0876646041870117,141.64594531059265,,43.6635534927508
1u_s8.0_bs512_lr0.008,iter,1060,1.0676472187042236,142.26539158821106,,44.13948521254041
1u_s8.0_bs512_lr0.008,iter,1070,1.0538957118988037,142.88841605186462,,44.60366232588284
1u_s8.0_bs512_lr0.008,iter,1080,1.0443072319030762,143.5068142414093,,45.07059649773926
1u_s8.0_bs512_lr0.008,iter,1090,1.057012915611267,144.23715162277222,,45.33612266411493
1u_s8.0_bs512_lr0.008,iter,1100,1.0464222431182861,144.86400771141052,,42.68164402059398
1u_s8.0_bs512_lr0.008,iter,1110,1.0399671792984009,145.4852283000946,,43.30923532956664
1u_s8.0_bs512_lr0.008,iter,1120,1.0360350608825684,146.10677671432495,,43.87487277476924
1u_s8.0_bs512_lr0.008,iter,1130,1.0325020551681519,146.729079246521,,44.39497840204266
1u_s8.0_bs512_lr0.008,iter,1140,1.0207220315933228,147.3480339050293,,44.87247236052513
1u_s8.0_bs512_lr0.008,iter,1150,1.016295075416565,147.96837162971497,,45.2705936790012
1u_s8.0_bs512_lr0.008,iter,1160,1.0094640254974365,148.58596777915955,,45.644625054423784
1u_s8.0_bs512_lr0.008,iter,1170,1.001552939414978,149.20568418502808,,45.9517309499892
1u_s8.0_bs512_lr0.008,iter,1180,1.0081783533096313,149.82937622070312,,46.243759604278125
1u_s8.0_bs512_lr0.008,iter,1190,0.9973382353782654,150.45054149627686,,46.493249820118876
1u_s8.0_bs512_lr0.008,iter,1200,0.9854695200920105,151.07585406303406,,43.72725610210269
1u_s8.0_bs512_lr0.008,iter,1210,0.9904887080192566,151.69447875022888,,44.10124284019393
1u_s8.0_bs512_lr0.008,iter,1220,0.9773110747337341,152.31085920333862,,44.602451269641755
1u_s8.0_bs512_lr0.008,iter,1230,0.980146586894989,152.92585706710815,,45.134907704913005
1u_s8.0_bs512_lr0.008,iter,1240,0.954096794128418,153.54668831825256,,45.514547780832245
1u_s8.0_bs512_lr0.008,iter,1250,0.9699997901916504,169.4797203540802,,40.98236609993043
1u_s8.0_bs512_lr0.008,iter,1260,0.9636296629905701,170.09934902191162,,41.661219259354404
1u_s8.0_bs512_lr0.008,iter,1270,0.9497822523117065,170.7218301296234,,42.35205640364076
1u_s8.0_bs512_lr0.008,iter,1280,0.9452625513076782,171.34415745735168,,42.934175089327
1u_s8.0_bs512_lr0.008,iter,1290,0.9422934651374817,171.96459889411926,,43.501984396395166
1u_s8.0_bs512_lr0.008,iter,1300,0.931855320930481,172.59116768836975,,41.013837386268165
1u_s8.0_bs512_lr0.008,iter,1310,0.9397692084312439,173.21140480041504,,41.74846645606801
1u_s8.0_bs512_lr0.008,iter,1320,0.9203956127166748,173.83793592453003,,44.79099981316881
1u_s8.0_bs512_lr0.008,iter,1330,0.9137458801269531,174.46334147453308,,45.27239361110271
1u_s8.0_bs512_lr0.008,iter,1340,0.9130895733833313,175.0856363773346,,45.61486323029676
1u_s8.0_bs512_lr0.008,iter,1350,0.9080536961555481,175.70520639419556,,45.95456371085406
1u_s8.0_bs512_lr0.008,iter,1360,0.9126939177513123,176.3254795074463,,46.267586488065476
1u_s8.0_bs512_lr0.008,iter,1370,0.9032789468765259,176.94419240951538,,46.61385011087239
1u_s8.0_bs512_lr0.008,iter,1380,0.891499400138855,177.56768107414246,,46.83491484099919
1u_s8.0_bs512_lr0.008,iter,1390,0.8851303458213806,178.19358611106873,,46.93833451342621
1u_s8.0_bs512_lr0.008,iter,1400,0.8891274333000183,178.8208944797516,,44.1169707013713
1u_s8.0_bs512_lr0.008,iter,1410,0.8748745322227478,179.4443004131317,,44.54433725662722
1u_s8.0_bs512_lr0.008,iter,1420,0.8688303232192993,180.06706881523132,,44.985314208587795
1u_s8.0_bs512_lr0.008,iter,1430,0.8708504438400269,180.69128441810608,,45.41173476992906
1u_s8.0_bs512_lr0.008,iter,1440,0.8689918518066406,181.31472253799438,,45.599321346675495
1u_s8.0_bs512_lr0.008,iter,1450,0.8560049533843994,181.9386749267578,,45.67029678598757
1u_s8.0_bs512_lr0.008,iter,1460,0.8592322468757629,182.58338904380798,,47.80684193798719
1u_s8.0_bs512_lr0.008,iter,1470,0.8619129657745361,183.2075891494751,,47.77177109962084
1u_s8.0_bs512_lr0.008,iter,1480,0.841764509677887,183.8247630596161,,47.94131063659259
1u_s8.0_bs512_lr0.008,iter,1490,0.8442044258117676,184.44912242889404,,48.01994406584256
1u_s8.0_bs512_lr0.008,iter,1500,0.8414111733436584,199.93417024612427,,43.237796940632265
1u_s8.0_bs512_lr0.008,iter,1510,0.839299738407135,200.55006170272827,,43.76084690446603
1u_s8.0_bs512_lr0.008,iter,1520,0.8280496597290039,201.1700472831726,,44.25824844320637
1u_s8.0_bs512_lr0.008,iter,1530,0.8116203546524048,201.78750920295715,,44.767639704642505
1u_s8.0_bs512_lr0.008,iter,1540,0.8182868361473083,202.4088020324707,,45.16339336638115
1u_s8.0_bs512_lr0.008,iter,1550,0.7990354299545288,203.02438712120056,,45.6307803512077
1u_s8.0_bs512_lr0.008,iter,1560,0.8145228624343872,203.64491271972656,,45.998578170505475
1u_s8.0_bs512_lr0.008,iter,1570,0.808828592300415,204.26892495155334,,46.294610257281185
1u_s8.0_bs512_lr0.008,iter,1580,0.7966044545173645,204.88540267944336,,46.533379278934454
1u_s8.0_bs512_lr0.008,iter,1590,0.7936924695968628,205.5043818950653,,46.829421091953506
1u_s8.0_bs512_lr0.008,iter,1600,0.7970895767211914,206.13114523887634,,44.03857981602322
1u_s8.0_bs512_lr0.008,iter,1610,0.793908417224884,206.75186967849731,,44.47380418836242
1u_s8.0_bs512_lr0.008,iter,1620,0.7798224687576294,207.3759880065918,,44.7562213459462
1u_s8.0_bs512_lr0.008,iter,1630,0.7791000008583069,208.0000762939453,,45.07397016448835
1u_s8.0_bs512_lr0.008,iter,1640,0.7766516804695129,208.62314176559448,,45.410548614799126
1u_s8.0_bs512_lr0.008,iter,1650,0.770187497138977,209.24897480010986,,45.760251235370994
1u_s8.0_bs512_lr0.008,iter,1660,0.7618094682693481,209.8719825744629,,46.001977369059865
1u_s8.0_bs512_lr0.008,iter,1670,0.7570087909698486,210.4893217086792,,46.33234437190211
1u_s8.0_bs512_lr0.008,iter,1680,0.764976441860199,211.1153335571289,,46.519517288899024
1u_s8.0_bs512_lr0.008,iter,1690,0.7538450360298157,211.74963283538818,,47.54154114327767
1u_s8.0_bs512_lr0.008,iter,1700,0.7507599592208862,212.3925793170929,,44.62049251797027
1u_s8.0_bs512_lr0.008,iter,1710,0.749947190284729,213.01291823387146,,44.97652869623839
1u_s8.0_bs512_lr0.008,iter,1720,0.736118733882904,213.63991498947144,,45.30421306887785
1u_s8.0_bs512_lr0.008,iter,1730,0.7298372983932495,214.26407718658447,,45.6027631026708
1u_s8.0_bs512_lr0.008,iter,1740,0.7276977896690369,214.88363242149353,,46.008595778895575
1u_s8.0_bs512_lr0.008,iter,1750,0.7318249940872192,230.76476526260376,,41.42707293646589
1u_s8.0_bs512_lr0.008,iter,1760,0.7182307839393616,231.38241863250732,,42.23221767044528
1u_s8.0_bs512_lr0.008,iter,1770,0.7127735018730164,232.00285959243774,,42.88980653512599
1u_s8.0_bs512_lr0.008,iter,1780,0.7218658924102783,232.63045954704285,,43.55644376776241
1u_s8.0_bs512_lr0.008,iter,1790,0.7129691243171692,233.25010871887207,,44.002380282966705
1u_s8.0_bs512_lr0.008,iter,1800,0.7027314305305481,233.8673505783081,,41.50082863562763
1u_s8.0_bs512_lr0.008,iter,1810,0.702214777469635,234.4884090423584,,42.21977205630123
1u_s8.0_bs512_lr0.008,iter,1820,0.6866719722747803,235.10546922683716,,42.869951731446776
1u_s8.0_bs512_lr0.008,iter,1830,0.7006140947341919,235.72677516937256,,43.52214981556109
1u_s8.0_bs512_lr0.008,iter,1840,0.7008169889450073,236.40414476394653,,43.94806518474179
1u_s8.0_bs512_lr0.008,iter,1850,0.6905573606491089,237.023588180542,,44.39736550219888
1u_s8.0_bs512_lr0.008,iter,1860,0.681898295879364,237.64494943618774,,44.883589899135096
1u_s8.0_bs512_lr0.008,iter,1870,0.671884298324585,238.2623529434204,,45.25124680001247
1u_s8.0_bs512_lr0.008,iter,1880,0.6726605296134949,238.88321447372437,,45.56019040431011
1u_s8.0_bs512_lr0.008,iter,1890,0.6780989766120911,239.50904273986816,,45.85169630108685
1u_s8.0_bs512_lr0.008,iter,1900,0.6719450950622559,240.13428473472595,,43.14873805370484
1u_s8.0_bs512_lr0.008,iter,1910,0.6698778867721558,240.75852251052856,,43.612104160318786
1u_s8.0_bs512_lr0.008,iter,1920,0.6683534979820251,241.37785410881042,,43.95816542247049
1u_s8.0_bs512_lr0.008,iter,1930,0.6554209589958191,242.00189661979675,,44.40861494453861
1u_s8.0_bs512_lr0.008,iter,1940,0.656752347946167,242.625834941864,,44.82209138751095
1u_s8.0_bs512_lr0.008,iter,1950,0.6470562815666199,243.2483139038086,,45.213463459163506
1u_s8.0_bs512_lr0.008,iter,1960,0.6491581201553345,243.8739948272705,,45.46206286231651
1u_s8.0_bs512_lr0.008,iter,1970,0.6516994833946228,244.49793076515198,,45.72671195817784
1u_s8.0_bs512_lr0.008,iter,1980,0.6459788680076599,245.1220338344574,,45.91929622778472
1u_s8.0_bs512_lr0.008,iter,1990,0.6377197504043579,245.74270844459534,,46.26755515192833
1u_s8.0_bs512_lr0.008,iter,2000,0.6387135982513428,261.3632740974426,,41.66047388087178
1u_s8.0_bs512_lr0.008,iter,2010,0.6316036581993103,261.9824335575104,,42.39100664719943
1u_s8.0_bs512_lr0.008,iter,2020,0.6291165947914124,262.60434651374817,,42.99342428275967
1u_s8.0_bs512_lr0.008,iter,2030,0.6316028237342834,263.22899317741394,,43.572321684097076
1u_s8.0_bs512_lr0.008,iter,2040,0.6229074001312256,263.8562185764313,,44.0062746672767
1u_s8.0_bs512_lr0.008,iter,2050,0.6167494058609009,264.4823474884033,,44.48371573964193
1u_s8.0_bs512_lr0.008,iter,2060,0.6140008568763733,265.1032888889313,,44.8938319643661
1u_s8.0_bs512_lr0.008,iter,2070,0.6082130074501038,265.749995470047,,45.34623842572449
1u_s8.0_bs512_lr0.008,iter,2080,0.609690248966217,266.3768792152405,,45.55717390288384
1u_s8.0_bs512_lr0.008,iter,2090,0.6046175360679626,267.00189566612244,,45.75240744783574
1u_s8.0_bs512_lr0.008,iter,2100,0.6032022833824158,267.6299657821655,,43.077457540243216
1u_s8.0_bs512_lr0.008,iter,2110,0.5965067148208618,268.24296522140503,,43.79898381096892
1u_s8.0_bs512_lr0.008,iter,2120,0.5967523455619812,268.86583185195923,,44.331402235275995
1u_s8.0_bs512_lr0.008,iter,2130,0.584172785282135,269.4921169281006,,44.639160883810945
1u_s8.0_bs512_lr0.008,iter,2140,0.5962793231010437,270.1132550239563,,44.99349732929957
1u_s8.0_bs512_lr0.008,iter,2150,0.5875122547149658,270.73981070518494,,45.45990156212277
1u_s8.0_bs512_lr0.008,iter,2160,0.5900987982749939,271.3645601272583,,45.78920291152172
1u_s8.0_bs512_lr0.008,iter,2170,0.5724818110466003,271.985387802124,,46.0962811804562
1u_s8.0_bs512_lr0.008,iter,2180,0.5750271677970886,272.61260533332825,,46.2867776786096
1u_s8.0_bs512_lr0.008,iter,2190,0.574724555015564,273.2412602901459,,46.398585363156975
1u_s8.0_bs512_lr0.008,iter,2200,0.572987973690033,273.87040162086487,,43.652180108315825
1u_s8.0_bs512_lr0.008,iter,2210,0.5643947720527649,274.4892921447754,,44.17355262900669
1u_s8.0_bs512_lr0.008,iter,2220,0.5700005888938904,275.2151827812195,,44.52405134483938
1u_s8.0_bs512_lr0.008,iter,2230,0.562545657157898,275.8399477005005,,44.88440895720313
1u_s8.0_bs512_lr0.008,iter,2240,0.554572582244873,276.4622657299042,,45.12356591505164
1u_s8.0_bs512_lr0.008,iter,2250,0.5539960265159607,291.95103788375854,,40.63105288107806
1u_s8.0_bs512_lr0.008,iter,2260,0.5535248517990112,292.571439743042,,41.301989437070695
1u_s8.0_bs512_lr0.008,iter,2270,0.5522171258926392,293.19234561920166,,41.94970173667741
1u_s8.0_bs512_lr0.008,iter,2280,0.548758327960968,293.817001581192,,42.59527519051811
1u_s8.0_bs512_lr0.008,iter,2290,0.5473537445068359,294.44306111335754,,43.148936541304714
1u_s8.0_bs512_lr0.008,iter,2300,0.5413511991500854,295.07227897644043,,40.694899883901535
1u_s8.0_bs512_lr0.008,iter,2310,0.5347050428390503,295.69840574264526,,41.35347256058878
1u_s8.0_bs512_lr0.008,iter,2320,0.5483977794647217,296.32153487205505,,42.10924629787598
1u_s8.0_bs512_lr0.008,iter,2330,0.5408739447593689,296.94325137138367,,42.72466472832922
1u_s8.0_bs512_lr0.008,iter,2340,0.5323686003684998,297.5705785751343,,43.281150945811326
1u_s8.0_bs512_lr0.008,iter,2350,0.5274211168289185,298.1888072490692,,43.8233518332226
1u_s8.0_bs512_lr0.008,iter,2360,0.5308437347412109,298.8147416114807,,44.28311619187284
1u_s8.0_bs512_lr0.008,iter,2370,0.5209784507751465,299.4415473937988,,44.74818437296521
1u_s8.0_bs512_lr0.008,iter,2380,0.5240811705589294,300.06291460990906,,45.16879578053883
1u_s8.0_bs512_lr0.008,iter,2390,0.5248525738716125,300.68153166770935,,45.58129517762769
1u_s8.0_bs512_lr0.008,iter,2400,0.5144506096839905,301.3155722618103,,42.87749569658477
1u_s8.0_bs512_lr0.008,iter,2410,0.5150550603866577,301.93996572494507,,43.43178941360342
1u_s8.0_bs512_lr0.008,iter,2420,0.5101081728935242,302.56251788139343,,43.91037486552615
1u_s8.0_bs512_lr0.008,iter,2430,0.5103691220283508,303.1869490146637,,44.38340091292409
1u_s8.0_bs512_lr0.008,iter,2440,0.5060819387435913,303.81179571151733,,44.815262979281236
1u_s8.0_bs512_lr0.008,iter,2450,0.5082074999809265,304.43807005882263,,45.09106875981416
1u_s8.0_bs512_lr0.008,iter,2460,0.509284257888794,305.12016439437866,,45.52060887806214
1u_s8.0_bs512_lr0.008,iter,2470,0.49777287244796753,305.74723744392395,,45.76572589173176
1u_s8.0_bs512_lr0.008,iter,2480,0.4958905279636383,306.3732478618622,,45.96545837190843
1u_s8.0_bs512_lr0.008,iter,2490,0.49578696489334106,306.9961025714874,,46.1437948523884
1u_s8.0_bs512_lr0.008,iter,2500,0.5004816651344299,322.59536719322205,,41.54911112970214
1u_s8.0_bs512_lr0.008,iter,2510,0.49669793248176575,323.21682596206665,,42.19476695240167
1u_s8.0_bs512_lr0.008,iter,2520,0.48730260133743286,323.8406026363373,,42.80461598216472
1u_s8.0_bs512_lr0.008,iter,2530,0.4859617054462433,324.45977997779846,,43.395969549485805
1u_s8.0_bs512_lr0.008,iter,2540,0.49058037996292114,325.0809473991394,,43.98938842561466
1u_s8.0_bs512_lr0.008,iter,2550,0.4844498038291931,325.7034215927124,,44.418842829378
1u_s8.0_bs512_lr0.008,iter,2560,0.4820670485496521,326.3231818675995,,44.90375414232897
1u_s8.0_bs512_lr0.008,iter,2570,0.4799196422100067,326.9497494697571,,45.19234917681948
1u_s8.0_bs512_lr0.008,iter,2580,0.4765877425670624,327.56997776031494,,45.49761363994111
1u_s8.0_bs512_lr0.008,iter,2590,0.47358083724975586,328.1959979534149,,45.790927117440674
1u_s8.0_bs512_lr0.008,iter,2600,0.47417253255844116,328.89769220352173,,43.07266370755526
1u_s8.0_bs512_lr0.008,iter,2610,0.4730680584907532,329.5218152999878,,43.611588265206926
1u_s8.0_bs512_lr0.008,iter,2620,0.4665682911872864,330.15036845207214,,44.033019336322916
1u_s8.0_bs512_lr0.008,iter,2630,0.4659046232700348,330.77587699890137,,44.42459569940315
1u_s8.0_bs512_lr0.008,iter,2640,0.4630025625228882,331.4006378650665,,44.80352865522782
1u_s8.0_bs512_lr0.008,iter,2650,0.4635491669178009,332.02524304389954,,45.23437346250216
1u_s8.0_bs512_lr0.008,iter,2660,0.46054819226264954,332.6471965312958,,45.612026859574655
1u_s8.0_bs512_lr0.008,iter,2670,0.4540371000766754,333.27153635025024,,45.794385037139946
1u_s8.0_bs512_lr0.008,iter,2680,0.4529118835926056,333.89841771125793,,46.06299776055983
1u_s8.0_bs512_lr0.008,iter,2690,0.45169275999069214,334.52443981170654,,46.23718500984186
1u_s8.0_bs512_lr0.008,iter,2700,0.4464551508426666,335.1542031764984,,43.44595138667522
1u_s8.0_bs512_lr0.008,iter,2710,0.4534010887145996,335.7801239490509,,43.93727553390067
1u_s8.0_bs512_lr0.008,iter,2720,0.4382065236568451,336.4033200740814,,44.41946689516879
1u_s8.0_bs512_lr0.008,iter,2730,0.4508182108402252,337.0277032852173,,44.89689154963353
1u_s8.0_bs512_lr0.008,iter,2740,0.44443586468696594,337.650319814682,,45.20189681824126
1u_s8.0_bs512_lr0.008,iter,2750,0.43666279315948486,353.5685360431671,,40.7009959640811
1u_s8.0_bs512_lr0.008,iter,2760,0.4433504045009613,354.1899662017822,,41.383671320172716
1u_s8.0_bs512_lr0.008,iter,2770,0.4343993365764618,354.81387066841125,,42.04926494986666
1u_s8.0_bs512_lr0.008,iter,2780,0.42992037534713745,355.44056153297424,,42.692634069755655
1u_s8.0_bs512_lr0.008,iter,2790,0.4397491216659546,356.0633113384247,,43.27484556191076
1u_s8.0_bs512_lr0.008,iter,2800,0.43932703137397766,356.6879143714905,,40.80525931907065
1u_s8.0_bs512_lr0.008,iter,2810,0.42754921317100525,357.3115622997284,,41.490261290936
1u_s8.0_bs512_lr0.008,iter,2820,0.42157453298568726,357.9395172595978,,42.217059004143884
1u_s8.0_bs512_lr0.008,iter,2830,0.4285087287425995,358.5639202594757,,45.95687533957945
1u_s8.0_bs512_lr0.008,iter,2840,0.41706496477127075,359.18962478637695,,46.078226934017124
1u_s8.0_bs512_lr0.008,iter,2850,0.4228622019290924,359.81524538993835,,46.20708243480424
1u_s8.0_bs512_lr0.008,iter,2860,0.4191303551197052,360.44392561912537,,46.38167544978655
1u_s8.0_bs512_lr0.008,iter,2870,0.42052003741264343,361.06454515457153,,46.60169365617485
1u_s8.0_bs512_lr0.008,iter,2880,0.41796863079071045,361.6883432865143,,46.70489170645405
1u_s8.0_bs512_lr0.008,iter,2890,0.411120742559433,362.31102418899536,,46.794179528427364
1u_s8.0_bs512_lr0.008,iter,2900,0.40393221378326416,362.92892122268677,,44.02816201835413
1u_s8.0_bs512_lr0.008,iter,2910,0.4026195704936981,363.5516662597656,,44.36500464588901
1u_s8.0_bs512_lr0.008,iter,2920,0.4080054461956024,364.1788902282715,,44.70475451375378
1u_s8.0_bs512_lr0.008,iter,2930,0.4042680263519287,364.80222630500793,,45.044486654918906
1u_s8.0_bs512_lr0.008,iter,2940,0.4173540771007538,365.42570996284485,,45.41303037596015
1u_s8.0_bs512_lr0.008,iter,2950,0.4077252149581909,366.04937267303467,,45.70051218187031
1u_s8.0_bs512_lr0.008,iter,2960,0.4039069712162018,366.6752061843872,,46.000397551888774
1u_s8.0_bs512_lr0.008,iter,2970,0.40414127707481384,367.30198884010315,,43.29853973837986
1u_s8.0_bs512_lr0.008,iter,2980,0.39794373512268066,367.9397506713867,,43.862601859205554
1u_s8.0_bs512_lr0.008,iter,2990,0.3959263265132904,368.5622160434723,,44.27261786688669
1u_s8.0_bs512_lr0.008,iter,3000,0.3917708694934845,384.03281259536743,,39.86522144214744
1u_s8.0_bs512_lr0.008,iter,3010,0.3954170048236847,384.65088391304016,,40.62281811944752
1u_s8.0_bs512_lr0.008,iter,3020,0.3943457305431366,385.27619075775146,,41.404436709363345
1u_s8.0_bs512_lr0.008,iter,3030,0.39291971921920776,385.8994998931885,,42.13596007148585
1u_s8.0_bs512_lr0.008,iter,3040,0.3904601037502289,386.5234696865082,,42.75549803778518
1u_s8.0_bs512_lr0.008,iter,3050,0.39239832758903503,387.1483066082001,,43.233084544186276
1u_s8.0_bs512_lr0.008,iter,3060,0.3826807141304016,387.7742211818695,,43.650153705428366
1u_s8.0_bs512_lr0.008,iter,3070,0.3884989619255066,388.3956027030945,,44.096030738794276
1u_s8.0_bs512_lr0.008,iter,3080,0.3875734806060791,389.0173890590668,,44.57498609975734
1u_s8.0_bs512_lr0.008,iter,3090,0.38641998171806335,389.64152550697327,,44.987386141859375
1u_s8.0_bs512_lr0.008,iter,3100,0.3784528970718384,390.2767834663391,,42.27763141306022
1u_s8.0_bs512_lr0.008,iter,3110,0.37690073251724243,390.89985060691833,,42.88440384695297
1u_s8.0_bs512_lr0.008,iter,3120,0.37878960371017456,391.5285122394562,,43.41204455037366
1u_s8.0_bs512_lr0.008,iter,3130,0.3723999559879303,392.1531958580017,,43.81897648618366
1u_s8.0_bs512_lr0.008,iter,3140,0.37246838212013245,392.7780990600586,,44.28244342472506
1u_s8.0_bs512_lr0.008,iter,3150,0.3728586435317993,393.40406370162964,,44.69504256727513
1u_s8.0_bs512_lr0.008,iter,3160,0.36542564630508423,394.02886056900024,,44.901754227822245
1u_s8.0_bs512_lr0.008,iter,3170,0.36631500720977783,394.65543699264526,,45.19287018915584
1u_s8.0_bs512_lr0.008,iter,3180,0.3648814558982849,395.27897024154663,,45.499311514119526
1u_s8.0_bs512_lr0.008,iter,3190,0.3633548319339752,395.9004466533661,,45.84009958355575
1u_s8.0_bs512_lr0.008,iter,3200,0.3607030510902405,396.62381410598755,,42.41831594111451
1u_s8.0_bs512_lr0.008,iter,3210,0.36443981528282166,397.24554920196533,,43.068562207277935
1u_s8.0_bs512_lr0.008,iter,3220,0.3614446520805359,397.8689339160919,,43.4859991642445
1u_s8.0_bs512_lr0.008,iter,3230,0.3541660010814667,398.49466252326965,,43.91721008999655
1u_s8.0_bs512_lr0.008,iter,3240,0.3603963255882263,399.11852955818176,,44.3773028478393
1u_s8.0_bs512_lr0.008,iter,3250,0.35819530487060547,415.08103251457214,,39.95880986169049
1u_s8.0_bs512_lr0.008,iter,3260,0.35370326042175293,415.705589056015,,40.74175319902712
1u_s8.0_bs512_lr0.008,iter,3270,0.3528357744216919,416.32788920402527,,41.450789849916184
1u_s8.0_bs512_lr0.008,iter,3280,0.3529220223426819,416.9505753517151,,42.106462124433605
1u_s8.0_bs512_lr0.008,iter,3290,0.3520820736885071,417.57470631599426,,42.773047203890854
1u_s8.0_bs512_lr0.008,iter,3300,0.35220393538475037,418.20253252983093,,40.35191694268157
1u_s8.0_bs512_lr0.008,iter,3310,0.34692737460136414,418.82032799720764,,41.27973937365229
1u_s8.0_bs512_lr0.008,iter,3320,0.34870055317878723,419.43965339660645,,41.96691915294694
1u_s8.0_bs512_lr0.008,iter,3330,0.34092631936073303,420.06829929351807,,42.51078458395141
1u_s8.0_bs512_lr0.008,iter,3340,0.3457433581352234,420.69275283813477,,43.054069613008025
1u_s8.0_bs512_lr0.008,iter,3350,0.3381369411945343,421.31261801719666,,43.60418823394694
1u_s8.0_bs512_lr0.008,iter,3360,0.3421716094017029,421.93638134002686,,44.084500444653536
1u_s8.0_bs512_lr0.008,iter,3370,0.3380465507507324,422.559193611145,,44.5549755121957
1u_s8.0_bs512_lr0.008,iter,3380,0.3395761549472809,423.17926383018494,,44.995041980776826
1u_s8.0_bs512_lr0.008,iter,3390,0.33449500799179077,423.7987916469574,,45.426627551229636
1u_s8.0_bs512_lr0.008,iter,3400,0.3337317407131195,424.42663502693176,,42.779398656230434
1u_s8.0_bs512_lr0.008,iter,3410,0.34208744764328003,425.0459015369415,,43.319005853917226
1u_s8.0_bs512_lr0.008,iter,3420,0.33525988459587097,425.67040610313416,,43.75214280569882
1u_s8.0_bs512_lr0.008,iter,3430,0.3343797028064728,426.29263257980347,,44.15053473584374
1u_s8.0_bs512_lr0.008,iter,3440,0.3305352032184601,426.91673707962036,,44.6403596306794
1u_s8.0_bs512_lr0.008,iter,3450,0.3285045027732849,427.5386679172516,,45.061005128616415
1u_s8.0_bs512_lr0.008,iter,3460,0.3276573419570923,428.15949869155884,,45.37276725877645
1u_s8.0_bs512_lr0.008,iter,3470,0.3287968933582306,428.7858102321625,,45.65313040947929
1u_s8.0_bs512_lr0.008,iter,3480,0.32655492424964905,429.40666794776917,,45.85789050201395
1u_s8.0_bs512_lr0.008,iter,3490,0.3279553949832916,430.02716064453125,,46.05264331119726
1u_s8.0_bs512_lr0.008,iter,3500,0.3216877281665802,445.75220942497253,,41.46691154992694
1u_s8.0_bs512_lr0.008,iter,3510,0.31915023922920227,446.37655806541443,,42.22390608776317
1u_s8.0_bs512_lr0.008,iter,3520,0.3188760280609131,446.99817180633545,,42.90508578237831
1u_s8.0_bs512_lr0.008,iter,3530,0.31897398829460144,447.6183066368103,,43.43831345334112
1u_s8.0_bs512_lr0.008,iter,3540,0.32270243763923645,448.2401444911957,,44.04164892976053
1u_s8.0_bs512_lr0.008,iter,3550,0.3177430331707001,448.8633029460907,,44.381584857605624
1u_s8.0_bs512_lr0.008,iter,3560,0.31807827949523926,449.48966884613037,,44.698551131882695
1u_s8.0_bs512_lr0.008,iter,3570,0.31073200702667236,450.11108326911926,,45.0010996674318
1u_s8.0_bs512_lr0.008,iter,3580,0.31315290927886963,450.75787138938904,,47.75568235110729
1u_s8.0_bs512_lr0.008,iter,3590,0.30858421325683594,451.38579869270325,,47.8572502843557
1u_s8.0_bs512_lr0.008,iter,3600,0.3152165710926056,452.01060819625854,,44.91919373460944
1u_s8.0_bs512_lr0.008,iter,3610,0.31049835681915283,452.6374249458313,,45.21711962913576
1u_s8.0_bs512_lr0.008,iter,3620,0.31262481212615967,453.263955116272,,45.50539319964524
1u_s8.0_bs512_lr0.008,iter,3630,0.3067457377910614,453.89229679107666,,45.78257596429908
1u_s8.0_bs512_lr0.008,iter,3640,0.30669665336608887,454.5179007053375,,46.1257809684543
1u_s8.0_bs512_lr0.008,iter,3650,0.3082856833934784,455.14231061935425,,46.34570171994577
1u_s8.0_bs512_lr0.008,iter,3660,0.30273041129112244,455.7694787979126,,46.44119752330455
1u_s8.0_bs512_lr0.008,iter,3670,0.3068184554576874,456.3937201499939,,46.67442321602253
1u_s8.0_bs512_lr0.008,iter,3680,0.3051180839538574,457.017240524292,,46.83970388549962
1u_s8.0_bs512_lr0.008,iter,3690,0.30458542704582214,457.63843870162964,,47.045305159995266
1u_s8.0_bs512_lr0.008,iter,3700,0.30443933606147766,458.26720571517944,,44.245227739361866
1u_s8.0_bs512_lr0.008,iter,3710,0.30105119943618774,458.8905966281891,,44.59733848250089
1u_s8.0_bs512_lr0.008,iter,3720,0.29831990599632263,459.51778626441956,,44.96913243758044
1u_s8.0_bs512_lr0.008,iter,3730,0.2948524057865143,460.2158968448639,,45.313699999430334
1u_s8.0_bs512_lr0.008,iter,3740,0.29559090733528137,460.8387792110443,,45.59687184660491
1u_s8.0_bs512_lr0.008,iter,3750,0.29268521070480347,476.3648805618286,,41.056982206612965
1u_s8.0_bs512_lr0.008,iter,3760,0.29172050952911377,476.9853825569153,,41.592608987544374
1u_s8.0_bs512_lr0.008,iter,3770,0.29106393456459045,477.61358761787415,,42.310712559882525
1u_s8.0_bs512_lr0.008,iter,3780,0.2939366400241852,478.23632311820984,,42.94872447215846
1u_s8.0_bs512_lr0.008,iter,3790,0.29037436842918396,478.8645181655884,,43.49589531161975
1u_s8.0_bs512_lr0.008,iter,3800,0.2975147068500519,479.48542308807373,,41.04052209889784
1u_s8.0_bs512_lr0.008,iter,3810,0.2854146361351013,480.1100971698761,,41.7631855808447
1u_s8.0_bs512_lr0.008,iter,3820,0.2917281687259674,480.7372167110443,,42.40305941945622
1u_s8.0_bs512_lr0.008,iter,3830,0.2890813648700714,481.35841488838196,,42.95432421391865
1u_s8.0_bs512_lr0.008,iter,3840,0.28786733746528625,481.98558282852173,,43.38017013955108
1u_s8.0_bs512_lr0.008,iter,3850,0.28932735323905945,482.61145281791687,,43.8931574536465
1u_s8.0_bs512_lr0.008,iter,3860,0.2842060327529907,483.23626470565796,,44.340135106014614
1u_s8.0_bs512_lr0.008,iter,3870,0.2832053005695343,483.8604202270508,,44.752951253310144
1u_s8.0_bs512_lr0.008,iter,3880,0.2844068109989166,484.4847640991211,,45.015572805492454
1u_s8.0_bs512_lr0.008,iter,3890,0.28225013613700867,485.1110453605652,,45.3227061220274
1u_s8.0_bs512_lr0.008,iter,3900,0.27928027510643005,485.74185371398926,,42.64057284326807
1u_s8.0_bs512_lr0.008,iter,3910,0.2812497019767761,486.3671658039093,,43.12539134669021
1u_s8.0_bs512_lr0.008,iter,3920,0.282446026802063,486.9913275241852,,43.64533238273472
1u_s8.0_bs512_lr0.008,iter,3930,0.27823561429977417,487.6149275302887,,44.09806778941483
1u_s8.0_bs512_lr0.008,iter,3940,0.27497103810310364,488.24244356155396,,44.54571067880948
1u_s8.0_bs512_lr0.008,iter,3950,0.27505314350128174,488.8673574924469,,44.88443705935253
1u_s8.0_bs512_lr0.008,iter,3960,0.2742356061935425,489.4911353588104,,45.22416285843944
1u_s8.0_bs512_lr0.008,iter,3970,0.27361541986465454,490.2004327774048,,45.48545265794981
1u_s8.0_bs512_lr0.008,iter,3980,0.2680913507938385,490.8273208141327,,45.70014778153305
1u_s8.0_bs512_lr0.008,iter,3990,0.27102628350257874,491.45173358917236,,45.970151969616815
1u_s8.0_bs512_lr0.008,iter,4000,0.2730049192905426,506.9816586971283,,41.39292936722946
1u_s8.0_bs512_lr0.008,iter,4010,0.26950621604919434,507.59789299964905,,42.14985226174763
1u_s8.0_bs512_lr0.008,iter,4020,0.27379485964775085,508.22334480285645,,42.72084369944162
1u_s8.0_bs512_lr0.008,iter,4030,0.2735477685928345,508.8460342884064,,43.23070902670113
1u_s8.0_bs512_lr0.008,iter,4040,0.26623520255088806,509.4700951576233,,43.72713501731996
1u_s8.0_bs512_lr0.008,iter,4050,0.27015969157218933,510.092572927475,,44.21630993645477
1u_s8.0_bs512_lr0.008,iter,4060,0.2696073353290558,510.7171742916107,,44.60859054150431
1u_s8.0_bs512_lr0.008,iter,4070,0.26628848910331726,511.34476137161255,,44.964387725186455
1u_s8.0_bs512_lr0.008,iter,4080,0.2652215361595154,511.9661021232605,,45.25112432644145
1u_s8.0_bs512_lr0.008,iter,4090,0.2663314640522003,512.5909976959229,,45.531782196019144
1u_s8.0_bs512_lr0.008,iter,4100,0.2620078921318054,513.2153420448303,,42.922094251373174
1u_s8.0_bs512_lr0.008,iter,4110,0.2647090256214142,513.8937125205994,,43.472415702236766
1u_s8.0_bs512_lr0.008,iter,4120,0.26012343168258667,514.5160143375397,,44.00619435589379
1u_s8.0_bs512_lr0.008,iter,4130,0.26210257411003113,515.1428782939911,,44.42852967522183
1u_s8.0_bs512_lr0.008,iter,4140,0.2607029378414154,515.7664721012115,,44.71096973202327
1u_s8.0_bs512_lr0.008,iter,4150,0.2609909176826477,516.391960144043,,45.02550137164339
1u_s8.0_bs512_lr0.008,iter,4160,0.25910934805870056,517.0152084827423,,45.41815108229284
1u_s8.0_bs512_lr0.008,iter,4170,0.25542834401130676,517.637540102005,,45.79843792441039
1u_s8.0_bs512_lr0.008,iter,4180,0.25654521584510803,518.2644693851471,,45.98484869032231
1u_s8.0_bs512_lr0.008,iter,4190,0.2579614818096161,518.8891754150391,,46.049360433192454
1u_s8.0_bs512_lr0.008,iter,4200,0.2571874260902405,519.5175313949585,,43.34134208837177
1u_s8.0_bs512_lr0.008,iter,4210,0.25660189986228943,520.1434783935547,,43.83645899298955
1u_s8.0_bs512_lr0.008,iter,4220,0.25715598464012146,520.7672913074493,,44.081217845038246
1u_s8.0_bs512_lr0.008,iter,4230,0.25365015864372253,521.3927190303802,,44.444516245500466
1u_s8.0_bs512_lr0.008,iter,4240,0.25338470935821533,522.0211145877838,,44.83993370485654
1u_s8.0_bs512_lr0.008,iter,4250,0.2540024220943451,537.922285079956,,40.375249497472055
1u_s8.0_bs512_lr0.008,iter,4260,0.25279900431632996,538.548394203186,,41.0252306756615
1u_s8.0_bs512_lr0.008,iter,4270,0.25021061301231384,539.1743433475494,,41.71600505651935
1u_s8.0_bs512_lr0.008,iter,4280,0.25415679812431335,539.8027765750885,,42.34471345693982
1u_s8.0_bs512_lr0.008,iter,4290,0.2517249882221222,540.4262225627899,,42.84408679546136
1u_s8.0_bs512_lr0.008,iter,4300,0.2517537474632263,541.0612494945526,,40.36930616458774
1u_s8.0_bs512_lr0.008,iter,4310,0.2478465437889099,541.6861605644226,,41.030114290615636
1u_s8.0_bs512_lr0.008,iter,4320,0.2539130747318268,542.3129184246063,,41.69916043051783
1u_s8.0_bs512_lr0.008,iter,4330,0.2488303929567337,542.934732913971,,42.40314856170116
1u_s8.0_bs512_lr0.008,iter,4340,0.24688825011253357,543.5557284355164,,44.0294249525882
1u_s8.0_bs512_lr0.008,iter,4350,0.2482559233903885,544.1829006671906,,44.407993259000776
1u_s8.0_bs512_lr0.008,iter,4360,0.24577994644641876,544.8098526000977,,44.76413257291538
1u_s8.0_bs512_lr0.008,iter,4370,0.24605077505111694,545.436371088028,,45.17849592850192
1u_s8.0_bs512_lr0.008,iter,4380,0.245292529463768,546.0602588653564,,45.59082223726666
1u_s8.0_bs512_lr0.008,iter,4390,0.24271328747272491,546.6832933425903,,45.842743486314916
1u_s8.0_bs512_lr0.008,iter,4400,0.2413608878850937,547.3154654502869,,43.11876962574564
1u_s8.0_bs512_lr0.008,iter,4410,0.24480222165584564,547.9459261894226,,43.54107790659434
1u_s8.0_bs512_lr0.008,iter,4420,0.2422502636909485,548.5730695724487,,44.066085618333084
1u_s8.0_bs512_lr0.008,iter,4430,0.24003998935222626,549.2001700401306,,44.52015582200259
1u_s8.0_bs512_lr0.008,iter,4440,0.2437887042760849,549.8221349716187,,44.899164000588456
1u_s8.0_bs512_lr0.008,iter,4450,0.24548457562923431,550.4455969333649,,45.17615633750135
1u_s8.0_bs512_lr0.008,iter,4460,0.24266010522842407,551.0709488391876,,45.48445530877914
1u_s8.0_bs512_lr0.008,iter,4470,0.24238221347332,551.6939494609833,,45.75236914711461
1u_s8.0_bs512_lr0.008,iter,4480,0.24030321836471558,552.3163917064667,,46.08424361726661
1u_s8.0_bs512_lr0.008,iter,4490,0.2394535094499588,552.9969830513,,46.30102614468504
1u_s8.0_bs512_lr0.008,iter,4500,0.2374890297651291,568.2993490695953,,41.69101926546518
1u_s8.0_bs512_lr0.008,iter,4510,0.24196721613407135,568.9225497245789,,42.3307004083324
1u_s8.0_bs512_lr0.008,iter,4520,0.24117645621299744,569.545990228653,,42.869487597429256
1u_s8.0_bs512_lr0.008,iter,4530,0.23462991416454315,570.1680507659912,,43.36090657747681
1u_s8.0_bs512_lr0.008,iter,4540,0.23763881623744965,570.7944693565369,,43.89446800138243
1u_s8.0_bs512_lr0.008,iter,4550,0.2346838414669037,571.416403055191,,44.361772740556624
1u_s8.0_bs512_lr0.008,iter,4560,0.24060294032096863,572.0392017364502,,44.880663450732214
1u_s8.0_bs512_lr0.008,iter,4570,0.2374383956193924,572.6611046791077,,45.276706136347066
1u_s8.0_bs512_lr0.008,iter,4580,0.23473307490348816,573.2825405597687,,45.55371624441923
1u_s8.0_bs512_lr0.008,iter,4590,0.23700764775276184,573.9070947170258,,45.74942192710043
1u_s8.0_bs512_lr0.008,iter,4600,0.23453612625598907,574.5361974239349,,43.05854034586013
1u_s8.0_bs512_lr0.008,iter,4610,0.2347196489572525,575.1632454395294,,43.57681340259697
1u_s8.0_bs512_lr0.008,iter,4620,0.23607686161994934,575.787430524826,,43.920067722967175
1u_s8.0_bs512_lr0.008,iter,4630,0.2378607988357544,576.4127192497253,,44.32441074037149
1u_s8.0_bs512_lr0.008,iter,4640,0.23639479279518127,577.035971403122,,44.71395720766393
1u_s8.0_bs512_lr0.008,iter,4650,0.232444167137146,577.6631791591644,,45.02014410675216
1u_s8.0_bs512_lr0.008,iter,4660,0.23713721334934235,578.2867217063904,,45.289185738055615
1u_s8.0_bs512_lr0.008,iter,4670,0.23345626890659332,578.9116635322571,,45.559046892934695
1u_s8.0_bs512_lr0.008,iter,4680,0.2352573126554489,579.5350787639618,,45.91304771991071
1u_s8.0_bs512_lr0.008,iter,4690,0.23143422603607178,580.1614627838135,,46.14031115393652
1u_s8.0_bs512_lr0.008,iter,4700,0.23229962587356567,580.7912204265594,,43.39115319152517
1u_s8.0_bs512_lr0.008,iter,4710,0.23184964060783386,581.414986371994,,46.39126022683791
1u_s8.0_bs512_lr0.008,iter,4720,0.231930673122406,582.042961359024,,46.47849896246778
1u_s8.0_bs512_lr0.008,iter,4730,0.23270027339458466,582.6692981719971,,46.64026454667221
1u_s8.0_bs512_lr0.008,iter,4740,0.2319539338350296,583.29265666008,,46.874621485327864
1u_s8.0_bs512_lr0.008,iter,4750,0.23385371267795563,598.960851430893,,42.206768869533306
1u_s8.0_bs512_lr0.008,iter,4760,0.23662008345127106,599.583667755127,,42.728843140576146
1u_s8.0_bs512_lr0.008,iter,4770,0.23259849846363068,600.2058482170105,,43.19215257303
1u_s8.0_bs512_lr0.008,iter,4780,0.2312966287136078,600.8285894393921,,43.69667356492764
1u_s8.0_bs512_lr0.008,iter,4790,0.2315569818019867,601.4484226703644,,44.14221555731055
1u_s8.0_bs512_lr0.008,iter,4800,0.23226170241832733,602.07665848732,,41.618841535903364
1u_s8.0_bs512_lr0.008,iter,4810,0.23054225742816925,602.6979093551636,,42.33169766173654
1u_s8.0_bs512_lr0.008,iter,4820,0.22943009436130524,603.3220670223236,,42.896184391971524
1u_s8.0_bs512_lr0.008,iter,4830,0.23107409477233887,603.9448170661926,,43.36831882158921
1u_s8.0_bs512_lr0.008,iter,4840,0.22700875997543335,604.5647225379944,,43.81724377569581
1u_s8.0_bs512_lr0.008,iter,4850,0.23020468652248383,605.1877543926239,,44.230232208376854
1u_s8.0_bs512_lr0.008,iter,4860,0.22836850583553314,605.8717751502991,,44.65067781137482
1u_s8.0_bs512_lr0.008,iter,4870,0.22642958164215088,606.494476556778,,45.05420024774601
1u_s8.0_bs512_lr0.008,iter,4880,0.22767230868339539,607.114265203476,,45.482574687984126
1u_s8.0_bs512_lr0.008,iter,4890,0.23104402422904968,607.733405828476,,45.7740176965651
1u_s8.0_bs512_lr0.008,iter,4900,0.23064976930618286,608.3564262390137,,43.09718695607124
1u_s8.0_bs512_lr0.008,iter,4910,0.23245853185653687,608.9785923957825,,43.64316355368944
1u_s8.0_bs512_lr0.008,iter,4920,0.23032636940479279,609.6000621318817,,44.11600127299129
1u_s8.0_bs512_lr0.008,iter,4930,0.22658315300941467,610.2216770648956,,44.42307806072113
1u_s8.0_bs512_lr0.008,iter,4940,0.2300548106431961,610.844110250473,,44.72005180847002
1u_s8.0_bs512_lr0.008,iter,4950,0.2268548607826233,611.4679133892059,,45.07836117333732
1u_s8.0_bs512_lr0.008,iter,4960,0.22846151888370514,612.0917530059814,,45.48043057227307
1u_s8.0_bs512_lr0.008,iter,4970,0.23094694316387177,612.7124953269958,,45.73332311254936
1u_s8.0_bs512_lr0.008,iter,4980,0.22937999665737152,613.333575963974,,46.04782302906846
1u_s8.0_bs512_lr0.008,iter,4990,0.23006242513656616,613.9589929580688,,46.34006197591313
1u_s8.0_bs512_lr0.008,iter,5000,0.2254800796508789,629.3313446044922,,41.72605590084393
1u_s8.0_bs512_lr0.008,train_step,0,4.287337303161621,14.582946300506592,,
1u_s8.0_bs512_lr0.008,train_step,250,1.9657526016235352,45.62663149833679,,
1u_s8.0_bs512_lr0.008,train_step,500,1.455344557762146,76.69972825050354,,
1u_s8.0_bs512_lr0.008,train_step,750,1.1794036626815796,107.66106271743774,,
1u_s8.0_bs512_lr0.008,train_step,1000,0.9840346574783325,138.47687244415283,,
1u_s8.0_bs512_lr0.008,train_step,1250,0.7967954277992249,169.40966534614563,,
1u_s8.0_bs512_lr0.008,train_step,1500,0.6273811459541321,199.86608719825745,,
1u_s8.0_bs512_lr0.008,train_step,1750,0.4846338629722595,230.69560146331787,,
1u_s8.0_bs512_lr0.008,train_step,2000,0.3639569878578186,261.2962465286255,,
1u_s8.0_bs512_lr0.008,train_step,2250,0.2757587134838104,291.8822212219238,,
1u_s8.0_bs512_lr0.008,train_step,2500,0.2126510739326477,322.5304276943207,,
1u_s8.0_bs512_lr0.008,train_step,2750,0.16934403777122498,353.49898743629456,,
1u_s8.0_bs512_lr0.008,train_step,3000,0.1424921154975891,383.96443033218384,,
1u_s8.0_bs512_lr0.008,train_step,3250,0.1232600137591362,415.0140323638916,,
1u_s8.0_bs512_lr0.008,train_step,3500,0.10957122594118118,445.6849148273468,,
1u_s8.0_bs512_lr0.008,train_step,3750,0.10211501270532608,476.2963969707489,,
1u_s8.0_bs512_lr0.008,train_step,4000,0.09577155113220215,506.9150855541229,,
1u_s8.0_bs512_lr0.008,train_step,4250,0.09164327383041382,537.8531920909882,,
1u_s8.0_bs512_lr0.008,train_step,4500,0.08934985846281052,568.2315528392792,,
1u_s8.0_bs512_lr0.008,train_step,4750,0.08776721358299255,598.8932285308838,,
1u_s8.0_bs512_lr0.008,train_step,5000,0.08726182579994202,629.2642619609833,,
1u_s8.0_bs512_lr0.008,val_step,0,4.282087326049805,14.582946300506592,,
1u_s8.0_bs512_lr0.008,val_step,250,2.073485851287842,45.62663149833679,,
1u_s8.0_bs512_lr0.008,val_step,500,1.6768794059753418,76.69972825050354,,
1u_s8.0_bs512_lr0.008,val_step,750,1.4782580137252808,107.66106271743774,,
1u_s8.0_bs512_lr0.008,val_step,1000,1.4899210929870605,138.47687244415283,,
1u_s8.0_bs512_lr0.008,val_step,1250,1.5887643098831177,169.40966534614563,,
1u_s8.0_bs512_lr0.008,val_step,1500,1.7071081399917603,199.86608719825745,,
1u_s8.0_bs512_lr0.008,val_step,1750,1.844547152519226,230.69560146331787,,
1u_s8.0_bs512_lr0.008,val_step,2000,1.9797991514205933,261.2962465286255,,
1u_s8.0_bs512_lr0.008,val_step,2250,2.1326169967651367,291.8822212219238,,
1u_s8.0_bs512_lr0.008,val_step,2500,2.2543838024139404,322.5304276943207,,
1u_s8.0_bs512_lr0.008,val_step,2750,2.4063477516174316,353.49898743629456,,
1u_s8.0_bs512_lr0.008,val_step,3000,2.4957239627838135,383.96443033218384,,
1u_s8.0_bs512_lr0.008,val_step,3250,2.6022768020629883,415.0140323638916,,
1u_s8.0_bs512_lr0.008,val_step,3500,2.727883815765381,445.6849148273468,,
1u_s8.0_bs512_lr0.008,val_step,3750,2.8116097450256348,476.2963969707489,,
1u_s8.0_bs512_lr0.008,val_step,4000,2.907468318939209,506.9150855541229,,
1u_s8.0_bs512_lr0.008,val_step,4250,2.996638298034668,537.8531920909882,,
1u_s8.0_bs512_lr0.008,val_step,4500,3.0505526065826416,568.2315528392792,,
1u_s8.0_bs512_lr0.008,val_step,4750,3.0890755653381348,598.8932285308838,,
1u_s8.0_bs512_lr0.008,val_step,5000,3.108186721801758,629.2642619609833,,
